productId,name,cleanName,imageUrl,categoryId,groupId,url,modifiedOn,imageCount,extCardText,lowPrice,midPrice,highPrice,marketPrice,directLowPrice,subTypeName,extNumber,extRarity,extCardType,extHP,extStage,extAttack1,extAttack2,extWeakness,extRetreatCost
265253,Pokemon TCG: Battle Academy 2022,Pokemon TCG Battle Academy 2022,https://tcgplayer-cdn.tcgplayer.com/product/265253_200w.jpg,3,3051,https://cpt.tcgcsv.com/5783,2022-07-12T12:57:29.827,1,"Join the Pokémon Trainers at the Battle Academy!
Prepare for a Pokémon battle with the read-to-play Pokémon Trading Card Game Battle Academy! The Battle Academy includes everything two players need to play, with guides to the decks so your first game is easy to follow.
<br>You can choose Cinderace or Pikachu to lead your team in a heads-up battle against another Trainer. Then, switch up the decks to play Eevee against Cinderace or Pikachu, and lead a different team of Pokémon into the arena! With a little strategy and a little luck, you can battle with the best!
<br><br>
The Pokémon TCG Battle Academy includes:
<br>• 3 complete Pokémon TCG decks (60 cards each)
<br>• Each deck includes a powerful special Pokémon: Cinderace V, Pikachu V, or Eevee V
<br>• 2 tutorial guides to play right away
<br>• 1 two-player game board
<br>• 3 deck boxes to keep the cards organized
<br>• 1 rulebook
<br>• 1 large metallic coin
<br>• 1 set of damage counters
<br>• A code card for the Pokémon Trading Card Game Online",5.0,15.48,35.94,13.56,,Normal,,,,,,,,,
268077,Sizzlipede - 046/264 (#1 Cinderace Stamped),Sizzlipede 046 264 1 Cinderace Stamped,https://tcgplayer-cdn.tcgplayer.com/product/268077_200w.jpg,3,3051,https://cpt.tcgcsv.com/zf93,2023-05-08T16:05:10.387,1,,0.03,0.21,0.99,0.16,,Normal,046/264,Promo,Fire,80,Basic,[R] Gnaw (10),[1R] Ember (20),Wx2,2
268078,Sizzlipede - 046/264 (#14 Cinderace Stamped),Sizzlipede 046 264 14 Cinderace Stamped,https://tcgplayer-cdn.tcgplayer.com/product/268078_200w.jpg,3,3051,https://cpt.tcgcsv.com/Bf93,2023-05-08T16:01:48.643,1,,0.03,0.13,0.99,0.12,,Normal,046/264,Promo,Fire,80,Basic,[R] Gnaw (10),[1R] Ember (20),Wx2,2
268079,Sizzlipede - 046/264 (#17 Cinderace Stamped),Sizzlipede 046 264 17 Cinderace Stamped,https://tcgplayer-cdn.tcgplayer.com/product/268079_200w.jpg,3,3051,https://cpt.tcgcsv.com/Cf93,2023-05-08T16:05:26.64,1,,0.03,0.24,0.99,0.19,,Normal,046/264,Promo,Fire,80,Basic,[R] Gnaw (10),[1R] Ember (20),Wx2,1
268080,Sizzlipede - 046/264 (#56 Cinderace Stamped),Sizzlipede 046 264 56 Cinderace Stamped,https://tcgplayer-cdn.tcgplayer.com/product/268080_200w.jpg,3,3051,https://cpt.tcgcsv.com/Df93,2023-05-08T16:06:02.287,1,,0.05,0.18,0.99,0.11,,Normal,046/264,Promo,Fire,80,Basic,[R] Gnaw (10),[1R] Ember (20),Wx2,1
268081,Bug Catcher - 226/264 (#34 Cinderace Stamped),Bug Catcher 226 264 34 Cinderace Stamped,https://tcgplayer-cdn.tcgplayer.com/product/268081_200w.jpg,3,3051,https://cpt.tcgcsv.com/Ff93,2023-05-08T15:29:19.147,1,"Draw 2 cards. Flip a coin. If heads, draw 2 more cards.<br><br> You may play only 1 Supporter card during your turn <em>(before your attack)</em>.",0.02,0.15,0.49,0.14,,Normal,226/164,Promo,Supporter,,,,,,
268082,Bug Catcher - 226/264 (#47 Cinderace Stamped),Bug Catcher 226 264 47 Cinderace Stamped,https://tcgplayer-cdn.tcgplayer.com/product/268082_200w.jpg,3,3051,https://cpt.tcgcsv.com/Gf93,2023-05-08T15:31:29.737,1,"Draw 2 cards. Flip a coin. If heads, draw 2 more cards.<br><br> You may play only 1 Supporter card during your turn <em>(before your attack)</em>.",0.04,0.2,0.99,0.11,,Normal,226/264,Promo,Supporter,,,,,,
268083,Centiskorch - 049/264 (#15 Cinderace Stamped),Centiskorch 049 264 15 Cinderace Stamped,https://tcgplayer-cdn.tcgplayer.com/product/268083_200w.jpg,3,3051,https://cpt.tcgcsv.com/Hf93,2023-05-08T15:24:59.36,1,,0.04,0.2,0.99,0.2,,Normal,049/264,Promo,Fire,130,Stage 1,[R] Steady Firebreathing (30),[1RR] Heat Blast (100),Wx2,3
268084,Centiskorch - 049/264 (#30 Cinderace Stamped),Centiskorch 049 264 30 Cinderace Stamped,https://tcgplayer-cdn.tcgplayer.com/product/268084_200w.jpg,3,3051,https://cpt.tcgcsv.com/Jf93,2023-05-08T15:23:41.32,1,,0.06,0.19,0.79,0.17,,Normal,049/264,Promo,Fire,130,Stage 1,[R] Steady Firebreathing (30),[1RR] Heat Blast (100),Wx2,3
268085,Centiskorch - 049/264 (#51 Cinderace Stamped),Centiskorch 049 264 51 Cinderace Stamped,https://tcgplayer-cdn.tcgplayer.com/product/268085_200w.jpg,3,3051,https://cpt.tcgcsv.com/Kf93,2023-05-08T15:19:33.493,1,,0.06,0.16,0.99,0.16,,Normal,049/264,Promo,Fire,130,Stage 1,[R] Steady Firebreathing (30),[1RR] Heat Blast (100),Wx2,3
268087,Cinderace V - 043/264 (#60 Cinderace Stamped),Cinderace V 043 264 60 Cinderace Stamped,https://tcgplayer-cdn.tcgplayer.com/product/268087_200w.jpg,3,3051,https://cpt.tcgcsv.com/Mf93,2025-05-04T08:45:49.4,1,"<em>V rule — When your Pokémon V is Knocked Out, your opponent takes 2 Prize cards.</em>",0.25,0.76,3.03,0.59,,Holofoil,043/264,Promo,Fire,220,Basic,"[1RR] Blaze Kick (210)
<br>
Discard 2 Fire Energy from this Pokémon.",,Wx2,2
268091,Energy Retrieval - 160/202 (#25 Cinderace Stamped),Energy Retrieval 160 202 25 Cinderace Stamped,https://tcgplayer-cdn.tcgplayer.com/product/268091_200w.jpg,3,3051,https://cpt.tcgcsv.com/Rf93,2023-05-08T15:21:44.16,1,Put up to 2 basic Energy cards from your discard pile into your hand.<br><br> You may play as many Item cards as you like during your turn <em>(before your attack)</em>.,0.02,0.17,1.0,0.15,,Normal,160/202,Promo,Item,,,,,,
268092,Energy Retrieval - 160/202 (#37 Cinderace Stamped),Energy Retrieval 160 202 37 Cinderace Stamped,https://tcgplayer-cdn.tcgplayer.com/product/268092_200w.jpg,3,3051,https://cpt.tcgcsv.com/Sf93,2023-05-08T15:21:17.917,1,Put up to 2 basic Energy cards from your discard pile into your hand.<br><br> You may play as many Item cards as you like during your turn <em>(before your attack)</em>.,0.04,0.16,1.17,0.14,,Normal,160/202,Promo,Item,,,,,,
268093,Fire Energy (#2 Cinderace Stamped),Fire Energy 2 Cinderace Stamped,https://tcgplayer-cdn.tcgplayer.com/product/268093_200w.jpg,3,3051,https://cpt.tcgcsv.com/Tf93,2023-05-08T15:20:45.223,1,,0.03,0.11,1.36,,,Normal,,Promo,Basic Fire Energy,,,,,,
268094,Fire Energy (#3 Cinderace Stamped),Fire Energy 3 Cinderace Stamped,https://tcgplayer-cdn.tcgplayer.com/product/268094_200w.jpg,3,3051,https://cpt.tcgcsv.com/Vf93,2023-05-08T15:12:47.82,1,,0.04,0.12,1.38,,,Normal,,Promo,Basic Fire Energy,,,,,,
268095,Fire Energy (#5 Cinderace Stamped),Fire Energy 5 Cinderace Stamped,https://tcgplayer-cdn.tcgplayer.com/product/268095_200w.jpg,3,3051,https://cpt.tcgcsv.com/Wf93,2023-05-08T15:10:17.173,1,,0.04,0.11,1.35,,,Normal,,Promo,Basic Fire Energy,,,,,,
268096,Fire Energy (#6 Cinderace Stamped),Fire Energy 6 Cinderace Stamped,https://tcgplayer-cdn.tcgplayer.com/product/268096_200w.jpg,3,3051,https://cpt.tcgcsv.com/Xf93,2023-05-08T14:58:10.747,1,,0.05,0.12,1.48,,,Normal,,Promo,Basic Fire Energy,,,,,,
268097,Fire Energy (#8 Cinderace Stamped),Fire Energy 8 Cinderace Stamped,https://tcgplayer-cdn.tcgplayer.com/product/268097_200w.jpg,3,3051,https://cpt.tcgcsv.com/Zf93,2023-05-08T15:11:39.79,1,,0.05,0.14,1.48,,,Normal,,Promo,Basic Fire Energy,,,,,,
268098,Fire Energy (#9 Cinderace Stamped),Fire Energy 9 Cinderace Stamped,https://tcgplayer-cdn.tcgplayer.com/product/268098_200w.jpg,3,3051,https://cpt.tcgcsv.com/-f93,2023-05-08T15:07:50.423,1,,0.05,0.15,1.36,0.09,,Normal,,Promo,Basic Fire Energy,,,,,,
268099,Fire Energy (#10 Cinderace Stamped),Fire Energy 10 Cinderace Stamped,https://tcgplayer-cdn.tcgplayer.com/product/268099_200w.jpg,3,3051,https://cpt.tcgcsv.com/_f93,2023-05-08T15:20:58.457,1,,0.04,0.14,1.35,,,Normal,,Promo,Basic Fire Energy,,,,,,
268100,Fire Energy (#11 Cinderace Stamped),Fire Energy 11 Cinderace Stamped,https://tcgplayer-cdn.tcgplayer.com/product/268100_200w.jpg,3,3051,https://cpt.tcgcsv.com/0g93,2023-05-08T15:18:26.913,1,,0.04,0.1,0.4,0.06,,Normal,,Promo,Basic Fire Energy,,,,,,
268101,Fire Energy (#12 Cinderace Stamped),Fire Energy 12 Cinderace Stamped,https://tcgplayer-cdn.tcgplayer.com/product/268101_200w.jpg,3,3051,https://cpt.tcgcsv.com/2g93,2023-05-08T15:16:27.153,1,,0.04,0.12,1.35,,,Normal,,Promo,Basic Fire Energy,,,,,,
268102,Fire Energy (#16 Cinderace Stamped),Fire Energy 16 Cinderace Stamped,https://tcgplayer-cdn.tcgplayer.com/product/268102_200w.jpg,3,3051,https://cpt.tcgcsv.com/3g93,2023-05-08T15:13:43.033,1,,0.03,0.12,1.4,0.1,,Normal,,Promo,Basic Fire Energy,,,,,,
268103,Fire Energy (#20 Cinderace Stamped),Fire Energy 20 Cinderace Stamped,https://tcgplayer-cdn.tcgplayer.com/product/268103_200w.jpg,3,3051,https://cpt.tcgcsv.com/5g93,2023-05-08T15:13:28.653,1,,0.04,0.14,1.39,0.07,,Normal,,Promo,Basic Fire Energy,,,,,,
268104,Fire Energy (#22 Cinderace Stamped),Fire Energy 22 Cinderace Stamped,https://tcgplayer-cdn.tcgplayer.com/product/268104_200w.jpg,3,3051,https://cpt.tcgcsv.com/6g93,2023-05-08T15:13:14.42,1,,0.04,0.15,0.4,0.15,,Normal,,Promo,Basic Fire Energy,,,,,,
268105,Fire Energy (#24 Cinderace Stamped),Fire Energy 24 Cinderace Stamped,https://tcgplayer-cdn.tcgplayer.com/product/268105_200w.jpg,3,3051,https://cpt.tcgcsv.com/7g93,2023-05-08T15:13:00.993,1,,0.04,0.12,1.41,,,Normal,,Promo,Basic Fire Energy,,,,,,
268106,Fire Energy (#26 Cinderace Stamped),Fire Energy 26 Cinderace Stamped,https://tcgplayer-cdn.tcgplayer.com/product/268106_200w.jpg,3,3051,https://cpt.tcgcsv.com/8g93,2023-05-08T15:12:34.887,1,,0.04,0.14,1.41,,,Normal,,Promo,Basic Fire Energy,,,,,,
268107,Fire Energy (#29 Cinderace Stamped),Fire Energy 29 Cinderace Stamped,https://tcgplayer-cdn.tcgplayer.com/product/268107_200w.jpg,3,3051,https://cpt.tcgcsv.com/9g93,2023-05-08T15:11:59.29,1,,0.04,0.11,1.35,,,Normal,,Promo,Basic Fire Energy,,,,,,
268108,Fire Energy (#32 Cinderace Stamped),Fire Energy 32 Cinderace Stamped,https://tcgplayer-cdn.tcgplayer.com/product/268108_200w.jpg,3,3051,https://cpt.tcgcsv.com/bg93,2023-05-08T15:08:29.263,1,,0.05,0.12,1.41,,,Normal,,Promo,Basic Fire Energy,,,,,,
268109,Fire Energy (#35 Cinderace Stamped),Fire Energy 35 Cinderace Stamped,https://tcgplayer-cdn.tcgplayer.com/product/268109_200w.jpg,3,3051,https://cpt.tcgcsv.com/cg93,2023-05-08T15:08:55.21,1,,0.04,0.1,1.35,,,Normal,,Promo,Basic Fire Energy,,,,,,
268110,Fire Energy (#38 Cinderace Stamped),Fire Energy 38 Cinderace Stamped,https://tcgplayer-cdn.tcgplayer.com/product/268110_200w.jpg,3,3051,https://cpt.tcgcsv.com/dg93,2023-05-08T14:57:32.277,1,,0.04,0.12,1.35,,,Normal,,Promo,Basic Fire Energy,,,,,,
268111,Great Ball - 164/202 (#33 Cinderace Stamped),Great Ball 164 202 33 Cinderace Stamped,https://tcgplayer-cdn.tcgplayer.com/product/268111_200w.jpg,3,3051,https://cpt.tcgcsv.com/fg93,2023-05-08T13:58:45.56,1,Look at the top 7 cards of your deck. You may reveal a Pokémon you find there and put it into your hand. Shuffle the other cards back into your deck.<br><br> You may play as many Item cards as you like during your turn <em>(before your attack)</em>.,0.01,0.15,0.4,0.1,,Normal,164/202,Promo,Item,,,,,,
268112,Great Ball - 164/202 (#43 Cinderace Stamped),Great Ball 164 202 43 Cinderace Stamped,https://tcgplayer-cdn.tcgplayer.com/product/268112_200w.jpg,3,3051,https://cpt.tcgcsv.com/gg93,2023-05-08T13:57:10.263,1,Look at the top 7 cards of your deck. You may reveal a Pokémon you find there and put it into your hand. Shuffle the other cards back into your deck.<br><br> You may play as many Item cards as you like during your turn <em>(before your attack)</em>.,0.01,0.15,1.39,0.08,,Normal,164/202,Promo,Item,,,,,,
268113,Great Ball - 164/202 (#48 Cinderace Stamped),Great Ball 164 202 48 Cinderace Stamped,https://tcgplayer-cdn.tcgplayer.com/product/268113_200w.jpg,3,3051,https://cpt.tcgcsv.com/hg93,2023-05-08T13:58:24.577,1,Look at the top 7 cards of your deck. You may reveal a Pokémon you find there and put it into your hand. Shuffle the other cards back into your deck.<br><br> You may play as many Item cards as you like during your turn <em>(before your attack)</em>.,0.01,0.12,0.4,0.11,,Normal,164/202,Promo,Item,,,,,,
268114,Great Ball - 164/202 (#55 Cinderace Stamped),Great Ball 164 202 55 Cinderace Stamped,https://tcgplayer-cdn.tcgplayer.com/product/268114_200w.jpg,3,3051,https://cpt.tcgcsv.com/jg93,2023-05-08T13:57:43.473,1,Look at the top 7 cards of your deck. You may reveal a Pokémon you find there and put it into your hand. Shuffle the other cards back into your deck.<br><br> You may play as many Item cards as you like during your turn <em>(before your attack)</em>.,0.01,0.12,0.4,0.04,,Normal,164/202,Promo,Item,,,,,,
268115,Hop - 165/202 (#28 Cinderace Stamped),Hop 165 202 28 Cinderace Stamped,https://tcgplayer-cdn.tcgplayer.com/product/268115_200w.jpg,3,3051,https://cpt.tcgcsv.com/kg93,2023-05-08T13:15:05.883,1,Draw 3 cards.<br><br> You may play only 1 Supporter card during your turn <em>(before your attack)</em>.,0.01,0.12,0.4,0.09,,Normal,165/202,Promo,Supporter,,,,,,
268116,Hop - 165/202 (#41 Cinderace Stamped),Hop 165 202 41 Cinderace Stamped,https://tcgplayer-cdn.tcgplayer.com/product/268116_200w.jpg,3,3051,https://cpt.tcgcsv.com/lg93,2023-05-08T13:52:05.667,1,Draw 3 cards.<br><br> You may play only 1 Supporter card during your turn <em>(before your attack)</em>.,0.04,0.18,0.99,0.18,,Normal,165/202,Promo,Supporter,,,,,,
268117,Hop - 165/202 (#52 Cinderace Stamped),Hop 165 202 52 Cinderace Stamped,https://tcgplayer-cdn.tcgplayer.com/product/268117_200w.jpg,3,3051,https://cpt.tcgcsv.com/mg93,2023-05-08T13:53:02.517,1,Draw 3 cards.<br><br> You may play only 1 Supporter card during your turn <em>(before your attack)</em>.,0.04,0.12,0.5,0.1,,Normal,165/202,Promo,Supporter,,,,,,
268118,Hop - 165/202 (#57 Cinderace Stamped),Hop 165 202 57 Cinderace Stamped,https://tcgplayer-cdn.tcgplayer.com/product/268118_200w.jpg,3,3051,https://cpt.tcgcsv.com/ng93,2023-05-08T13:43:00.38,1,Draw 3 cards.<br><br> You may play only 1 Supporter card during your turn <em>(before your attack)</em>.,0.04,0.1,0.4,0.1,,Normal,165/202,Promo,Supporter,,,,,,
268147,Larvesta - 023/198 (#19 Cinderace Stamped),Larvesta 023 198 19 Cinderace Stamped,https://tcgplayer-cdn.tcgplayer.com/product/268147_200w.jpg,3,3051,https://cpt.tcgcsv.com/Zg93,2025-10-14T00:17:14.473,1,,0.04,0.13,0.99,0.13,0.1,Normal,023/198,Promo,Fire,80,Basic,"[R] Flame Charge (10)
<br>Search your deck for a Fire Energy card and attach it to this Pokémon. Then, shuffle your deck.",,Wx2,3
268148,Larvesta - 023/198 (#36 Cinderace Stamped),Larvesta 023 198 36 Cinderace Stamped,https://tcgplayer-cdn.tcgplayer.com/product/268148_200w.jpg,3,3051,https://cpt.tcgcsv.com/-g93,2023-05-08T13:36:43.853,1,,0.03,0.25,0.99,0.25,,Normal,023/198,Promo,Fire,80,Basic,"[R] Flame Charge (10)
<br>Search your deck for a Fire Energy card and attach it to this Pokémon. Then, shuffle your deck.",,Wx2,3
268149,Larvesta - 023/198 (#46 Cinderace Stamped),Larvesta 023 198 46 Cinderace Stamped,https://tcgplayer-cdn.tcgplayer.com/product/268149_200w.jpg,3,3051,https://cpt.tcgcsv.com/_g93,2023-05-08T13:41:06.057,1,,0.04,0.19,0.99,0.2,,Normal,023/198,Promo,Fire,80,Basic,"[R] Flame Charge (10)
<br>Search your deck for a Fire Energy card and attach it to this Pokémon. Then, shuffle your deck.",,Wx2,3
268150,Ninetales - 030/264 (#7 Cinderace Stamped),Ninetales 030 264 7 Cinderace Stamped,https://tcgplayer-cdn.tcgplayer.com/product/268150_200w.jpg,3,3051,https://cpt.tcgcsv.com/0h93,2023-05-08T13:35:10.983,1,,0.1,0.22,0.99,0.18,,Normal,030/264,Promo,Fire,110,Stage 1,[1R] Supernatural Flames (70),,Wx2,1
268151,Ninetales - 030/264 (#23 Cinderace Stamped),Ninetales 030 264 23 Cinderace Stamped,https://tcgplayer-cdn.tcgplayer.com/product/268151_200w.jpg,3,3051,https://cpt.tcgcsv.com/2h93,2023-05-08T13:33:53.067,1,,0.1,0.24,0.99,0.19,,Normal,030/264,Promo,Fire,110,Stage 1,[1R] Supernatural Flames (70),,Wx2,1
268152,Pokemon Catcher - 175/202 (#49 Cinderace Stamped),Pokemon Catcher 175 202 49 Cinderace Stamped,https://tcgplayer-cdn.tcgplayer.com/product/268152_200w.jpg,3,3051,https://cpt.tcgcsv.com/3h93,2023-05-08T13:30:17.097,1,"Flip a coin. If heads, switch 1 of your opponent's Benched Pokémon with their Active Pokémon.
<br><br> You may play as many Item cards as you like during your turn <em>(before your attack)</em>.",0.02,0.16,0.99,0.14,,Normal,175/202,Promo,Supporter,,,,,,
268153,Pokemon Catcher - 175/202 (#54 Cinderace Stamped),Pokemon Catcher 175 202 54 Cinderace Stamped,https://tcgplayer-cdn.tcgplayer.com/product/268153_200w.jpg,3,3051,https://cpt.tcgcsv.com/5h93,2023-05-08T13:29:14.297,1,"Flip a coin. If heads, switch 1 of your opponent's Benched Pokémon with their Active Pokémon.
<br><br> You may play as many Item cards as you like during your turn <em>(before your attack)</em>.",0.04,0.17,0.99,0.17,,Normal,175/202,Promo,Supporter,,,,,,
268154,Potion - 177/202 (#42 Cinderace Stamped),Potion 177 202 42 Cinderace Stamped,https://tcgplayer-cdn.tcgplayer.com/product/268154_200w.jpg,3,3051,https://cpt.tcgcsv.com/6h93,2023-05-08T13:24:54.853,1,Heal 30 damage from 1 of your Pokémon.<br><br> You may play as many Item cards as you like during your turn <em>(before your attack)</em>.,0.01,0.1,0.76,0.08,,Normal,177/202,Promo,Item,,,,,,
268155,Shauna - 240/264 (#21 Cinderace Stamped),Shauna 240 264 21 Cinderace Stamped,https://tcgplayer-cdn.tcgplayer.com/product/268155_200w.jpg,3,3051,https://cpt.tcgcsv.com/7h93,2023-05-08T13:25:14.51,1,"Shuffle your hand into your deck. Then, draw 5 cards.<br><br> You may play only 1 Supporter card during your turn <em>(before your attack)</em>.",0.01,0.11,0.4,0.1,,Normal,240/264,Promo,Supporter,,,,,,
268156,Shauna - 240/264 (#50 Cinderace Stamped),Shauna 240 264 50 Cinderace Stamped,https://tcgplayer-cdn.tcgplayer.com/product/268156_200w.jpg,3,3051,https://cpt.tcgcsv.com/8h93,2023-05-08T16:10:59.983,1,"Shuffle your hand into your deck. Then, draw 5 cards.<br><br> You may play only 1 Supporter card during your turn <em>(before your attack)</em>.",0.01,0.2,1.0,0.09,,Normal,240/264,Promo,Supporter,,,,,,
268157,Shauna - 240/264 (#59 Cinderace Stamped),Shauna 240 264 59 Cinderace Stamped,https://tcgplayer-cdn.tcgplayer.com/product/268157_200w.jpg,3,3051,https://cpt.tcgcsv.com/9h93,2023-05-08T16:11:49.893,1,"Shuffle your hand into your deck. Then, draw 5 cards.<br><br> You may play only 1 Supporter card during your turn <em>(before your attack)</em>.",0.03,0.2,1.0,0.22,,Normal,240/264,Promo,Supporter,,,,,,
268158,Sonia - 167/192 (#45 Cinderace Stamped),Sonia 167 192 45 Cinderace Stamped,https://tcgplayer-cdn.tcgplayer.com/product/268158_200w.jpg,3,3051,https://cpt.tcgcsv.com/bh93,2023-05-08T16:04:52.137,1,"Search your deck for up to 2 Basic Pokemon or up to 2 basic Energy cards, reveal them, and put them into your hand. Then, shuffle your deck.<br><br> You may play only 1 Supporter card during your turn <em>(before your attack)</em>.",0.09,0.15,0.99,0.12,,Normal,167/192,Promo,Supporter,,,,,,
268159,Switch - 183/202 (#40 Cinderace Stamped),Switch 183 202 40 Cinderace Stamped,https://tcgplayer-cdn.tcgplayer.com/product/268159_200w.jpg,3,3051,https://cpt.tcgcsv.com/ch93,2023-05-08T15:58:55.063,1,Switch your Active Pokémon with 1 of your Benched Pokémon.<br><br> You may play as many Item cards as you like during your turn <em>(before your attack)</em>.,0.01,0.2,1.0,0.09,,Normal,183/202,Promo,Item,,,,,,
268160,Switch - 183/202 (#58 Cinderace Stamped),Switch 183 202 58 Cinderace Stamped,https://tcgplayer-cdn.tcgplayer.com/product/268160_200w.jpg,3,3051,https://cpt.tcgcsv.com/dh93,2023-05-08T15:58:06.21,1,Switch your Active Pokémon with 1 of your Benched Pokémon.<br><br> You may play as many Item cards as you like during your turn <em>(before your attack)</em>.,0.01,0.17,1.0,0.14,,Normal,183/202,Promo,Item,,,,,,
268161,Turtonator - 029/202 (#39 Cinderace Stamped),Turtonator 029 202 39 Cinderace Stamped,https://tcgplayer-cdn.tcgplayer.com/product/268161_200w.jpg,3,3051,https://cpt.tcgcsv.com/fh93,2023-05-08T15:56:03.14,1,,0.09,0.25,0.99,0.15,,Normal,029/202,Promo,Fire,130,Basic,[2] Tackle (30),"[1RRR] Fire Spin (150)
<br>Discard 2 Energy from this Pokémon.",Wx2,3
268162,Victini - 007/073 (#4 Cinderace Stamped),Victini 007 073 4 Cinderace Stamped,https://tcgplayer-cdn.tcgplayer.com/product/268162_200w.jpg,3,3051,https://cpt.tcgcsv.com/gh93,2023-05-08T15:58:24.18,1,,0.1,0.2,1.49,0.13,,Normal,007/073,Promo,Fire,70,Basic,"[1] Quick Draw
<br>Draw a card.",[1R] Combustion (30),Wx2,1
268163,Victini - 007/073 (#53 Cinderace Stamped),Victini 007 073 53 Cinderace Stamped,https://tcgplayer-cdn.tcgplayer.com/product/268163_200w.jpg,3,3051,https://cpt.tcgcsv.com/hh93,2023-05-08T15:51:27.107,1,,0.05,0.14,0.99,0.11,,Normal,007/073,Promo,Fire,70,Basic,"[1] Quick Draw
<br>Draw a card.",[1R] Combustion (30),Wx2,1
268164,Volcarona - 024/198 (#27 Cinderace Stamped),Volcarona 024 198 27 Cinderace Stamped,https://tcgplayer-cdn.tcgplayer.com/product/268164_200w.jpg,3,3051,https://cpt.tcgcsv.com/jh93,2025-10-13T22:23:53.78,1,,0.1,0.28,0.99,0.28,0.21,Normal,024/198,Promo,Fire,130,Stage 1,[1R] Combustion (50),"[1RR] Fire Spin (170)
<br>Discard 2 Energy card from this Pokémon.",Wx2,2
268165,Volcarona - 024/198 (#44 Cinderace Stamped),Volcarona 024 198 44 Cinderace Stamped,https://tcgplayer-cdn.tcgplayer.com/product/268165_200w.jpg,3,3051,https://cpt.tcgcsv.com/kh93,2023-05-08T15:50:35.58,1,,0.1,0.25,0.99,0.25,,Normal,024/198,Promo,Fire,130,Stage 1,[1R] Combustion (50),"[1RR] Fire Spin (170)
<br>Discard 2 Energy card from this Pokémon.",Wx2,2
268166,Vulpix - 029/264 (#13 Cinderace Stamped),Vulpix 029 264 13 Cinderace Stamped,https://tcgplayer-cdn.tcgplayer.com/product/268166_200w.jpg,3,3051,https://cpt.tcgcsv.com/lh93,2023-05-08T15:57:33.36,1,,0.09,0.24,0.99,0.2,,Normal,029/264,Promo,Fire,70,Basic,[1] Smash Kick (10),,Wx2,1
268167,Vulpix - 029/264 (#18 Cinderace Stamped),Vulpix 029 264 18 Cinderace Stamped,https://tcgplayer-cdn.tcgplayer.com/product/268167_200w.jpg,3,3051,https://cpt.tcgcsv.com/mh93,2023-05-08T15:56:46.91,1,,0.04,0.25,0.99,0.23,,Normal,029/264,Promo,Fire,70,Basic,[1] Smash Kick (10),,Wx2,1
268168,Vulpix - 029/264 (#31 Cinderace Stamped),Vulpix 029 264 31 Cinderace Stamped,https://tcgplayer-cdn.tcgplayer.com/product/268168_200w.jpg,3,3051,https://cpt.tcgcsv.com/nh93,2023-05-08T15:55:24.223,1,,0.09,0.27,0.99,0.27,,Normal,029/264,Promo,Fire,70,Basic,[1] Smash Kick (10),,Wx2,1
268169,Blitzle - 053/185 (#2 Pikachu Stamped),Blitzle 053 185 2 Pikachu Stamped,https://tcgplayer-cdn.tcgplayer.com/product/268169_200w.jpg,3,3051,https://cpt.tcgcsv.com/ph93,2023-05-08T15:37:38.303,1,,0.04,0.16,1.0,0.13,,Normal,053/185,Promo,Lightning,60,Basic,[L] Zap Kick (20),,Fx2,1
268170,Blitzle - 053/185 (#15 Pikachu Stamped),Blitzle 053 185 15 Pikachu Stamped,https://tcgplayer-cdn.tcgplayer.com/product/268170_200w.jpg,3,3051,https://cpt.tcgcsv.com/qh93,2023-05-08T15:33:38.557,1,,0.07,0.17,1.0,0.09,,Normal,053/185,Promo,Lightning,60,Basic,[L] Zap Kick (20),,Fx2,1
268171,Blitzle - 053/185 (#30 Pikachu Stamped),Blitzle 053 185 30 Pikachu Stamped,https://tcgplayer-cdn.tcgplayer.com/product/268171_200w.jpg,3,3051,https://cpt.tcgcsv.com/rh93,2023-05-08T15:30:32.857,1,,0.04,0.1,1.0,0.08,,Normal,053/185,Promo,Lightning,60,Basic,[L] Zap Kick (20),,Fx2,1
268172,Blitzle - 053/185 (#55 Pikachu Stamped),Blitzle 053 185 55 Pikachu Stamped,https://tcgplayer-cdn.tcgplayer.com/product/268172_200w.jpg,3,3051,https://cpt.tcgcsv.com/sh93,2023-05-08T15:33:17.467,1,,0.04,0.15,1.0,0.09,,Normal,053/185,Promo,Lightning,60,Basic,[L] Zap Kick (20),,Fx2,1
268173,Boltund - 076/202 (#16 Pikachu Stamped),Boltund 076 202 16 Pikachu Stamped,https://tcgplayer-cdn.tcgplayer.com/product/268173_200w.jpg,3,3051,https://cpt.tcgcsv.com/th93,2023-05-08T15:31:10.143,1,,0.04,0.24,3.22,0.21,,Normal,076/202,Promo,Lightning,120,Stage 1,[2] Bite (50),"[1LL] Electric Dash (160)
<br>This Pokémon can't attack during your next turn.",Fx2,
268174,Boss's Orders - 154/192 (#44 Pikachu Stamped),Bosss Orders 154 192 44 Pikachu Stamped,https://tcgplayer-cdn.tcgplayer.com/product/268174_200w.jpg,3,3051,https://cpt.tcgcsv.com/vh93,2023-06-05T11:53:06.74,1,Switch 1 of your opponent's Benched Pokémon with their Active Pokémon.<br><br> You may play only 1 Supporter card during your turn <em>(before your attack)</em>.,0.19,0.75,3.0,0.61,,Normal,154/192,Promo,Supporter,,,,,,
268175,Bug Catcher - 226/264 (#26 Pikachu Stamped),Bug Catcher 226 264 26 Pikachu Stamped,https://tcgplayer-cdn.tcgplayer.com/product/268175_200w.jpg,3,3051,https://cpt.tcgcsv.com/wh93,2023-05-08T15:30:52.713,1,"Draw 2 cards. Flip a coin. If heads, draw 2 more cards.<br><br> You may play only 1 Supporter card during your turn <em>(before your attack)</em>.",0.01,0.12,1.0,0.12,,Normal,226/264,Promo,Supporter,,,,,,
268176,Bug Catcher - 226/264 (#46 Pikachu Stamped),Bug Catcher 226 264 46 Pikachu Stamped,https://tcgplayer-cdn.tcgplayer.com/product/268176_200w.jpg,3,3051,https://cpt.tcgcsv.com/xh93,2023-05-08T15:27:41.593,1,"Draw 2 cards. Flip a coin. If heads, draw 2 more cards.<br><br> You may play only 1 Supporter card during your turn <em>(before your attack)</em>.",0.03,0.12,1.41,0.1,,Normal,226/264,Promo,Supporter,,,,,,
268177,Energy Recycler - 124/163 (#32 Pikachu Stamped),Energy Recycler 124 163 32 Pikachu Stamped,https://tcgplayer-cdn.tcgplayer.com/product/268177_200w.jpg,3,3051,https://cpt.tcgcsv.com/zh93,2023-05-08T15:19:17.217,1,Shuffle up to 5 basic Energy cards from your discard pile into your deck.<br><br> You may play as many Item cards as you like during your turn <em>(before your attack)</em>.,0.15,0.41,1.0,0.41,,Normal,124/163,Promo,Item,,,,,,
268178,Great Ball - 164/202 (#29 Pikachu Stamped),Great Ball 164 202 29 Pikachu Stamped,https://tcgplayer-cdn.tcgplayer.com/product/268178_200w.jpg,3,3051,https://cpt.tcgcsv.com/Bh93,2023-05-08T13:58:05.077,1,Look at the top 7 cards of your deck. You may reveal a Pokémon you find there and put it into your hand. Shuffle the other cards back into your deck.<br><br> You may play as many Item cards as you like during your turn <em>(before your attack)</em>.,0.04,0.16,1.0,0.16,,Normal,164/202,Promo,Item,,,,,,
268179,Great Ball - 164/202 (#38 Pikachu Stamped),Great Ball 164 202 38 Pikachu Stamped,https://tcgplayer-cdn.tcgplayer.com/product/268179_200w.jpg,3,3051,https://cpt.tcgcsv.com/Ch93,2023-05-08T13:54:04.653,1,Look at the top 7 cards of your deck. You may reveal a Pokémon you find there and put it into your hand. Shuffle the other cards back into your deck.<br><br> You may play as many Item cards as you like during your turn <em>(before your attack)</em>.,0.03,0.15,1.0,0.09,,Normal,164/202,Promo,Item,,,,,,
268180,Great Ball - 164/202 (#49 Pikachu Stamped),Great Ball 164 202 49 Pikachu Stamped,https://tcgplayer-cdn.tcgplayer.com/product/268180_200w.jpg,3,3051,https://cpt.tcgcsv.com/Dh93,2023-05-08T13:53:47.18,1,Look at the top 7 cards of your deck. You may reveal a Pokémon you find there and put it into your hand. Shuffle the other cards back into your deck.<br><br> You may play as many Item cards as you like during your turn <em>(before your attack)</em>.,0.01,0.2,1.37,0.06,,Normal,164/202,Promo,Item,,,,,,
268181,Great Ball - 164/202 (#57 Pikachu Stamped),Great Ball 164 202 57 Pikachu Stamped,https://tcgplayer-cdn.tcgplayer.com/product/268181_200w.jpg,3,3051,https://cpt.tcgcsv.com/Fh93,2023-05-08T13:33:20.497,1,Look at the top 7 cards of your deck. You may reveal a Pokémon you find there and put it into your hand. Shuffle the other cards back into your deck.<br><br> You may play as many Item cards as you like during your turn <em>(before your attack)</em>.,0.01,0.2,1.0,0.23,,Normal,164/202,Promo,Item,,,,,,
268182,Hop - 165/202 (#13 Pikachu Stamped),Hop 165 202 13 Pikachu Stamped,https://tcgplayer-cdn.tcgplayer.com/product/268182_200w.jpg,3,3051,https://cpt.tcgcsv.com/Gh93,2023-05-08T13:55:57.29,1,Draw 3 cards.<br><br> You may play only 1 Supporter card during your turn <em>(before your attack)</em>.,0.04,0.14,1.0,0.09,,Normal,165/202,Promo,Supporter,,,,,,
268183,Hop - 165/202 (#33 Pikachu Stamped),Hop 165 202 33 Pikachu Stamped,https://tcgplayer-cdn.tcgplayer.com/product/268183_200w.jpg,3,3051,https://cpt.tcgcsv.com/Hh93,2023-05-08T13:15:48.813,1,Draw 3 cards.<br><br> You may play only 1 Supporter card during your turn <em>(before your attack)</em>.,0.04,0.24,1.0,0.21,,Normal,165/202,Promo,Supporter,,,,,,
268184,Hop - 165/202 (#42 Pikachu Stamped),Hop 165 202 42 Pikachu Stamped,https://tcgplayer-cdn.tcgplayer.com/product/268184_200w.jpg,3,3051,https://cpt.tcgcsv.com/Jh93,2023-05-08T13:40:29.483,1,Draw 3 cards.<br><br> You may play only 1 Supporter card during your turn <em>(before your attack)</em>.,0.01,0.15,1.0,0.06,,Normal,165/202,Promo,Supporter,,,,,,
268186,Hop - 165/202 (#54 Pikachu Stamped),Hop 165 202 54 Pikachu Stamped,https://tcgplayer-cdn.tcgplayer.com/product/268186_200w.jpg,3,3051,https://cpt.tcgcsv.com/Lh93,2023-05-08T13:45:56.637,1,Draw 3 cards.<br><br> You may play only 1 Supporter card during your turn <em>(before your attack)</em>.,0.01,0.14,1.0,0.07,,Normal,165/202,Promo,Supporter,,,,,,
268188,Lightning Energy (#3 Pikachu Stamped),Lightning Energy 3 Pikachu Stamped,https://tcgplayer-cdn.tcgplayer.com/product/268188_200w.jpg,3,3051,https://cpt.tcgcsv.com/Nh93,2023-05-08T13:39:12.26,1,,0.09,0.25,1.5,0.27,,Normal,,Promo,Basic Lightning Energy,,,,,,
268189,Lightning Energy (#4 Pikachu Stamped),Lightning Energy 4 Pikachu Stamped,https://tcgplayer-cdn.tcgplayer.com/product/268189_200w.jpg,3,3051,https://cpt.tcgcsv.com/Ph93,2023-05-08T13:42:32.577,1,,0.04,0.15,1.43,0.15,,Normal,,Promo,Basic Lightning Energy,,,,,,
268190,Lightning Energy (#7 Pikachu Stamped),Lightning Energy 7 Pikachu Stamped,https://tcgplayer-cdn.tcgplayer.com/product/268190_200w.jpg,3,3051,https://cpt.tcgcsv.com/Qh93,2023-05-08T13:40:47.177,1,,0.04,0.26,1.51,0.28,,Normal,,Promo,Basic Lightning Energy,,,,,,
268191,Lightning Energy (#8 Pikachu Stamped),Lightning Energy 8 Pikachu Stamped,https://tcgplayer-cdn.tcgplayer.com/product/268191_200w.jpg,3,3051,https://cpt.tcgcsv.com/Rh93,2023-05-08T13:34:14.847,1,,0.04,0.23,1.41,0.23,,Normal,,Promo,Basic Lightning Energy,,,,,,
268192,Lightning Energy (#9 Pikachu Stamped),Lightning Energy 9 Pikachu Stamped,https://tcgplayer-cdn.tcgplayer.com/product/268192_200w.jpg,3,3051,https://cpt.tcgcsv.com/Sh93,2023-05-08T13:36:15.137,1,,0.04,0.15,1.39,0.13,,Normal,,Promo,Basic Lightning Energy,,,,,,
268193,Lightning Energy (#10 Pikachu Stamped),Lightning Energy 10 Pikachu Stamped,https://tcgplayer-cdn.tcgplayer.com/product/268193_200w.jpg,3,3051,https://cpt.tcgcsv.com/Th93,2023-05-08T13:45:41.22,1,,0.03,0.19,1.41,0.08,,Normal,,Promo,Basic Lightning Energy,,,,,,
268194,Lightning Energy (#11 Pikachu Stamped),Lightning Energy 11 Pikachu Stamped,https://tcgplayer-cdn.tcgplayer.com/product/268194_200w.jpg,3,3051,https://cpt.tcgcsv.com/Vh93,2023-05-08T13:45:24.707,1,,0.04,0.2,1.39,0.12,,Normal,,Promo,Basic Lightning Energy,,,,,,
268195,Lightning Energy (#12 Pikachu Stamped),Lightning Energy 12 Pikachu Stamped,https://tcgplayer-cdn.tcgplayer.com/product/268195_200w.jpg,3,3051,https://cpt.tcgcsv.com/Wh93,2023-05-08T13:44:08.227,1,,0.04,0.12,1.39,0.12,,Normal,,Promo,Basic Lightning Energy,,,,,,
268196,Lightning Energy (#17 Pikachu Stamped),Lightning Energy 17 Pikachu Stamped,https://tcgplayer-cdn.tcgplayer.com/product/268196_200w.jpg,3,3051,https://cpt.tcgcsv.com/Xh93,2023-05-08T13:15:31.477,1,,0.03,0.15,1.41,0.15,,Normal,,Promo,Basic Lightning Energy,,,,,,
268197,Lightning Energy (#19 Pikachu Stamped),Lightning Energy 19 Pikachu Stamped,https://tcgplayer-cdn.tcgplayer.com/product/268197_200w.jpg,3,3051,https://cpt.tcgcsv.com/Zh93,2023-05-08T13:43:50.857,1,,0.03,0.14,1.36,0.14,,Normal,,Promo,Basic Lightning Energy,,,,,,
268199,Lightning Energy (#21 Pikachu Stamped),Lightning Energy 21 Pikachu Stamped,https://tcgplayer-cdn.tcgplayer.com/product/268199_200w.jpg,3,3051,https://cpt.tcgcsv.com/_h93,2023-05-08T13:41:29.037,1,,0.04,0.13,0.4,0.13,,Normal,,Promo,Basic Lightning Energy,,,,,,
268200,Lightning Energy (#22 Pikachu Stamped),Lightning Energy 22 Pikachu Stamped,https://tcgplayer-cdn.tcgplayer.com/product/268200_200w.jpg,3,3051,https://cpt.tcgcsv.com/0j93,2023-05-08T13:36:57.367,1,,0.04,0.14,1.4,0.1,,Normal,,Promo,Basic Lightning Energy,,,,,,
268201,Lightning Energy (#27 Pikachu Stamped),Lightning Energy 27 Pikachu Stamped,https://tcgplayer-cdn.tcgplayer.com/product/268201_200w.jpg,3,3051,https://cpt.tcgcsv.com/2j93,2023-05-08T13:43:14.313,1,,0.04,0.15,0.4,0.15,,Normal,,Promo,Basic Lightning Energy,,,,,,
268202,Lightning Energy (#31 Pikachu Stamped),Lightning Energy 31 Pikachu Stamped,https://tcgplayer-cdn.tcgplayer.com/product/268202_200w.jpg,3,3051,https://cpt.tcgcsv.com/3j93,2023-05-08T13:43:28.703,1,,0.04,0.17,1.39,0.11,,Normal,,Promo,Basic Lightning Energy,,,,,,
268203,Lightning Energy (#35 Pikachu Stamped),Lightning Energy 35 Pikachu Stamped,https://tcgplayer-cdn.tcgplayer.com/product/268203_200w.jpg,3,3051,https://cpt.tcgcsv.com/5j93,2023-05-08T13:40:02.083,1,,0.05,0.16,1.36,0.15,,Normal,,Promo,Basic Lightning Energy,,,,,,
268204,Lightning Energy (#39 Pikachu Stamped),Lightning Energy 39 Pikachu Stamped,https://tcgplayer-cdn.tcgplayer.com/product/268204_200w.jpg,3,3051,https://cpt.tcgcsv.com/6j93,2023-05-08T13:38:44.58,1,,0.04,0.15,1.41,0.15,,Normal,,Promo,Basic Lightning Energy,,,,,,
268205,Lightning Energy (#43 Pikachu Stamped),Lightning Energy 43 Pikachu Stamped,https://tcgplayer-cdn.tcgplayer.com/product/268205_200w.jpg,3,3051,https://cpt.tcgcsv.com/7j93,2023-05-08T13:38:03.243,1,,0.05,0.16,1.41,0.15,,Normal,,Promo,Basic Lightning Energy,,,,,,
268206,Lightning Energy (#48 Pikachu Stamped),Lightning Energy 48 Pikachu Stamped,https://tcgplayer-cdn.tcgplayer.com/product/268206_200w.jpg,3,3051,https://cpt.tcgcsv.com/8j93,2023-05-08T13:39:47.093,1,,0.04,0.17,1.38,0.15,,Normal,,Promo,Basic Lightning Energy,,,,,,
268207,Luxio - 092/264 (#14 Pikachu Stamped),Luxio 092 264 14 Pikachu Stamped,https://tcgplayer-cdn.tcgplayer.com/product/268207_200w.jpg,3,3051,https://cpt.tcgcsv.com/9j93,2023-05-08T13:28:44.08,1,,0.07,0.2,1.0,0.14,,Normal,092/264,Promo,Lightning,90,Stage 1,[1L] Electric Claws (50),,Fx2,1
268208,Luxio - 092/264 (#37 Pikachu Stamped),Luxio 092 264 37 Pikachu Stamped,https://tcgplayer-cdn.tcgplayer.com/product/268208_200w.jpg,3,3051,https://cpt.tcgcsv.com/bj93,2023-05-08T13:26:34.55,1,,0.04,0.2,1.0,0.15,,Normal,092/264,Promo,Lightning,90,Stage 1,[1L] Electric Claws (50),,Fx2,1
268209,Luxio - 092/264 (#53 Pikachu Stamped),Luxio 092 264 53 Pikachu Stamped,https://tcgplayer-cdn.tcgplayer.com/product/268209_200w.jpg,3,3051,https://cpt.tcgcsv.com/cj93,2023-05-08T13:30:38.433,1,,0.04,0.2,1.0,0.17,,Normal,092/264,Promo,Lightning,90,Stage 1,[1L] Electric Claws (50),,Fx2,1
268210,Luxray - 093/264 (#28 Pikachu Stamped),Luxray 093 264 28 Pikachu Stamped,https://tcgplayer-cdn.tcgplayer.com/product/268210_200w.jpg,3,3051,https://cpt.tcgcsv.com/dj93,2023-05-08T13:35:24.78,1,,0.12,0.25,1.0,0.15,,Normal,093/264,Promo,Lightning,160,Stage 2,[1L] Thunder Claws (90),,Fx2,1
268211,Luxray - 096/264 (#47 Pikachu Stamped),Luxray 096 264 47 Pikachu Stamped,https://tcgplayer-cdn.tcgplayer.com/product/268211_200w.jpg,3,3051,https://cpt.tcgcsv.com/fj93,2023-05-08T13:33:05.657,1,,0.08,0.35,1.0,0.49,,Normal,093/264,Promo,Lightning,160,Stage 2,[1L] Thunder Claws (90),,Fx2,1
268212,Morpeko - 109/264 (#23 Pikachu Stamped),Morpeko 109 264 23 Pikachu Stamped,https://tcgplayer-cdn.tcgplayer.com/product/268212_200w.jpg,3,3051,https://cpt.tcgcsv.com/gj93,2023-05-08T13:35:46.71,1,,0.09,0.31,0.52,0.31,,Normal,109/264,Promo,Lightning,80,Basic,"[1L] Targeted Spark
<br>This attack does 30 damage to 1 of your opponent's Pokémon. <em>(Don't apply Weakness and Resistance for Benched Pokémon.)</em>",,Fx2,1
268213,Pikachu V - 043/185 (#60 Pikachu Stamped),Pikachu V 043 185 60 Pikachu Stamped,https://tcgplayer-cdn.tcgplayer.com/product/268213_200w.jpg,3,3051,https://cpt.tcgcsv.com/hj93,2024-10-11T20:03:04.917,1,"<em>V rule — When your Pokémon V is Knocked Out, your opponent takes 2 Prize cards.</em>",1.35,2.16,5.0,2.22,,Holofoil,043/185,Holo Rare,Lightning,190,Basic,"[L] Charge
<br>Search your deck for up to 2 Lightning Energy cards and attach them to this Pokémon. Then, shuffle your deck.","[1LL] Thunderbolt (200)
<br>Discard all Energy from this Pokémon.",Fx2,1
268217,Potion - 177/202 (#18 Pikachu Stamped),Potion 177 202 18 Pikachu Stamped,https://tcgplayer-cdn.tcgplayer.com/product/268217_200w.jpg,3,3051,https://cpt.tcgcsv.com/mj93,2023-05-08T13:26:10.2,1,Heal 30 damage from 1 of your Pokémon.<br><br> You may play as many Item cards as you like during your turn <em>(before your attack)</em>.,0.03,0.15,1.0,0.09,,Normal,177/202,Promo,Item,,,,,,
268218,Potion - 177/202 (#40 Pikachu Stamped),Potion 177 202 40 Pikachu Stamped,https://tcgplayer-cdn.tcgplayer.com/product/268218_200w.jpg,3,3051,https://cpt.tcgcsv.com/nj93,2023-05-08T13:29:58.13,1,Heal 30 damage from 1 of your Pokémon.<br><br> You may play as many Item cards as you like during your turn <em>(before your attack)</em>.,0.01,0.12,1.32,0.06,,Normal,177/202,Promo,Item,,,,,,
268220,Shauna - 240/264 (#24 Pikachu Stamped),Shauna 240 264 24 Pikachu Stamped,https://tcgplayer-cdn.tcgplayer.com/product/268220_200w.jpg,3,3051,https://cpt.tcgcsv.com/qj93,2023-05-08T16:10:03.597,1,"Shuffle your hand into your deck. Then, draw 5 cards.<br><br> You may play only 1 Supporter card during your turn <em>(before your attack)</em>.",0.01,0.12,1.0,0.1,,Normal,240/264,Promo,Supporter,,,,,,
268221,Shauna - 240/264 (#50 Pikachu Stamped),Shauna 240 264 50 Pikachu Stamped,https://tcgplayer-cdn.tcgplayer.com/product/268221_200w.jpg,3,3051,https://cpt.tcgcsv.com/rj93,2023-05-08T16:06:35.123,1,"Shuffle your hand into your deck. Then, draw 5 cards.<br><br> You may play only 1 Supporter card during your turn <em>(before your attack)</em>.",0.01,0.2,0.66,0.11,,Normal,240/264,Promo,Supporter,,,,,,
268222,Shauna - 240/264 (#59 Pikachu Stamped),Shauna 240 264 59 Pikachu Stamped,https://tcgplayer-cdn.tcgplayer.com/product/268222_200w.jpg,3,3051,https://cpt.tcgcsv.com/sj93,2023-05-08T15:46:25.413,1,"Shuffle your hand into your deck. Then, draw 5 cards.<br><br> You may play only 1 Supporter card during your turn <em>(before your attack)</em>.",0.01,0.1,1.0,0.05,,Normal,240/264,Promo,Supporter,,,,,,
268225,Shinx - 091/264 (#6 Pikachu Stamped),Shinx 091 264 6 Pikachu Stamped,https://tcgplayer-cdn.tcgplayer.com/product/268225_200w.jpg,3,3051,https://cpt.tcgcsv.com/wj93,2023-05-08T16:07:22.12,1,,0.04,0.2,1.0,0.16,,Normal,091/264,Promo,Lightning,50,Basic,[L] Gnaw (10),[1L] Electric Claws (20),Fx2,1
268226,Shinx - 091/264 (#20 Pikachu Stamped),Shinx 091 264 20 Pikachu Stamped,https://tcgplayer-cdn.tcgplayer.com/product/268226_200w.jpg,3,3051,https://cpt.tcgcsv.com/xj93,2023-05-08T16:10:22.15,1,,0.05,0.35,1.0,0.5,,Normal,091/264,Promo,Lightning,50,Basic,[L] Gnaw (10),[1L] Electric Claws (20),Fx2,1
268227,Shinx - 091/264 (#41 Pikachu Stamped),Shinx 091 264 41 Pikachu Stamped,https://tcgplayer-cdn.tcgplayer.com/product/268227_200w.jpg,3,3051,https://cpt.tcgcsv.com/zj93,2023-05-08T16:06:19.137,1,,0.05,0.31,1.0,0.6,,Normal,091/264,Promo,Lightning,50,Basic,[L] Gnaw (10),[1L] Electric Claws (20),Fx2,1
268228,Shinx - 091/264 (#45 Pikachu Stamped),Shinx 091 264 45 Pikachu Stamped,https://tcgplayer-cdn.tcgplayer.com/product/268228_200w.jpg,3,3051,https://cpt.tcgcsv.com/Bj93,2023-05-08T16:05:47.853,1,,0.05,0.38,1.0,0.51,,Normal,091/264,Promo,Lightning,50,Basic,[L] Gnaw (10),[1L] Electric Claws (20),Fx2,1
268229,Sonia - 167/192 (#51 Pikachu Stamped),Sonia 167 192 51 Pikachu Stamped,https://tcgplayer-cdn.tcgplayer.com/product/268229_200w.jpg,3,3051,https://cpt.tcgcsv.com/Cj93,2023-05-08T16:01:29.76,1,"Search your deck for up to 2 Basic Pokemon or up to 2 basic Energy cards, reveal them, and put them into your hand. Then, shuffle your deck.<br><br> You may play only 1 Supporter card during your turn <em>(before your attack)</em>.",0.09,0.2,1.0,0.16,,Normal,167/192,Promo,Supporter,,,,,,
268230,Switch - 183/202 (#36 Pikachu Stamped),Switch 183 202 36 Pikachu Stamped,https://tcgplayer-cdn.tcgplayer.com/product/268230_200w.jpg,3,3051,https://cpt.tcgcsv.com/Dj93,2023-05-08T15:57:11.04,1,Switch your Active Pokémon with 1 of your Benched Pokémon.<br><br> You may play as many Item cards as you like during your turn <em>(before your attack)</em>.,0.04,0.2,1.0,0.13,,Normal,183/202,Promo,Item,,,,,,
268231,Switch - 183/202 (#52 Pikachu Stamped),Switch 183 202 52 Pikachu Stamped,https://tcgplayer-cdn.tcgplayer.com/product/268231_200w.jpg,3,3051,https://cpt.tcgcsv.com/Fj93,2023-05-08T15:58:38.903,1,Switch your Active Pokémon with 1 of your Benched Pokémon.<br><br> You may play as many Item cards as you like during your turn <em>(before your attack)</em>.,0.03,0.16,1.49,0.12,,Normal,183/202,Promo,Item,,,,,,
268232,Yamper - 074/202 (#1 Pikachu Stamped),Yamper 074 202 1 Pikachu Stamped,https://tcgplayer-cdn.tcgplayer.com/product/268232_200w.jpg,3,3051,https://cpt.tcgcsv.com/Gj93,2023-05-08T15:50:56.513,1,,0.04,0.25,4.03,0.23,,Normal,074/202,Promo,Lightning,70,Basic,[1] Bite (10),[1L] Zap Kick (20),Fx2,1
268233,Yamper - 074/202 (#58 Pikachu Stamped),Yamper 074 202 58 Pikachu Stamped,https://tcgplayer-cdn.tcgplayer.com/product/268233_200w.jpg,3,3051,https://cpt.tcgcsv.com/Hj93,2023-05-08T15:50:09.41,1,,0.15,0.3,2.72,0.24,,Normal,074/202,Promo,Lightning,70,Basic,[1] Bite (10),[1L] Zap Kick (20),Fx2,1
268234,Zebstrika - 054/185 (#25 Pikachu Stamped),Zebstrika 054 185 25 Pikachu Stamped,https://tcgplayer-cdn.tcgplayer.com/product/268234_200w.jpg,3,3051,https://cpt.tcgcsv.com/Jj93,2023-05-08T15:49:42.873,1,,0.04,0.15,1.0,0.11,,Normal,054/185,Promo,Lightning,110,Stage 1,[L] Low Kick (30),[1L] Zap Kick (70),Fx2,1
268235,Zebstrika - 054/185 (#34 Pikachu Stamped),Zebstrika 054 185 34 Pikachu Stamped,https://tcgplayer-cdn.tcgplayer.com/product/268235_200w.jpg,3,3051,https://cpt.tcgcsv.com/Kj93,2023-05-08T15:46:44.687,1,,0.04,0.15,1.0,0.08,,Normal,054/185,Promo,Lightning,110,Stage 1,[L] Low Kick (30),[1L] Zap Kick (70),Fx2,1
268236,Zebstrika - 054/185 (#56 Pikachu Stamped),Zebstrika 054 185 56 Pikachu Stamped,https://tcgplayer-cdn.tcgplayer.com/product/268236_200w.jpg,3,3051,https://cpt.tcgcsv.com/Lj93,2023-05-08T15:42:17.337,1,,0.06,0.14,1.0,0.11,,Normal,054/185,Promo,Lightning,110,Stage 1,[L] Low Kick (30),[1L] Zap Kick (70),Fx2,1
268237,Zeraora - 102/264 (#5 Pikachu Stamped),Zeraora 102 264 5 Pikachu Stamped,https://tcgplayer-cdn.tcgplayer.com/product/268237_200w.jpg,3,3051,https://cpt.tcgcsv.com/Mj93,2023-05-08T15:47:48.923,1,,0.1,0.26,1.0,0.41,,Normal,102/264,Promo,Lightning,120,Basic,"[1L] Wild Charge (70)
<br>
This Pokémon also does 20 damage to itself.",,Fx2,1
268238,Eevee V - SWSH065 (Eevee Stamped),Eevee V SWSH065 Eevee Stamped,https://tcgplayer-cdn.tcgplayer.com/product/268238_200w.jpg,3,3051,https://cpt.tcgcsv.com/Nj93,2023-05-08T15:19:01.723,1,"<em>V rule — When your Pokémon V is Knocked Out, your opponent takes 2 Prize cards.</em>",2.39,4.13,9.95,4.49,,Holofoil,SWSH065,Promo,Colorless,190,Basic,"[1] Collect
<br>Draw 3 cards.","[3] Brave Buddies (80+)
<br>If you played a Supporter card from your hand during this turn, this attack does 80 more damage.",Fx2,1
268239,Darkrai - 167/264 (Eevee Stamped),Darkrai 167 264 Eevee Stamped,https://tcgplayer-cdn.tcgplayer.com/product/268239_200w.jpg,3,3051,https://cpt.tcgcsv.com/Pj93,2023-05-08T15:20:26.53,1,,0.07,0.26,1.45,0.21,,Normal,167/264,Promo,Darkness,110,Basic,[2D] Dark Cutter (90),,Gx2,2
268240,Carvanha - 162/264 (Eevee Stamped),Carvanha 162 264 Eevee Stamped,https://tcgplayer-cdn.tcgplayer.com/product/268240_200w.jpg,3,3051,https://cpt.tcgcsv.com/Qj93,2023-05-08T15:25:40.957,1,,0.04,0.18,1.4,0.12,,Normal,162/264,Promo,Darkness,50,Basic,[1] Bite (10),,Gx2,1
268241,Sharpedo - 163/264 (Eevee Stamped),Sharpedo 163 264 Eevee Stamped,https://tcgplayer-cdn.tcgplayer.com/product/268241_200w.jpg,3,3051,https://cpt.tcgcsv.com/Rj93,2023-05-08T13:25:33.263,1,,0.08,0.19,1.45,0.13,,Normal,163/264,Promo,Darkness,100,Stage 1,[1D] Sharp Fang (70),,Gx2,1
268242,Zorua - 170/264 (Eevee Stamped),Zorua 170 264 Eevee Stamped,https://tcgplayer-cdn.tcgplayer.com/product/268242_200w.jpg,3,3051,https://cpt.tcgcsv.com/Sj93,2023-05-08T15:43:38.747,1,,0.07,0.2,1.7,0.18,,Normal,170/264,Promo,Darkness,60,Basic,[1] Ram (10),[1D] Rear Kick (20),Gx2,1
268243,Zoroark - 171/264 (Eevee Stamped),Zoroark 171 264 Eevee Stamped,https://tcgplayer-cdn.tcgplayer.com/product/268243_200w.jpg,3,3051,https://cpt.tcgcsv.com/Tj93,2023-05-08T15:44:15.4,1,,0.09,0.21,1.45,0.21,,Normal,171/264,Promo,Darkness,120,Stage 1,"[1] Double Claw (40x)
<br>Flip 2 coins. This attack does 40 damage for each heads.",[1DD] Night Daze (100),Gx2,2
268244,Galarian Zigzagoon - 035/073 (Eevee Stamped),Galarian Zigzagoon 035 073 Eevee Stamped,https://tcgplayer-cdn.tcgplayer.com/product/268244_200w.jpg,3,3051,https://cpt.tcgcsv.com/Vj93,2023-05-08T15:01:05.453,1,,0.05,0.23,1.55,0.1,,Normal,035/073,Promo,Darkness,70,Basic,"[1] Pin Missile (10x)
<br>Flip 4 coins. This attack does 10 damage for each heads.",,Gx2,2
268245,Galarian Linoone - 036/073 (Eevee Stamped),Galarian Linoone 036 073 Eevee Stamped,https://tcgplayer-cdn.tcgplayer.com/product/268245_200w.jpg,3,3051,https://cpt.tcgcsv.com/Wj93,2023-05-08T14:59:22.72,1,,0.05,0.2,1.45,0.13,,Normal,036/073,Promo,Darkness,100,Stage 1,"[2] Double-Edge (60)
<br>This Pokémon also does 20 damage to itself.",,Gx2,2
268246,Switch - 183/202 (Eevee Stamped),Switch 183 202 Eevee Stamped,https://tcgplayer-cdn.tcgplayer.com/product/268246_200w.jpg,3,3051,https://cpt.tcgcsv.com/Xj93,2023-05-08T15:57:49.22,1,Switch your Active Pokémon with 1 of your Benched Pokémon.<br><br> You may play as many Item cards as you like during your turn <em>(before your attack)</em>.,0.02,0.15,1.44,0.13,,Normal,183/202,Promo,Item,,,,,,
268247,Great Ball - 164/202 (Eevee Stamped),Great Ball 164 202 Eevee Stamped,https://tcgplayer-cdn.tcgplayer.com/product/268247_200w.jpg,3,3051,https://cpt.tcgcsv.com/Zj93,2023-05-08T13:57:23.81,1,Look at the top 7 cards of your deck. You may reveal a Pokémon you find there and put it into your hand. Shuffle the other cards back into your deck.<br><br> You may play as many Item cards as you like during your turn <em>(before your attack)</em>.,0.02,0.15,1.24,0.12,,Normal,164/202,Promo,Item,,,,,,
268248,Hop - 165/202 (Eevee Stamped),Hop 165 202 Eevee Stamped,https://tcgplayer-cdn.tcgplayer.com/product/268248_200w.jpg,3,3051,https://cpt.tcgcsv.com/-j93,2023-05-08T13:46:13.113,1,Draw 3 cards.<br><br> You may play only 1 Supporter card during your turn <em>(before your attack)</em>.,0.04,0.13,1.51,0.11,,Normal,165/202,Promo,Supporter,,,,,,
268249,Shauna - 240/264 (Eevee Stamped),Shauna 240 264 Eevee Stamped,https://tcgplayer-cdn.tcgplayer.com/product/268249_200w.jpg,3,3051,https://cpt.tcgcsv.com/_j93,2023-05-08T16:10:41.25,1,"Shuffle your hand into your deck. Then, draw 5 cards.<br><br> You may play only 1 Supporter card during your turn <em>(before your attack)</em>.",0.04,0.14,1.42,0.11,,Normal,240/264,Promo,Supporter,,,,,,
268250,Bug Catcher - 226/264 (Eevee Stamped),Bug Catcher 226 264 Eevee Stamped,https://tcgplayer-cdn.tcgplayer.com/product/268250_200w.jpg,3,3051,https://cpt.tcgcsv.com/0k93,2023-05-08T15:25:15.573,1,"Draw 2 cards. Flip a coin. If heads, draw 2 more cards.<br><br> You may play only 1 Supporter card during your turn <em>(before your attack)</em>.",0.03,0.11,0.99,0.09,,Normal,226/264,Promo,Supporter,,,,,,
268252,Sonia - 167/192 (Eevee Stamped),Sonia 167 192 Eevee Stamped,https://tcgplayer-cdn.tcgplayer.com/product/268252_200w.jpg,3,3051,https://cpt.tcgcsv.com/3k93,2023-05-08T16:01:12.54,1,"Search your deck for up to 2 Basic Pokemon or up to 2 basic Energy cards, reveal them, and put them into your hand. Then, shuffle your deck.<br><br> You may play only 1 Supporter card during your turn <em>(before your attack)</em>.",0.09,0.2,0.99,0.18,,Normal,167/192,Promo,Supporter,,,,,,
268253,Piers - 165/189 (Eevee Stamped),Piers 165 189 Eevee Stamped,https://tcgplayer-cdn.tcgplayer.com/product/268253_200w.jpg,3,3051,https://cpt.tcgcsv.com/5k93,2023-05-08T13:29:33.907,1,"Search your deck for an Energy card and a Darkness Pokémon, reveal them, and put them into your hand. Then, shuffle your deck.<br><br> You may play only 1 Supporter card during your turn <em>(before your attack)</em>.",0.09,0.18,1.96,0.18,,Normal,165/189,Promo,Supporter,,,,,,
268255,Cook - 228/264 (Eevee Stamped),Cook 228 264 Eevee Stamped,https://tcgplayer-cdn.tcgplayer.com/product/268255_200w.jpg,3,3051,https://cpt.tcgcsv.com/7k93,2023-05-08T14:58:34.953,1,Heal 70 damage from your Active Pokémon.<br><br> You may play only 1 Supporter card during your turn <em>(before your attack)</em>.,0.03,0.16,0.99,0.15,,Normal,228/264,Promo,Supporter,,,,,,
268256,Darkness Energy (Eevee Stamped),Darkness Energy Eevee Stamped,https://tcgplayer-cdn.tcgplayer.com/product/268256_200w.jpg,3,3051,https://cpt.tcgcsv.com/8k93,2023-05-08T14:50:29.663,1,,0.01,0.14,1.32,0.13,,Normal,,Promo,Basic Darkness Energy,,,,,,
278673,Code Card - Battle Academy 2022,Code Card Battle Academy 2022,https://tcgplayer-cdn.tcgplayer.com/product/278673_200w.jpg,3,3051,https://cpt.tcgcsv.com/ttf3,2023-03-31T15:54:48.2,1,"This listing is <strong>not</strong> a physical item. Please keep in mind that this <strong>Code Card</strong> listing represents a digital copy of the stated item for the Pokémon TCG Online <strong>and/or</strong> the Pokémon TCG Live games. You may receive the physical <strong>Code Card</strong>. Upon purchase, please work with your specific Seller by sending them a message using the <strong>Contact Seller</strong> button on the order details in your <a href=https://store.tcgplayer.com/myaccount/orderhistory>Order History</a> to opt in to having your <strong>Code Card</strong> code delivered digitally due to the nature of the product.",0.4,0.88,1.69,0.87,,Normal,,Code Card,,,,,,,
286232,Galarian Obstagoon - SWSH193 (Eevee Stamped),Galarian Obstagoon SWSH193 Eevee Stamped,https://tcgplayer-cdn.tcgplayer.com/product/286232_200w.jpg,3,3051,https://cpt.tcgcsv.com/Gvj3,2024-08-24T17:38:30.02,1,,0.14,0.32,2.0,0.42,,Normal,SWSH193,Promo,Darkness,170,Stage 2,"[1DD] Rampaging Kick (180)
<br>Discard 2 Darkness Energy from this Pokémon.",,Gx2,2
