productId,name,cleanName,imageUrl,categoryId,groupId,url,modifiedOn,imageCount,extNumber,extRarity,extCardType,extHP,extStage,extAttack1,extAttack2,extWeakness,extRetreatCost,lowPrice,midPrice,highPrice,marketPrice,directLowPrice,subTypeName,extCardText,extResistance
83661,Audino,Audino,https://tcgplayer-cdn.tcgplayer.com/product/83661_200w.jpg,3,1424,https://cpt.tcgcsv.com/ftH,2023-01-06T21:08:42.093,1,83/98,Uncommon,Colorless,90,Basic,[1] Powerful Slap (40x) Flip a coin for each Energy attached to this Pokemon.  This attack does 40 damage times the number of heads.,[3] Heal Pulse - Heal 50 damage from 1 of your Pokemon.,Fx2,2,0.16,0.51,1.49,0.55,,Normal,,
83661,Audino,Audino,https://tcgplayer-cdn.tcgplayer.com/product/83661_200w.jpg,3,1424,https://cpt.tcgcsv.com/ftH,2023-01-06T21:08:42.093,1,83/98,Uncommon,Colorless,90,Basic,[1] Powerful Slap (40x) Flip a coin for each Energy attached to this Pokemon.  This attack does 40 damage times the number of heads.,[3] Heal Pulse - Heal 50 damage from 1 of your Pokemon.,Fx2,2,0.35,0.75,1.98,0.59,,Reverse Holofoil,,
83731,Basculin (24),Basculin 24,https://tcgplayer-cdn.tcgplayer.com/product/83731_200w.jpg,3,1424,https://cpt.tcgcsv.com/FvH,2023-01-06T20:56:58.917,1,24/98,Common,Water,80,Basic,[1] Flail (10x) Does 10 damage times the number of damage counters on this Pokemon.,"[2W] Final Gambit (80) Flip 2 coins.  If both of them are tails, this Pokemon does 80 damage to itself.",Lx2,1,0.09,0.25,1.0,0.26,,Normal,,
83731,Basculin (24),Basculin 24,https://tcgplayer-cdn.tcgplayer.com/product/83731_200w.jpg,3,1424,https://cpt.tcgcsv.com/FvH,2023-01-06T20:56:58.917,1,24/98,Common,Water,80,Basic,[1] Flail (10x) Does 10 damage times the number of damage counters on this Pokemon.,"[2W] Final Gambit (80) Flip 2 coins.  If both of them are tails, this Pokemon does 80 damage to itself.",Lx2,1,2.06,2.93,3.57,2.06,,Reverse Holofoil,,
83732,Basculin (25),Basculin 25,https://tcgplayer-cdn.tcgplayer.com/product/83732_200w.jpg,3,1424,https://cpt.tcgcsv.com/GvH,2023-05-25T10:09:24.513,1,25/98,Uncommon,Water,80,Basic,[1] Tackle (10),[1W] Splatter - Does 30 damage to 1 of your opponent's Pokemon.  (Don't apply Weakness or Resistance for Benched Pokemon.),Lx2,1,0.1,0.3,1.0,0.31,,Normal,,
83732,Basculin (25),Basculin 25,https://tcgplayer-cdn.tcgplayer.com/product/83732_200w.jpg,3,1424,https://cpt.tcgcsv.com/GvH,2023-05-25T10:09:24.513,1,25/98,Uncommon,Water,80,Basic,[1] Tackle (10),[1W] Splatter - Does 30 damage to 1 of your opponent's Pokemon.  (Don't apply Weakness or Resistance for Benched Pokemon.),Lx2,1,0.23,0.65,3.99,0.8,,Reverse Holofoil,,
83751,Beartic (30),Beartic 30,https://tcgplayer-cdn.tcgplayer.com/product/83751_200w.jpg,3,1424,https://cpt.tcgcsv.com/2wH,2023-01-06T20:57:53.527,1,30/98,Holo Rare,Water,130,Stage 1,[2W] Sheer Cold (50) The Defending Pokemon can't attack during your opponent's next turn.,[2WW] Icicle Crash (80) This attack's damage isn't affected by Resistance.,Mx2,3,0.45,0.69,3.49,0.79,,Holofoil,,
83751,Beartic (30),Beartic 30,https://tcgplayer-cdn.tcgplayer.com/product/83751_200w.jpg,3,1424,https://cpt.tcgcsv.com/2wH,2023-01-06T20:57:53.527,1,30/98,Holo Rare,Water,130,Stage 1,[2W] Sheer Cold (50) The Defending Pokemon can't attack during your opponent's next turn.,[2WW] Icicle Crash (80) This attack's damage isn't affected by Resistance.,Mx2,3,0.59,1.42,4.72,1.49,,Reverse Holofoil,,
83752,Beartic (31),Beartic 31,https://tcgplayer-cdn.tcgplayer.com/product/83752_200w.jpg,3,1424,https://cpt.tcgcsv.com/3wH,2023-01-06T20:58:04.51,1,31/98,Rare,Water,130,Stage 1,[W] Icy Wind (30) The Defending Pokemon is now Asleep.,"[1WW] Superpower (60+) You may do 20 more damage.  If you do, this Pokemon does 20 damage to itself.",Mx2,2,0.17,0.46,2.0,0.44,,Normal,,
83752,Beartic (31),Beartic 31,https://tcgplayer-cdn.tcgplayer.com/product/83752_200w.jpg,3,1424,https://cpt.tcgcsv.com/3wH,2023-01-06T20:58:04.51,1,31/98,Rare,Water,130,Stage 1,[W] Icy Wind (30) The Defending Pokemon is now Asleep.,"[1WW] Superpower (60+) You may do 20 more damage.  If you do, this Pokemon does 20 damage to itself.",Mx2,2,1.03,1.28,3.98,1.23,,Reverse Holofoil,,
83814,Bianca,Bianca,https://tcgplayer-cdn.tcgplayer.com/product/83814_200w.jpg,3,1424,https://cpt.tcgcsv.com/jxH,2023-01-06T21:09:53.71,1,90/98,Uncommon,Supporter,0,Supporter,Draw cards until you have 6 cards in your hand.,,,,0.05,0.22,1.5,0.2,,Normal,You may play only 1 Supporter card per turn (before your attack).,
83814,Bianca,Bianca,https://tcgplayer-cdn.tcgplayer.com/product/83814_200w.jpg,3,1424,https://cpt.tcgcsv.com/jxH,2023-01-06T21:09:53.71,1,90/98,Uncommon,Supporter,0,Supporter,Draw cards until you have 6 cards in your hand.,,,,1.0,1.59,5.98,1.8,,Reverse Holofoil,You may play only 1 Supporter card per turn (before your attack).,
83933,Boldore (51),Boldore 51,https://tcgplayer-cdn.tcgplayer.com/product/83933_200w.jpg,3,1424,https://cpt.tcgcsv.com/HBH,2023-01-06T21:02:07.73,1,51/98,Uncommon,Fighting,90,Stage 1,"[1F] Smack Down (20+) If the Defending Pokemon has F Resistance, this attack does 60 more damage.",[2FF] Power Gem (80),Gx2,3,0.08,0.3,1.0,0.3,,Normal,,
83933,Boldore (51),Boldore 51,https://tcgplayer-cdn.tcgplayer.com/product/83933_200w.jpg,3,1424,https://cpt.tcgcsv.com/HBH,2023-01-06T21:02:07.73,1,51/98,Uncommon,Fighting,90,Stage 1,"[1F] Smack Down (20+) If the Defending Pokemon has F Resistance, this attack does 60 more damage.",[2FF] Power Gem (80),Gx2,3,0.29,0.5,2.0,0.34,,Reverse Holofoil,,
83934,Boldore (52),Boldore 52,https://tcgplayer-cdn.tcgplayer.com/product/83934_200w.jpg,3,1424,https://cpt.tcgcsv.com/JBH,2023-01-06T21:02:17.897,1,52/98,Uncommon,Fighting,90,Stage 1,[2] Headbutt (30),"[2F] Hard Crash (60+) Flip a coin.  If heads, this attack does 20 more damage.  If tails, this Pokemon does 20 damage to itself.",Gx2,3,0.12,0.25,4.99,0.28,,Normal,,
83934,Boldore (52),Boldore 52,https://tcgplayer-cdn.tcgplayer.com/product/83934_200w.jpg,3,1424,https://cpt.tcgcsv.com/JBH,2023-01-06T21:02:17.897,1,52/98,Uncommon,Fighting,90,Stage 1,[2] Headbutt (30),"[2F] Hard Crash (60+) Flip a coin.  If heads, this attack does 20 more damage.  If tails, this Pokemon does 20 damage to itself.",Gx2,3,0.24,0.5,1.98,0.51,,Reverse Holofoil,,
83950,Braviary,Braviary,https://tcgplayer-cdn.tcgplayer.com/product/83950_200w.jpg,3,1424,https://cpt.tcgcsv.com/0CH,2023-01-06T21:09:22.467,1,88/98,Holo Rare,Colorless,100,Stage 1,[2] Wing Attack (40),[3] Brave Bird (90) This Pokemon does 30 damage to itself.,Lx2,1,0.75,1.5,4.99,1.58,1.59,Holofoil,,F-20
83950,Braviary,Braviary,https://tcgplayer-cdn.tcgplayer.com/product/83950_200w.jpg,3,1424,https://cpt.tcgcsv.com/0CH,2023-01-06T21:09:22.467,1,88/98,Holo Rare,Colorless,100,Stage 1,[2] Wing Attack (40),[3] Brave Bird (90) This Pokemon does 30 damage to itself.,Lx2,1,1.15,1.97,4.98,1.97,,Reverse Holofoil,,F-20
84248,Cheren,Cheren,https://tcgplayer-cdn.tcgplayer.com/product/84248_200w.jpg,3,1424,https://cpt.tcgcsv.com/-JH,2023-01-06T21:10:02.3,1,91/98,Uncommon,Supporter,0,Supporter,Draw 3 cards.,,,,0.01,0.2,1.49,0.18,,Normal,You may play only 1 Supporter card per turn (before your attack).,
84248,Cheren,Cheren,https://tcgplayer-cdn.tcgplayer.com/product/84248_200w.jpg,3,1424,https://cpt.tcgcsv.com/-JH,2023-01-06T21:10:02.3,1,91/98,Uncommon,Supporter,0,Supporter,Draw 3 cards.,,,,0.01,0.96,3.49,0.96,3.49,Reverse Holofoil,You may play only 1 Supporter card per turn (before your attack).,
84318,Cinccino,Cinccino,https://tcgplayer-cdn.tcgplayer.com/product/84318_200w.jpg,3,1424,https://cpt.tcgcsv.com/nLH,2023-01-06T21:08:58.797,1,85/98,Uncommon,Colorless,90,Stage 1,[1] Captivate - Switch the Defending Pokemon with 1 of your opponent's Benched Pokemon.,[2] Fluffy Tail (30) The Defending Pokemon is now Asleep.,Fx2,1,0.15,0.34,2.75,0.33,,Normal,,
84318,Cinccino,Cinccino,https://tcgplayer-cdn.tcgplayer.com/product/84318_200w.jpg,3,1424,https://cpt.tcgcsv.com/nLH,2023-01-06T21:08:58.797,1,85/98,Uncommon,Colorless,90,Stage 1,[1] Captivate - Switch the Defending Pokemon with 1 of your opponent's Benched Pokemon.,[2] Fluffy Tail (30) The Defending Pokemon is now Asleep.,Fx2,1,0.39,0.61,1.25,0.7,,Reverse Holofoil,,
84377,Cobalion,Cobalion,https://tcgplayer-cdn.tcgplayer.com/product/84377_200w.jpg,3,1424,https://cpt.tcgcsv.com/zMH,2024-10-17T20:20:17.38,1,77/98,Holo Rare,Metal,110,Basic,[1M] Metal Horns (30) Your opponent switches the Defending Pokemon with 1 of his or her Benched Pokemon.,[1MM] Sacred Sword (100) This Pokemon can't use Sacred Sword during your next turn.,Rx2,2,0.75,1.24,3.99,1.49,,Holofoil,,P-20
84377,Cobalion,Cobalion,https://tcgplayer-cdn.tcgplayer.com/product/84377_200w.jpg,3,1424,https://cpt.tcgcsv.com/zMH,2024-10-17T20:20:17.38,1,77/98,Holo Rare,Metal,110,Basic,[1M] Metal Horns (30) Your opponent switches the Defending Pokemon with 1 of his or her Benched Pokemon.,[1MM] Sacred Sword (100) This Pokemon can't use Sacred Sword during your next turn.,Rx2,2,1.0,2.59,6.98,2.76,,Reverse Holofoil,,P-20
84445,Cottonee (9),Cottonee 9,https://tcgplayer-cdn.tcgplayer.com/product/84445_200w.jpg,3,1424,https://cpt.tcgcsv.com/WNH,2023-01-06T20:46:46.35,1,9/98,Common,Grass,40,Basic,[G] Absorb (10) Heal 10 damage from this Pokemon.,,Rx2,1,0.05,0.27,8.64,0.28,,Normal,,W-20
84445,Cottonee (9),Cottonee 9,https://tcgplayer-cdn.tcgplayer.com/product/84445_200w.jpg,3,1424,https://cpt.tcgcsv.com/WNH,2023-01-06T20:46:46.35,1,9/98,Common,Grass,40,Basic,[G] Absorb (10) Heal 10 damage from this Pokemon.,,Rx2,1,1.63,2.45,3.44,1.86,,Reverse Holofoil,,W-20
84446,Cottonee (10),Cottonee 10,https://tcgplayer-cdn.tcgplayer.com/product/84446_200w.jpg,3,1424,https://cpt.tcgcsv.com/XNH,2023-01-06T20:46:55.097,1,10/98,Common,Grass,50,Basic,"[G] Cotton Guard (10) During your opponent's next turn, any damage done to this Pokemon by attacks is reduced by 10 (after applying Weakness and Resistance).",,Rx2,1,0.15,0.25,1.0,0.24,,Normal,,W-20
84446,Cottonee (10),Cottonee 10,https://tcgplayer-cdn.tcgplayer.com/product/84446_200w.jpg,3,1424,https://cpt.tcgcsv.com/XNH,2023-01-06T20:46:55.097,1,10/98,Common,Grass,50,Basic,"[G] Cotton Guard (10) During your opponent's next turn, any damage done to this Pokemon by attacks is reduced by 10 (after applying Weakness and Resistance).",,Rx2,1,0.7,1.53,3.57,0.7,,Reverse Holofoil,,W-20
84505,Crushing Hammer,Crushing Hammer,https://tcgplayer-cdn.tcgplayer.com/product/84505_200w.jpg,3,1424,https://cpt.tcgcsv.com/7QH,2024-07-26T17:56:23.003,1,92/98,Uncommon,Item,0,Item,"Flip a coin.  If heads, discard an Energy attached to 1 of your opponent's Pokemon.",,,,0.2,0.51,3.98,0.51,,Normal,You may play as many Item cards as you like during your turn (before your attack).,
84505,Crushing Hammer,Crushing Hammer,https://tcgplayer-cdn.tcgplayer.com/product/84505_200w.jpg,3,1424,https://cpt.tcgcsv.com/7QH,2024-07-26T17:56:23.003,1,92/98,Uncommon,Item,0,Item,"Flip a coin.  If heads, discard an Energy attached to 1 of your opponent's Pokemon.",,,,0.5,1.88,6.12,1.35,,Reverse Holofoil,You may play as many Item cards as you like during your turn (before your attack).,
84523,Cubchoo (28),Cubchoo 28,https://tcgplayer-cdn.tcgplayer.com/product/84523_200w.jpg,3,1424,https://cpt.tcgcsv.com/tQH,2023-01-06T20:57:33.85,1,28/98,Common,Water,70,Basic,"[W] Powder Snow (10) Flip a coin.  If heads, the Defending Pokemon is now Asleep.",[2] Rest - Heal 60 damage from this Pokemon.  This Pokemon is now Asleep.,Mx2,2,0.09,0.3,1.49,0.32,,Normal,,
84523,Cubchoo (28),Cubchoo 28,https://tcgplayer-cdn.tcgplayer.com/product/84523_200w.jpg,3,1424,https://cpt.tcgcsv.com/tQH,2023-01-06T20:57:33.85,1,28/98,Common,Water,70,Basic,"[W] Powder Snow (10) Flip a coin.  If heads, the Defending Pokemon is now Asleep.",[2] Rest - Heal 60 damage from this Pokemon.  This Pokemon is now Asleep.,Mx2,2,1.0,2.51,3.0,1.54,,Reverse Holofoil,,
84524,Cubchoo (29),Cubchoo 29,https://tcgplayer-cdn.tcgplayer.com/product/84524_200w.jpg,3,1424,https://cpt.tcgcsv.com/vQH,2024-07-26T17:56:23.097,1,29/98,Common,Water,70,Basic,[WW] Icicle Punch (30),,Mx2,2,0.1,0.3,3.2,0.36,,Normal,,
84524,Cubchoo (29),Cubchoo 29,https://tcgplayer-cdn.tcgplayer.com/product/84524_200w.jpg,3,1424,https://cpt.tcgcsv.com/vQH,2024-07-26T17:56:23.097,1,29/98,Common,Water,70,Basic,[WW] Icicle Punch (30),,Mx2,2,1.5,3.8,3.94,3.8,,Reverse Holofoil,,
84714,Darmanitan,Darmanitan,https://tcgplayer-cdn.tcgplayer.com/product/84714_200w.jpg,3,1424,https://cpt.tcgcsv.com/jVH,2023-01-06T20:49:59.46,1,21/98,Rare,Fire,100,Stage 1,"[2] Rock Smash (20+) Flip a coin.  If heads, this attack does 20 more damage.",[2RR] Fire Punch (70) The Defending Pokemon is now Burned.,Wx2,3,0.24,0.57,2.0,0.67,,Normal,,
84714,Darmanitan,Darmanitan,https://tcgplayer-cdn.tcgplayer.com/product/84714_200w.jpg,3,1424,https://cpt.tcgcsv.com/jVH,2023-01-06T20:49:59.46,1,21/98,Rare,Fire,100,Stage 1,"[2] Rock Smash (20+) Flip a coin.  If heads, this attack does 20 more damage.",[2RR] Fire Punch (70) The Defending Pokemon is now Burned.,Wx2,3,1.0,1.38,2.94,1.48,,Reverse Holofoil,,
84719,Darumaka,Darumaka,https://tcgplayer-cdn.tcgplayer.com/product/84719_200w.jpg,3,1424,https://cpt.tcgcsv.com/pVH,2023-11-22T17:51:16.7,1,20/98,Common,Fire,70,Basic,[1] Tackle (10),[2R] Combustion (30),Wx2,2,0.05,0.23,1.49,0.2,,Normal,,
84719,Darumaka,Darumaka,https://tcgplayer-cdn.tcgplayer.com/product/84719_200w.jpg,3,1424,https://cpt.tcgcsv.com/pVH,2023-11-22T17:51:16.7,1,20/98,Common,Fire,70,Basic,[1] Tackle (10),[2R] Combustion (30),Wx2,2,0.49,1.57,4.49,0.68,,Reverse Holofoil,,
84725,Deerling,Deerling,https://tcgplayer-cdn.tcgplayer.com/product/84725_200w.jpg,3,1424,https://cpt.tcgcsv.com/wVH,2023-01-06T20:47:36.82,1,15/98,Common,Grass,60,Basic,[1] Tackle (10),"[GG] Wild Kick (40) Flip a coin.  If tails, this attack does nothing.",Rx2,1,0.11,0.32,1.49,0.35,,Normal,,W-20
84725,Deerling,Deerling,https://tcgplayer-cdn.tcgplayer.com/product/84725_200w.jpg,3,1424,https://cpt.tcgcsv.com/wVH,2023-01-06T20:47:36.82,1,15/98,Common,Grass,60,Basic,[1] Tackle (10),"[GG] Wild Kick (40) Flip a coin.  If tails, this attack does nothing.",Rx2,1,3.0,4.0,5.77,5.41,,Reverse Holofoil,,W-20
84964,Drilbur (54),Drilbur 54,https://tcgplayer-cdn.tcgplayer.com/product/84964_200w.jpg,3,1424,https://cpt.tcgcsv.com/j_H,2023-01-06T21:02:38.72,1,54/98,Uncommon,Fighting,70,Basic,"[1] Hone Claws - During your next turn, each of this Pokemon's attacks does 30 more damage (before applying Weakness and Resistance).",[F] Scratch (10),Wx2,2,0.2,0.3,1.49,0.31,0.24,Normal,,L-20
84964,Drilbur (54),Drilbur 54,https://tcgplayer-cdn.tcgplayer.com/product/84964_200w.jpg,3,1424,https://cpt.tcgcsv.com/j_H,2023-01-06T21:02:38.72,1,54/98,Uncommon,Fighting,70,Basic,"[1] Hone Claws - During your next turn, each of this Pokemon's attacks does 30 more damage (before applying Weakness and Resistance).",[F] Scratch (10),Wx2,2,0.35,0.66,3.98,0.66,,Reverse Holofoil,,L-20
84965,Drilbur (55),Drilbur 55,https://tcgplayer-cdn.tcgplayer.com/product/84965_200w.jpg,3,1424,https://cpt.tcgcsv.com/k_H,2023-04-04T10:25:46.767,1,55/98,Common,Fighting,60,Basic,[1FF] Mud-Slap (40),,Wx2,1,0.04,0.22,1.0,0.21,,Normal,,L-20
84965,Drilbur (55),Drilbur 55,https://tcgplayer-cdn.tcgplayer.com/product/84965_200w.jpg,3,1424,https://cpt.tcgcsv.com/k_H,2023-04-04T10:25:46.767,1,55/98,Common,Fighting,60,Basic,[1FF] Mud-Slap (40),,Wx2,1,0.39,1.94,3.98,1.38,,Reverse Holofoil,,L-20
84991,Ducklett,Ducklett,https://tcgplayer-cdn.tcgplayer.com/product/84991_200w.jpg,3,1424,https://cpt.tcgcsv.com/R_H,2023-01-06T20:57:17.01,1,26/98,Common,Water,60,Basic,[1] Roost - Heal 40 damage from this Pokemon.  This Pokemon can't retreat during your next turn.,[WW] Rain Splash (20),Lx2,1,0.05,0.25,1.0,0.28,,Normal,,F-20
84991,Ducklett,Ducklett,https://tcgplayer-cdn.tcgplayer.com/product/84991_200w.jpg,3,1424,https://cpt.tcgcsv.com/R_H,2023-01-06T20:57:17.01,1,26/98,Common,Water,60,Basic,[1] Roost - Heal 40 damage from this Pokemon.  This Pokemon can't retreat during your next turn.,[WW] Rain Splash (20),Lx2,1,2.1,3.27,6.95,3.27,,Reverse Holofoil,,F-20
85188,Emolga,Emolga,https://tcgplayer-cdn.tcgplayer.com/product/85188_200w.jpg,3,1424,https://cpt.tcgcsv.com/N5J,2023-01-06T20:58:13.767,1,32/98,Common,Lightning,70,Basic,"[L] Thundershock (10) Flip a coin.  If heads, the Defending Pokemon is now Paralyzed.",[2] Acrobatics (10+) Flip 2 coins.  This attack does 20 more damage for each heads.,Fx2,0,0.15,0.42,1.99,0.44,,Normal,,
85188,Emolga,Emolga,https://tcgplayer-cdn.tcgplayer.com/product/85188_200w.jpg,3,1424,https://cpt.tcgcsv.com/N5J,2023-01-06T20:58:13.767,1,32/98,Common,Lightning,70,Basic,"[L] Thundershock (10) Flip a coin.  If heads, the Defending Pokemon is now Paralyzed.",[2] Acrobatics (10+) Flip 2 coins.  This attack does 20 more damage for each heads.,Fx2,0,2.43,3.13,3.35,3.13,,Reverse Holofoil,,
85336,Excadrill (56),Excadrill 56,https://tcgplayer-cdn.tcgplayer.com/product/85336_200w.jpg,3,1424,https://cpt.tcgcsv.com/L8J,2023-01-06T21:02:56.61,1,56/98,Holo Rare,Fighting,110,Stage 1,[1] Metal Claw (30),[FFF] Drill Run (80) Discard an Energy attached to the Defending Pokemon.,Wx2,2,0.75,1.49,6.95,1.64,,Holofoil,,L-20
85336,Excadrill (56),Excadrill 56,https://tcgplayer-cdn.tcgplayer.com/product/85336_200w.jpg,3,1424,https://cpt.tcgcsv.com/L8J,2023-01-06T21:02:56.61,1,56/98,Holo Rare,Fighting,110,Stage 1,[1] Metal Claw (30),[FFF] Drill Run (80) Discard an Energy attached to the Defending Pokemon.,Wx2,2,0.45,1.51,3.58,2.18,,Reverse Holofoil,,L-20
85337,Excadrill (57),Excadrill 57,https://tcgplayer-cdn.tcgplayer.com/product/85337_200w.jpg,3,1424,https://cpt.tcgcsv.com/M8J,2023-11-19T17:37:19.257,1,57/98,Rare,Fighting,120,Stage 1,"[1F] Dig (30) Flip a coin.  If heads, prevent all effects of attacks, including damage, done to this Pokemon during your opponent's next turn.",[2F] Earthquake (70) Does 10 damage to each of your Benched Pokemon.  (Don't apply Weakness and Resistance for Benched Pokemon.),Wx2,2,0.39,0.62,0.89,0.62,,Normal,,L-20
85337,Excadrill (57),Excadrill 57,https://tcgplayer-cdn.tcgplayer.com/product/85337_200w.jpg,3,1424,https://cpt.tcgcsv.com/M8J,2023-11-19T17:37:19.257,1,57/98,Rare,Fighting,120,Stage 1,"[1F] Dig (30) Flip a coin.  If heads, prevent all effects of attacks, including damage, done to this Pokemon during your opponent's next turn.",[2F] Earthquake (70) Does 10 damage to each of your Benched Pokemon.  (Don't apply Weakness and Resistance for Benched Pokemon.),Wx2,2,0.5,1.93,4.54,1.66,2.85,Reverse Holofoil,,L-20
85425,Ferroseed (70),Ferroseed 70,https://tcgplayer-cdn.tcgplayer.com/product/85425_200w.jpg,3,1424,https://cpt.tcgcsv.com/wbJ,2023-01-06T21:06:16.093,1,70/98,Common,Metal,60,Basic,[1M] Pin Missile (10x) Flip 4 coins.  This attack does 10 damage times the number of heads.,,Rx2,2,0.1,0.26,1.0,0.26,0.19,Normal,,P-20
85425,Ferroseed (70),Ferroseed 70,https://tcgplayer-cdn.tcgplayer.com/product/85425_200w.jpg,3,1424,https://cpt.tcgcsv.com/wbJ,2023-01-06T21:06:16.093,1,70/98,Common,Metal,60,Basic,[1M] Pin Missile (10x) Flip 4 coins.  This attack does 10 damage times the number of heads.,,Rx2,2,0.76,0.94,2.0,0.92,,Reverse Holofoil,,P-20
85426,Ferroseed (71),Ferroseed 71,https://tcgplayer-cdn.tcgplayer.com/product/85426_200w.jpg,3,1424,https://cpt.tcgcsv.com/xbJ,2023-02-27T05:54:21.917,1,71/98,Common,Metal,50,Basic,[MM] Pierce (20),,Rx2,2,0.05,0.25,1.0,0.24,0.2,Normal,,P-20
85426,Ferroseed (71),Ferroseed 71,https://tcgplayer-cdn.tcgplayer.com/product/85426_200w.jpg,3,1424,https://cpt.tcgcsv.com/xbJ,2023-02-27T05:54:21.917,1,71/98,Common,Metal,50,Basic,[MM] Pierce (20),,Rx2,2,0.75,0.79,0.99,0.77,,Reverse Holofoil,,P-20
85428,Ferrothorn (72),Ferrothorn 72,https://tcgplayer-cdn.tcgplayer.com/product/85428_200w.jpg,3,1424,https://cpt.tcgcsv.com/BbJ,2023-03-27T15:41:35.3,1,72/98,Rare,Metal,90,Stage 1,[M] Steele Feelers (30x) Flip 3 coins.  This attack does 30 damage times the number of heads.,"[2M] Gyro Ball (60) Switch this Pokemon with 1 of your Benched Pokemon.  Then, your opponent switches the Defending Pokemon with 1 of his or her Benched Pokemon.",Rx2,2,0.5,0.96,4.95,0.81,,Normal,,P-20
85428,Ferrothorn (72),Ferrothorn 72,https://tcgplayer-cdn.tcgplayer.com/product/85428_200w.jpg,3,1424,https://cpt.tcgcsv.com/BbJ,2023-03-27T15:41:35.3,1,72/98,Rare,Metal,90,Stage 1,[M] Steele Feelers (30x) Flip 3 coins.  This attack does 30 damage times the number of heads.,"[2M] Gyro Ball (60) Switch this Pokemon with 1 of your Benched Pokemon.  Then, your opponent switches the Defending Pokemon with 1 of his or her Benched Pokemon.",Rx2,2,0.99,1.79,7.95,1.54,,Reverse Holofoil,,P-20
85429,Ferrothorn (73),Ferrothorn 73,https://tcgplayer-cdn.tcgplayer.com/product/85429_200w.jpg,3,1424,https://cpt.tcgcsv.com/CbJ,2023-01-06T21:06:47.737,1,73/98,Uncommon,Metal,90,Stage 1,"[M] Iron Defense
<br>Flip a coin.  If heads, prevent all effects of attacks, including damage, done to this Pokemon during your opponent's next turn.","[2] Power Whip
<br>Does 10 damage for each Energy attached to this Pokemon to 1 of your opponent's Pokemon.  <em>Don't apply Weakness and Resistance for Benched Pokemon.)</em>",Rx2,3,0.12,0.43,1.5,0.43,0.17,Normal,,P-20
85429,Ferrothorn (73),Ferrothorn 73,https://tcgplayer-cdn.tcgplayer.com/product/85429_200w.jpg,3,1424,https://cpt.tcgcsv.com/CbJ,2023-01-06T21:06:47.737,1,73/98,Uncommon,Metal,90,Stage 1,"[M] Iron Defense
<br>Flip a coin.  If heads, prevent all effects of attacks, including damage, done to this Pokemon during your opponent's next turn.","[2] Power Whip
<br>Does 10 damage for each Energy attached to this Pokemon to 1 of your opponent's Pokemon.  <em>Don't apply Weakness and Resistance for Benched Pokemon.)</em>",Rx2,3,0.34,0.73,5.42,0.52,0.74,Reverse Holofoil,,P-20
85611,Galvantula,Galvantula,https://tcgplayer-cdn.tcgplayer.com/product/85611_200w.jpg,3,1424,https://cpt.tcgcsv.com/fgJ,2023-01-06T20:58:35.867,1,34/98,Uncommon,Lightning,80,Stage 1,[1] Gnaw (20),"[1L] Stun Needle (30) Flip a coin.  If heads, the Defending Pokemon is now Paralyzed.",Fx2,0,0.1,0.33,1.28,0.33,,Normal,,
85611,Galvantula,Galvantula,https://tcgplayer-cdn.tcgplayer.com/product/85611_200w.jpg,3,1424,https://cpt.tcgcsv.com/fgJ,2023-01-06T20:58:35.867,1,34/98,Uncommon,Lightning,80,Stage 1,[1] Gnaw (20),"[1L] Stun Needle (30) Flip a coin.  If heads, the Defending Pokemon is now Paralyzed.",Fx2,0,0.34,0.69,2.98,0.67,2.49,Reverse Holofoil,,
85705,Gigalith,Gigalith,https://tcgplayer-cdn.tcgplayer.com/product/85705_200w.jpg,3,1424,https://cpt.tcgcsv.com/7jJ,2023-01-06T21:02:27.397,1,53/98,Rare,Fighting,140,Stage 2,"[F] Shear - Discard the top 5 cards of your deck.  If any of those cards are F Energy cards, attach them to this Pokemon.",[4] Rock Bullet (40+) Does 20 more damage for each F Energy attached to this Pokemon.,Gx2,4,0.38,0.53,2.0,0.48,,Normal,,
85705,Gigalith,Gigalith,https://tcgplayer-cdn.tcgplayer.com/product/85705_200w.jpg,3,1424,https://cpt.tcgcsv.com/7jJ,2023-01-06T21:02:27.397,1,53/98,Rare,Fighting,140,Stage 2,"[F] Shear - Discard the top 5 cards of your deck.  If any of those cards are F Energy cards, attach them to this Pokemon.",[4] Rock Bullet (40+) Does 20 more damage for each F Energy attached to this Pokemon.,Gx2,4,0.7,1.59,3.98,1.74,,Reverse Holofoil,,
85845,Gothita (43),Gothita 43,https://tcgplayer-cdn.tcgplayer.com/product/85845_200w.jpg,3,1424,https://cpt.tcgcsv.com/WlJ,2023-01-06T21:00:56.367,1,43/98,Common,Psychic,60,Basic,[1] Hypnotic Gaze - The Defending Pokemon is now Asleep.,[2] Double Slap (20x) Flip 2 coins.  This attack does 20 damage times the number of heads.,Px2,1,0.09,0.27,8.64,0.63,0.22,Normal,,
85845,Gothita (43),Gothita 43,https://tcgplayer-cdn.tcgplayer.com/product/85845_200w.jpg,3,1424,https://cpt.tcgcsv.com/WlJ,2023-01-06T21:00:56.367,1,43/98,Common,Psychic,60,Basic,[1] Hypnotic Gaze - The Defending Pokemon is now Asleep.,[2] Double Slap (20x) Flip 2 coins.  This attack does 20 damage times the number of heads.,Px2,1,0.49,0.7,0.99,0.86,,Reverse Holofoil,,
85846,Gothita (44),Gothita 44,https://tcgplayer-cdn.tcgplayer.com/product/85846_200w.jpg,3,1424,https://cpt.tcgcsv.com/XlJ,2023-01-06T21:01:05.663,1,44/98,Common,Psychic,60,Basic,[2] Smack (20),,Px2,1,0.12,0.26,0.99,0.27,,Normal,,
85846,Gothita (44),Gothita 44,https://tcgplayer-cdn.tcgplayer.com/product/85846_200w.jpg,3,1424,https://cpt.tcgcsv.com/XlJ,2023-01-06T21:01:05.663,1,44/98,Common,Psychic,60,Basic,[2] Smack (20),,Px2,1,0.37,0.77,5.42,0.76,,Reverse Holofoil,,
85851,Gothitelle (47),Gothitelle 47,https://tcgplayer-cdn.tcgplayer.com/product/85851_200w.jpg,3,1424,https://cpt.tcgcsv.com/2mJ,2023-01-06T21:01:30.86,1,47/98,Holo Rare,Psychic,130,Stage 2,[3] Madkinesis (30+) Does 20 more damage for each P Energy attached to this Pokemon.,,Px2,2,0.8,1.41,7.48,1.49,,Holofoil,"Magic Room - As long as this Pokemon is your Active Pokemon, your opponent can't play any Item cards from his or her hand.  (Ability)",
85851,Gothitelle (47),Gothitelle 47,https://tcgplayer-cdn.tcgplayer.com/product/85851_200w.jpg,3,1424,https://cpt.tcgcsv.com/2mJ,2023-01-06T21:01:30.86,1,47/98,Holo Rare,Psychic,130,Stage 2,[3] Madkinesis (30+) Does 20 more damage for each P Energy attached to this Pokemon.,,Px2,2,2.0,2.42,8.98,2.18,,Reverse Holofoil,"Magic Room - As long as this Pokemon is your Active Pokemon, your opponent can't play any Item cards from his or her hand.  (Ability)",
85852,Gothitelle (48),Gothitelle 48,https://tcgplayer-cdn.tcgplayer.com/product/85852_200w.jpg,3,1424,https://cpt.tcgcsv.com/3mJ,2023-01-06T21:01:38.877,1,48/98,Rare,Psychic,120,Stage 2,[P] Smack (30),"[2P] Mental Shock (60) Flip a coin.  If heads, the Defending Pokemon is now Confused.  If tails, discard an Energy attached to the Defending Pokemon.",Px2,1,0.2,0.49,2.98,0.49,,Normal,,
85852,Gothitelle (48),Gothitelle 48,https://tcgplayer-cdn.tcgplayer.com/product/85852_200w.jpg,3,1424,https://cpt.tcgcsv.com/3mJ,2023-01-06T21:01:38.877,1,48/98,Rare,Psychic,120,Stage 2,[P] Smack (30),"[2P] Mental Shock (60) Flip a coin.  If heads, the Defending Pokemon is now Confused.  If tails, discard an Energy attached to the Defending Pokemon.",Px2,1,0.75,1.99,6.0,1.41,,Reverse Holofoil,,
85855,Gothorita (45),Gothorita 45,https://tcgplayer-cdn.tcgplayer.com/product/85855_200w.jpg,3,1424,https://cpt.tcgcsv.com/7mJ,2023-01-06T21:01:13.42,1,45/98,Uncommon,Psychic,80,Stage 1,[1] Double Slap (20x) Flip 2 coins.  This attack does 20 damage times the number of heads.,[1P] Psybeam (20) The Defending Pokemon is now Confused.,Px2,1,0.15,0.26,1.49,0.3,0.24,Normal,,
85855,Gothorita (45),Gothorita 45,https://tcgplayer-cdn.tcgplayer.com/product/85855_200w.jpg,3,1424,https://cpt.tcgcsv.com/7mJ,2023-01-06T21:01:13.42,1,45/98,Uncommon,Psychic,80,Stage 1,[1] Double Slap (20x) Flip 2 coins.  This attack does 20 damage times the number of heads.,[1P] Psybeam (20) The Defending Pokemon is now Confused.,Px2,1,0.25,0.73,6.48,0.87,,Reverse Holofoil,,
85856,Gothorita (46),Gothorita 46,https://tcgplayer-cdn.tcgplayer.com/product/85856_200w.jpg,3,1424,https://cpt.tcgcsv.com/8mJ,2023-01-06T21:01:22.577,1,46/98,Uncommon,Psychic,80,Stage 1,"[P] Deleting Glare - Flip a coin.  If heads, discard an Energy attached to 1 of your opponent's Pokemon.",[2P] Super Psy Bolt (50),Px2,1,0.14,0.39,1.5,0.37,,Normal,,
85856,Gothorita (46),Gothorita 46,https://tcgplayer-cdn.tcgplayer.com/product/85856_200w.jpg,3,1424,https://cpt.tcgcsv.com/8mJ,2023-01-06T21:01:22.577,1,46/98,Uncommon,Psychic,80,Stage 1,"[P] Deleting Glare - Flip a coin.  If heads, discard an Energy attached to 1 of your opponent's Pokemon.",[2P] Super Psy Bolt (50),Px2,1,0.71,1.02,9.95,1.03,,Reverse Holofoil,,
85899,Great Ball,Great Ball,https://tcgplayer-cdn.tcgplayer.com/product/85899_200w.jpg,3,1424,https://cpt.tcgcsv.com/_mJ,2024-12-20T19:09:55.203,1,93/98,Uncommon,Item,0,Item,Look at the top 7 cards of your deck.  You may reveal a Pokemon you find there and put it into your hand.  Shuffle the other cards back into your deck.,,,,0.01,0.25,1.49,0.25,0.13,Normal,You may play as many Item cards as you like during your turn (before your attack).,
85899,Great Ball,Great Ball,https://tcgplayer-cdn.tcgplayer.com/product/85899_200w.jpg,3,1424,https://cpt.tcgcsv.com/_mJ,2024-12-20T19:09:55.203,1,93/98,Uncommon,Item,0,Item,Look at the top 7 cards of your deck.  You may reveal a Pokemon you find there and put it into your hand.  Shuffle the other cards back into your deck.,,,,0.72,0.94,2.11,1.0,,Reverse Holofoil,You may play as many Item cards as you like during your turn (before your attack).,
86355,Joltik,Joltik,https://tcgplayer-cdn.tcgplayer.com/product/86355_200w.jpg,3,1424,https://cpt.tcgcsv.com/7zJ,2023-01-06T20:58:25.343,1,33/98,Common,Lightning,40,Basic,[1] Gnaw (10),,Fx2,1,0.15,0.28,1.0,0.33,,Normal,,
86355,Joltik,Joltik,https://tcgplayer-cdn.tcgplayer.com/product/86355_200w.jpg,3,1424,https://cpt.tcgcsv.com/7zJ,2023-01-06T20:58:25.343,1,33/98,Common,Lightning,40,Basic,[1] Gnaw (10),,Fx2,1,2.07,3.0,5.39,5.39,,Reverse Holofoil,,
86475,Klang,Klang,https://tcgplayer-cdn.tcgplayer.com/product/86475_200w.jpg,3,1424,https://cpt.tcgcsv.com/wCJ,2023-01-06T21:07:05.423,1,75/98,Uncommon,Metal,80,Stage 1,[1] Metal Sound - The Defending Pokemon is now Confused.,"[1MM] Guard Press (60) During your opponent's next turn, any damage done to this Pokemon by attacks is reduced by 20 (after applying Weakness and Resistance).",Rx2,1,0.1,0.25,1.25,0.25,,Normal,,P-20
86475,Klang,Klang,https://tcgplayer-cdn.tcgplayer.com/product/86475_200w.jpg,3,1424,https://cpt.tcgcsv.com/wCJ,2023-01-06T21:07:05.423,1,75/98,Uncommon,Metal,80,Stage 1,[1] Metal Sound - The Defending Pokemon is now Confused.,"[1MM] Guard Press (60) During your opponent's next turn, any damage done to this Pokemon by attacks is reduced by 20 (after applying Weakness and Resistance).",Rx2,1,0.33,0.56,1.32,0.38,,Reverse Holofoil,,P-20
86481,Klink,Klink,https://tcgplayer-cdn.tcgplayer.com/product/86481_200w.jpg,3,1424,https://cpt.tcgcsv.com/FCJ,2024-07-26T17:56:23.127,1,74/98,Common,Metal,60,Basic,[1] Spinning Attack (10),[2M] Gear Grind (30x) Flip 2 coins.  This attack does 30 damage times the number of heads.,Rx2,1,0.05,0.24,2.99,0.18,0.19,Normal,,P-20
86481,Klink,Klink,https://tcgplayer-cdn.tcgplayer.com/product/86481_200w.jpg,3,1424,https://cpt.tcgcsv.com/FCJ,2024-07-26T17:56:23.127,1,74/98,Common,Metal,60,Basic,[1] Spinning Attack (10),[2M] Gear Grind (30x) Flip 2 coins.  This attack does 30 damage times the number of heads.,Rx2,1,0.45,0.88,1.49,0.81,,Reverse Holofoil,,P-20
86486,Klinklang,Klinklang,https://tcgplayer-cdn.tcgplayer.com/product/86486_200w.jpg,3,1424,https://cpt.tcgcsv.com/LCJ,2023-01-06T21:07:14.307,1,76/98,Rare,Metal,150,Stage 2,[M] Charge Beam (30) Attach an Energy card from your discard pile to this Pokemon.,"[2M] Zap Cannon (80) Flip a coin.  If tails, this Pokemon can't use Zap Cannon during your next turn.",Rx2,4,0.42,1.13,2.29,1.35,2.29,Normal,,P-20
86486,Klinklang,Klinklang,https://tcgplayer-cdn.tcgplayer.com/product/86486_200w.jpg,3,1424,https://cpt.tcgcsv.com/LCJ,2023-01-06T21:07:14.307,1,76/98,Rare,Metal,150,Stage 2,[M] Charge Beam (30) Attach an Energy card from your discard pile to this Pokemon.,"[2M] Zap Cannon (80) Flip a coin.  If tails, this Pokemon can't use Zap Cannon during your next turn.",Rx2,4,0.8,1.47,5.42,1.28,,Reverse Holofoil,,P-20
86537,Krokorok,Krokorok,https://tcgplayer-cdn.tcgplayer.com/product/86537_200w.jpg,3,1424,https://cpt.tcgcsv.com/MDJ,2023-01-06T21:04:35.443,1,61/98,Uncommon,Fighting,90,Stage 1,[1] Bite (20),"[2F] Crunch (40) Flip a coin.  If heads, discard an Energy attached to the Defending Pokemon.",Wx2,2,0.09,0.26,1.0,0.21,0.2,Normal,,
86537,Krokorok,Krokorok,https://tcgplayer-cdn.tcgplayer.com/product/86537_200w.jpg,3,1424,https://cpt.tcgcsv.com/MDJ,2023-01-06T21:04:35.443,1,61/98,Uncommon,Fighting,90,Stage 1,[1] Bite (20),"[2F] Crunch (40) Flip a coin.  If heads, discard an Energy attached to the Defending Pokemon.",Wx2,2,0.3,0.55,2.0,0.52,,Reverse Holofoil,,
86542,Krookodile,Krookodile,https://tcgplayer-cdn.tcgplayer.com/product/86542_200w.jpg,3,1424,https://cpt.tcgcsv.com/SDJ,2023-04-11T07:47:34.72,1,62/98,Rare,Fighting,140,Stage 2,"[1FF] Thrash (70+) Flip a coin.  If heads, this attack does 20 more damage.  If tails, this Pokemon does 20 damage to itself.",,Wx2,3,0.3,0.53,3.0,0.6,,Normal,"Black Eyes - Once during your turn (before your attack), if this Pokemon is your Active Pokemon, you may flip a coin.  If heads, discard an Energy attached to your opponent's Active Pokemon.  (Ability)",L-20
86542,Krookodile,Krookodile,https://tcgplayer-cdn.tcgplayer.com/product/86542_200w.jpg,3,1424,https://cpt.tcgcsv.com/SDJ,2023-04-11T07:47:34.72,1,62/98,Rare,Fighting,140,Stage 2,"[1FF] Thrash (70+) Flip a coin.  If heads, this attack does 20 more damage.  If tails, this Pokemon does 20 damage to itself.",,Wx2,3,0.75,1.16,1.29,1.67,,Reverse Holofoil,"Black Eyes - Once during your turn (before your attack), if this Pokemon is your Active Pokemon, you may flip a coin.  If heads, discard an Energy attached to your opponent's Active Pokemon.  (Ability)",L-20
86685,Leavanny (7),Leavanny 7,https://tcgplayer-cdn.tcgplayer.com/product/86685_200w.jpg,3,1424,https://cpt.tcgcsv.com/KHJ,2023-01-06T20:46:28.067,1,7/98,Rare,Grass,130,Stage 2,[1] Nurturing - Choose 1 of your Pokemon.  Search your deck for a card that evolves from that Pokemon and put it onto that Pokemon.  (This counts as evolving that Pokemon.)  Shuffle your deck afterward.,"[1G] X-Scissor (30+) Flip a coin.  If heads, this attack does 50 more damage.",Rx2,1,0.55,0.75,1.77,0.85,,Normal,,
86685,Leavanny (7),Leavanny 7,https://tcgplayer-cdn.tcgplayer.com/product/86685_200w.jpg,3,1424,https://cpt.tcgcsv.com/KHJ,2023-01-06T20:46:28.067,1,7/98,Rare,Grass,130,Stage 2,[1] Nurturing - Choose 1 of your Pokemon.  Search your deck for a card that evolves from that Pokemon and put it onto that Pokemon.  (This counts as evolving that Pokemon.)  Shuffle your deck afterward.,"[1G] X-Scissor (30+) Flip a coin.  If heads, this attack does 50 more damage.",Rx2,1,1.85,2.34,3.67,2.5,,Reverse Holofoil,,
86686,Leavanny (8),Leavanny 8,https://tcgplayer-cdn.tcgplayer.com/product/86686_200w.jpg,3,1424,https://cpt.tcgcsv.com/LHJ,2023-01-06T20:46:37.847,1,8/98,Rare,Grass,130,Stage 2,[1] Slash (30),[1GG] Triple Cutter (60x) Flip 3 coins.  This attack does 60 damage times the number of heads.,Rx2,1,0.42,0.9,2.99,0.97,,Normal,,
86686,Leavanny (8),Leavanny 8,https://tcgplayer-cdn.tcgplayer.com/product/86686_200w.jpg,3,1424,https://cpt.tcgcsv.com/LHJ,2023-01-06T20:46:37.847,1,8/98,Rare,Grass,130,Stage 2,[1] Slash (30),[1GG] Triple Cutter (60x) Flip 3 coins.  This attack does 60 damage times the number of heads.,Rx2,1,0.58,1.61,5.42,0.92,,Reverse Holofoil,,
86726,Liepard,Liepard,https://tcgplayer-cdn.tcgplayer.com/product/86726_200w.jpg,3,1424,https://cpt.tcgcsv.com/xJJ,2023-01-06T21:05:27.83,1,65/98,Rare,Darkness,80,Stage 1,"[D] Feint Attack - Does 30 damage to 1 of your opponent's Pokemon.  This attack's damage isn't affected by Weakness, Resistance, or any other effects on that Pokemon.","[2D] Claw Rend (50+) If the Defending Pokemon already has any damage counters on it, this attack does 30 more damage.",Fx2,1,0.45,1.29,2.05,1.33,,Normal,,P-20
86726,Liepard,Liepard,https://tcgplayer-cdn.tcgplayer.com/product/86726_200w.jpg,3,1424,https://cpt.tcgcsv.com/xJJ,2023-01-06T21:05:27.83,1,65/98,Rare,Darkness,80,Stage 1,"[D] Feint Attack - Does 30 damage to 1 of your opponent's Pokemon.  This attack's damage isn't affected by Weakness, Resistance, or any other effects on that Pokemon.","[2D] Claw Rend (50+) If the Defending Pokemon already has any damage counters on it, this attack does 30 more damage.",Fx2,1,0.95,1.39,6.39,1.37,,Reverse Holofoil,,P-20
86793,Lilligant,Lilligant,https://tcgplayer-cdn.tcgplayer.com/product/86793_200w.jpg,3,1424,https://cpt.tcgcsv.com/TKJ,2024-05-31T16:07:46.603,1,14/98,Uncommon,Grass,90,Stage 1,"[G] Bemusing Aroma (20) Flip a coin.  If heads, the Defending Pokemon is now Paralyzed and Poisoned.  If tails, the Defending Pokemon is now Confused.",[2G] Cut (60),Rx2,1,0.24,0.5,3.99,0.62,,Normal,,W-20
86793,Lilligant,Lilligant,https://tcgplayer-cdn.tcgplayer.com/product/86793_200w.jpg,3,1424,https://cpt.tcgcsv.com/TKJ,2024-05-31T16:07:46.603,1,14/98,Uncommon,Grass,90,Stage 1,"[G] Bemusing Aroma (20) Flip a coin.  If heads, the Defending Pokemon is now Paralyzed and Poisoned.  If tails, the Defending Pokemon is now Confused.",[2G] Cut (60),Rx2,1,0.44,0.7,2.11,0.64,,Reverse Holofoil,,W-20
87151,Mandibuzz,Mandibuzz,https://tcgplayer-cdn.tcgplayer.com/product/87151_200w.jpg,3,1424,https://cpt.tcgcsv.com/2TJ,2024-07-26T17:56:23.173,1,69/98,Rare,Darkness,90,Stage 1,[D] Bone Rush (30x) Flip a coin until you get tails.  This attack does 30 damage times the number of heads.,[2] Dark Pulse (20+) Does 10 more damage for each D Energy attached to all of your Pokemon.,Lx2,1,0.4,0.75,2.98,0.79,,Normal,,F-20
87151,Mandibuzz,Mandibuzz,https://tcgplayer-cdn.tcgplayer.com/product/87151_200w.jpg,3,1424,https://cpt.tcgcsv.com/2TJ,2024-07-26T17:56:23.173,1,69/98,Rare,Darkness,90,Stage 1,[D] Bone Rush (30x) Flip a coin until you get tails.  This attack does 30 damage times the number of heads.,[2] Dark Pulse (20+) Does 10 more damage for each D Energy attached to all of your Pokemon.,Lx2,1,1.25,1.44,3.0,1.48,,Reverse Holofoil,,F-20
87266,Max Potion,Max Potion,https://tcgplayer-cdn.tcgplayer.com/product/87266_200w.jpg,3,1424,https://cpt.tcgcsv.com/lWJ,2024-07-26T17:56:23.223,1,94/98,Uncommon,Item,0,Item,"Heal all damage from 1 of your Pokemon.  Then, discard all Energy attached to that Pokemon.",,,,0.35,0.75,4.0,1.01,0.79,Normal,You may play as many Item cards as you like during your turn (before your attack).,
87266,Max Potion,Max Potion,https://tcgplayer-cdn.tcgplayer.com/product/87266_200w.jpg,3,1424,https://cpt.tcgcsv.com/lWJ,2024-07-26T17:56:23.223,1,94/98,Uncommon,Item,0,Item,"Heal all damage from 1 of your Pokemon.  Then, discard all Energy attached to that Pokemon.",,,,0.89,2.04,3.88,2.0,,Reverse Holofoil,You may play as many Item cards as you like during your turn (before your attack).,
87474,Minccino,Minccino,https://tcgplayer-cdn.tcgplayer.com/product/87474_200w.jpg,3,1424,https://cpt.tcgcsv.com/v_J,2023-01-06T21:08:50.523,1,84/98,Common,Colorless,60,Basic,"[1] Last Resort (30) Flip a coin.  If tails, this attack does nothing.",,Fx2,1,0.15,0.28,1.0,0.29,0.29,Normal,,
87474,Minccino,Minccino,https://tcgplayer-cdn.tcgplayer.com/product/87474_200w.jpg,3,1424,https://cpt.tcgcsv.com/v_J,2023-01-06T21:08:50.523,1,84/98,Common,Colorless,60,Basic,"[1] Last Resort (30) Flip a coin.  If tails, this attack does nothing.",,Fx2,1,0.55,0.75,1.57,1.57,,Reverse Holofoil,,
87928,Panpour,Panpour,https://tcgplayer-cdn.tcgplayer.com/product/87928_200w.jpg,3,1424,https://cpt.tcgcsv.com/BbK,2023-01-06T20:50:14.84,1,22/98,Common,Water,70,Basic,[1] Collect - Draw a card.,[2] Scratch (20),Lx2,1,0.04,0.25,1.49,0.26,,Normal,,
87928,Panpour,Panpour,https://tcgplayer-cdn.tcgplayer.com/product/87928_200w.jpg,3,1424,https://cpt.tcgcsv.com/BbK,2023-01-06T20:50:14.84,1,22/98,Common,Water,70,Basic,[1] Collect - Draw a card.,[2] Scratch (20),Lx2,1,0.32,0.78,1.48,0.91,,Reverse Holofoil,,
87933,Pansage,Pansage,https://tcgplayer-cdn.tcgplayer.com/product/87933_200w.jpg,3,1424,https://cpt.tcgcsv.com/HbK,2023-01-06T20:45:27.26,1,1/98,Common,Grass,70,Basic,[1] Collect - Draw a card.,[2] Scratch (20),Rx2,1,0.04,0.25,1.49,0.23,,Normal,,W-20
87933,Pansage,Pansage,https://tcgplayer-cdn.tcgplayer.com/product/87933_200w.jpg,3,1424,https://cpt.tcgcsv.com/HbK,2023-01-06T20:45:27.26,1,1/98,Common,Grass,70,Basic,[1] Collect - Draw a card.,[2] Scratch (20),Rx2,1,0.49,0.92,2.5,1.02,,Reverse Holofoil,,W-20
87941,Pansear,Pansear,https://tcgplayer-cdn.tcgplayer.com/product/87941_200w.jpg,3,1424,https://cpt.tcgcsv.com/RbK,2023-01-06T20:48:05.297,1,18/98,Common,Fire,70,Basic,[1] Collect - Draw a card.,[2] Scratch (20),Wx2,1,0.04,0.2,1.49,0.16,0.2,Normal,,
87941,Pansear,Pansear,https://tcgplayer-cdn.tcgplayer.com/product/87941_200w.jpg,3,1424,https://cpt.tcgcsv.com/RbK,2023-01-06T20:48:05.297,1,18/98,Common,Fire,70,Basic,[1] Collect - Draw a card.,[2] Scratch (20),Wx2,1,0.57,0.74,1.0,1.06,,Reverse Holofoil,,
87963,Patrat,Patrat,https://tcgplayer-cdn.tcgplayer.com/product/87963_200w.jpg,3,1424,https://cpt.tcgcsv.com/hcK,2023-01-06T21:07:32.043,1,78/98,Common,Colorless,60,Basic,"[1] Hyper Fang (30) Flip a coin.  If tails, this attack does nothing.",,Fx2,1,0.1,0.25,1.0,0.24,,Normal,,
87963,Patrat,Patrat,https://tcgplayer-cdn.tcgplayer.com/product/87963_200w.jpg,3,1424,https://cpt.tcgcsv.com/hcK,2023-01-06T21:07:32.043,1,78/98,Common,Colorless,60,Basic,"[1] Hyper Fang (30) Flip a coin.  If tails, this attack does nothing.",,Fx2,1,0.59,1.18,4.99,1.07,,Reverse Holofoil,,
87991,Petilil,Petilil,https://tcgplayer-cdn.tcgplayer.com/product/87991_200w.jpg,3,1424,https://cpt.tcgcsv.com/RcK,2023-01-06T20:47:19.513,1,13/98,Common,Grass,50,Basic,"[G] Stun Spore - Flip a coin.  If heads, the Defending Pokemon is now Paralyzed.",[1G] Cut (20),Rx2,1,0.05,0.25,1.0,0.28,0.19,Normal,,W-20
87991,Petilil,Petilil,https://tcgplayer-cdn.tcgplayer.com/product/87991_200w.jpg,3,1424,https://cpt.tcgcsv.com/RcK,2023-01-06T20:47:19.513,1,13/98,Common,Grass,50,Basic,"[G] Stun Spore - Flip a coin.  If heads, the Defending Pokemon is now Paralyzed.",[1G] Cut (20),Rx2,1,0.79,0.88,5.77,1.03,,Reverse Holofoil,,W-20
88056,Pidove,Pidove,https://tcgplayer-cdn.tcgplayer.com/product/88056_200w.jpg,3,1424,https://cpt.tcgcsv.com/8fK,2024-09-08T00:40:43.153,1,80/98,Common,Colorless,50,Basic,[2] Gust (20),,Lx2,1,0.04,0.22,1.49,0.2,,Normal,,F-20
88056,Pidove,Pidove,https://tcgplayer-cdn.tcgplayer.com/product/88056_200w.jpg,3,1424,https://cpt.tcgcsv.com/8fK,2024-09-08T00:40:43.153,1,80/98,Common,Colorless,50,Basic,[2] Gust (20),,Lx2,1,0.83,1.32,4.72,1.08,,Reverse Holofoil,,F-20
88209,Pokemon Catcher,Pokemon Catcher,https://tcgplayer-cdn.tcgplayer.com/product/88209_200w.jpg,3,1424,https://cpt.tcgcsv.com/cjK,2023-01-06T21:10:38.82,1,95/98,Uncommon,Item,0,Item,Switch your opponent's Active Pokemon with 1 of his or her Benched Pokemon.,,,,0.98,1.69,6.99,1.96,,Normal,You may play as many Item cards as you like during your turn (before your attack).,
88209,Pokemon Catcher,Pokemon Catcher,https://tcgplayer-cdn.tcgplayer.com/product/88209_200w.jpg,3,1424,https://cpt.tcgcsv.com/cjK,2023-01-06T21:10:38.82,1,95/98,Uncommon,Item,0,Item,Switch your opponent's Active Pokemon with 1 of his or her Benched Pokemon.,,,,2.95,4.45,6.99,4.89,,Reverse Holofoil,You may play as many Item cards as you like during your turn (before your attack).,
88458,Purrloin,Purrloin,https://tcgplayer-cdn.tcgplayer.com/product/88458_200w.jpg,3,1424,https://cpt.tcgcsv.com/bpK,2024-07-26T17:56:23.263,1,64/98,Common,Darkness,60,Basic,"[1D] Knock Off (20) Flip a coin.  If heads, discard a random card from your opponent's hand.",,Fx2,1,0.14,0.25,1.49,0.27,,Normal,,P-20
88458,Purrloin,Purrloin,https://tcgplayer-cdn.tcgplayer.com/product/88458_200w.jpg,3,1424,https://cpt.tcgcsv.com/bpK,2024-07-26T17:56:23.263,1,64/98,Common,Darkness,60,Basic,"[1D] Knock Off (20) Flip a coin.  If heads, discard a random card from your opponent's hand.",,Fx2,1,0.73,0.78,8.64,0.78,,Reverse Holofoil,,P-20
88653,Recycle,Recycle,https://tcgplayer-cdn.tcgplayer.com/product/88653_200w.jpg,3,1424,https://cpt.tcgcsv.com/5tK,2023-07-08T15:12:47.037,1,96/98,Uncommon,Trainer,0,Item,"Flip a coin.  If heads, put a card from your discard pile on top of your deck.",,,,0.25,0.37,1.28,0.37,0.41,Normal,You may play as many Item cards as you like during your turn (before your attack).,
88653,Recycle,Recycle,https://tcgplayer-cdn.tcgplayer.com/product/88653_200w.jpg,3,1424,https://cpt.tcgcsv.com/5tK,2023-07-08T15:12:47.037,1,96/98,Uncommon,Trainer,0,Item,"Flip a coin.  If heads, put a card from your discard pile on top of your deck.",,,,0.25,0.88,1.52,0.99,,Reverse Holofoil,You may play as many Item cards as you like during your turn (before your attack).,
88805,Roggenrola (49),Roggenrola 49,https://tcgplayer-cdn.tcgplayer.com/product/88805_200w.jpg,3,1424,https://cpt.tcgcsv.com/7xK,2023-01-10T12:12:56.433,1,49/98,Common,Fighting,60,Basic,"[1] Harden - During your opponent's next turn, if this Pokemon would be damaged by an attack, prevent that attack's damage done to this Pokemon if that damage is 40 or less.",[2F] Headbutt (40),Gx2,2,0.2,0.27,1.54,0.29,,Normal,,
88805,Roggenrola (49),Roggenrola 49,https://tcgplayer-cdn.tcgplayer.com/product/88805_200w.jpg,3,1424,https://cpt.tcgcsv.com/7xK,2023-01-10T12:12:56.433,1,49/98,Common,Fighting,60,Basic,"[1] Harden - During your opponent's next turn, if this Pokemon would be damaged by an attack, prevent that attack's damage done to this Pokemon if that damage is 40 or less.",[2F] Headbutt (40),Gx2,2,0.53,0.65,1.85,0.62,,Reverse Holofoil,,
88806,Roggenrola (50),Roggenrola 50,https://tcgplayer-cdn.tcgplayer.com/product/88806_200w.jpg,3,1424,https://cpt.tcgcsv.com/8xK,2023-01-06T21:01:56.903,1,50/98,Common,Fighting,60,Basic,[1] Headbutt (10),[1F] Reckless Charge (30) This Pokemon does 10 damage to itself.,Gx2,2,0.09,0.25,1.49,0.24,0.19,Normal,,
88806,Roggenrola (50),Roggenrola 50,https://tcgplayer-cdn.tcgplayer.com/product/88806_200w.jpg,3,1424,https://cpt.tcgcsv.com/8xK,2023-01-06T21:01:56.903,1,50/98,Common,Fighting,60,Basic,[1] Headbutt (10),[1F] Reckless Charge (30) This Pokemon does 10 damage to itself.,Gx2,2,0.48,0.6,4.72,1.94,,Reverse Holofoil,,
88841,Rufflet (86),Rufflet 86,https://tcgplayer-cdn.tcgplayer.com/product/88841_200w.jpg,3,1424,https://cpt.tcgcsv.com/RxK,2023-01-06T21:09:05.83,1,86/98,Common,Colorless,60,Basic,[1] Peck (10),[2] Slash (20),Lx2,1,0.09,0.28,1.49,0.25,,Normal,,F-20
88841,Rufflet (86),Rufflet 86,https://tcgplayer-cdn.tcgplayer.com/product/88841_200w.jpg,3,1424,https://cpt.tcgcsv.com/RxK,2023-01-06T21:09:05.83,1,86/98,Common,Colorless,60,Basic,[1] Peck (10),[2] Slash (20),Lx2,1,0.49,1.74,2.66,2.0,,Reverse Holofoil,,F-20
88842,Rufflet (87),Rufflet 87,https://tcgplayer-cdn.tcgplayer.com/product/88842_200w.jpg,3,1424,https://cpt.tcgcsv.com/SxK,2023-01-06T21:09:13.54,1,87/98,Uncommon,Colorless,60,Basic,[1] Peck (10),"[2] Claw (30) Flip a coin.  If tails, this attack does nothing.",Lx2,1,0.1,0.25,1.0,0.27,0.2,Normal,,F-20
88842,Rufflet (87),Rufflet 87,https://tcgplayer-cdn.tcgplayer.com/product/88842_200w.jpg,3,1424,https://cpt.tcgcsv.com/SxK,2023-01-06T21:09:13.54,1,87/98,Uncommon,Colorless,60,Basic,[1] Peck (10),"[2] Claw (30) Flip a coin.  If tails, this attack does nothing.",Lx2,1,0.54,0.83,2.09,1.04,,Reverse Holofoil,,F-20
88914,Sandile,Sandile,https://tcgplayer-cdn.tcgplayer.com/product/88914_200w.jpg,3,1424,https://cpt.tcgcsv.com/jBK,2024-09-05T08:07:29.863,1,60/98,Common,Fighting,70,Basic,[1F] Bite (20),,Wx2,2,0.06,0.2,1.49,0.19,0.18,Normal,,
88914,Sandile,Sandile,https://tcgplayer-cdn.tcgplayer.com/product/88914_200w.jpg,3,1424,https://cpt.tcgcsv.com/jBK,2024-09-05T08:07:29.863,1,60/98,Common,Fighting,70,Basic,[1F] Bite (20),,Wx2,2,0.45,0.99,2.06,0.84,,Reverse Holofoil,,
88938,Sawk,Sawk,https://tcgplayer-cdn.tcgplayer.com/product/88938_200w.jpg,3,1424,https://cpt.tcgcsv.com/NBK,2023-02-04T21:33:56.767,1,59/98,Uncommon,Fighting,90,Basic,[1F] Five Fierce Chops (20x) Flip 5 coins.  This attack does 20 damage times the number of heads.  This Pokemon can't attack during your next turn.,,Px2,1,0.1,0.26,1.49,0.25,0.22,Normal,,
88938,Sawk,Sawk,https://tcgplayer-cdn.tcgplayer.com/product/88938_200w.jpg,3,1424,https://cpt.tcgcsv.com/NBK,2023-02-04T21:33:56.767,1,59/98,Uncommon,Fighting,90,Basic,[1F] Five Fierce Chops (20x) Flip 5 coins.  This attack does 20 damage times the number of heads.  This Pokemon can't attack during your next turn.,,Px2,1,0.41,0.55,1.91,0.61,,Reverse Holofoil,,
88942,Sawsbuck,Sawsbuck,https://tcgplayer-cdn.tcgplayer.com/product/88942_200w.jpg,3,1424,https://cpt.tcgcsv.com/SBK,2023-01-06T20:47:45.83,1,16/98,Rare,Grass,100,Stage 1,[2] Push Down (30) Your opponent switches the Defending Pokemon with 1 of his or her Benched Pokemon.,[1G] Take Down (60) This Pokemon does 20 damage to itself.,Rx2,2,0.95,1.53,3.0,1.57,,Normal,,W-20
88942,Sawsbuck,Sawsbuck,https://tcgplayer-cdn.tcgplayer.com/product/88942_200w.jpg,3,1424,https://cpt.tcgcsv.com/SBK,2023-01-06T20:47:45.83,1,16/98,Rare,Grass,100,Stage 1,[2] Push Down (30) Your opponent switches the Defending Pokemon with 1 of his or her Benched Pokemon.,[1G] Take Down (60) This Pokemon does 20 damage to itself.,Rx2,2,2.5,3.91,15.0,3.1,,Reverse Holofoil,,W-20
88969,Scolipede,Scolipede,https://tcgplayer-cdn.tcgplayer.com/product/88969_200w.jpg,3,1424,https://cpt.tcgcsv.com/pCK,2024-10-16T20:58:54.187,1,40/98,Rare,Psychic,140,Stage 2,[1P] Toxic Claws (30) The Defending Pokemon is now Poisoned.  Put 2 damage counters instead of 1 on that Pokemon between turns.,[2P] Wild Horn (50+) Flip 2 coins.  This attack does 20 more damage for each heads.,Px2,2,0.15,0.64,2.0,0.86,,Normal,,
88969,Scolipede,Scolipede,https://tcgplayer-cdn.tcgplayer.com/product/88969_200w.jpg,3,1424,https://cpt.tcgcsv.com/pCK,2024-10-16T20:58:54.187,1,40/98,Rare,Psychic,140,Stage 2,[1P] Toxic Claws (30) The Defending Pokemon is now Poisoned.  Put 2 damage counters instead of 1 on that Pokemon between turns.,[2P] Wild Horn (50+) Flip 2 coins.  This attack does 20 more damage for each heads.,Px2,2,1.0,1.4,3.13,1.31,,Reverse Holofoil,,
89089,Sewaddle (3),Sewaddle 3,https://tcgplayer-cdn.tcgplayer.com/product/89089_200w.jpg,3,1424,https://cpt.tcgcsv.com/PFK,2025-03-02T15:57:21.657,1,3/98,Common,Grass,40,Basic,[1] Tackle (10),"[G] String Shot - Flip a coin.  If heads, the Defending Pokemon is Paralyzed.",Rx2,1,0.1,0.26,1.49,0.29,0.2,Normal,,
89089,Sewaddle (3),Sewaddle 3,https://tcgplayer-cdn.tcgplayer.com/product/89089_200w.jpg,3,1424,https://cpt.tcgcsv.com/PFK,2025-03-02T15:57:21.657,1,3/98,Common,Grass,40,Basic,[1] Tackle (10),"[G] String Shot - Flip a coin.  If heads, the Defending Pokemon is Paralyzed.",Rx2,1,0.87,4.6,6.99,3.0,,Reverse Holofoil,,
89090,Sewaddle (4),Sewaddle 4,https://tcgplayer-cdn.tcgplayer.com/product/89090_200w.jpg,3,1424,https://cpt.tcgcsv.com/QFK,2023-02-05T11:51:44.263,1,4/98,Common,Grass,50,Basic,[1] Gnaw (10),[1G] Razor Leaf (20),Rx2,1,0.13,0.35,1.0,0.35,,Normal,,
89090,Sewaddle (4),Sewaddle 4,https://tcgplayer-cdn.tcgplayer.com/product/89090_200w.jpg,3,1424,https://cpt.tcgcsv.com/QFK,2023-02-05T11:51:44.263,1,4/98,Common,Grass,50,Basic,[1] Gnaw (10),[1G] Razor Leaf (20),Rx2,1,0.62,0.65,1.25,0.78,,Reverse Holofoil,,
89204,Sigilyph (41),Sigilyph 41,https://tcgplayer-cdn.tcgplayer.com/product/89204_200w.jpg,3,1424,https://cpt.tcgcsv.com/6JK,2023-01-06T21:00:35.03,1,41/98,Uncommon,Psychic,90,Basic,"[P] Reflect - During your opponent's next turn, any damage done to this Pokemon by attacks is reduced by 40 (after applying Weakness and Resistance).",[2P] Telekinesis - Does 50 damage to 1 of your opponent's Pokemon.  This attack's damage isn't affected by Weakness or Resistance.,Lx2,1,0.15,0.34,1.99,0.27,0.29,Normal,,F-20
89204,Sigilyph (41),Sigilyph 41,https://tcgplayer-cdn.tcgplayer.com/product/89204_200w.jpg,3,1424,https://cpt.tcgcsv.com/6JK,2023-01-06T21:00:35.03,1,41/98,Uncommon,Psychic,90,Basic,"[P] Reflect - During your opponent's next turn, any damage done to this Pokemon by attacks is reduced by 40 (after applying Weakness and Resistance).",[2P] Telekinesis - Does 50 damage to 1 of your opponent's Pokemon.  This attack's damage isn't affected by Weakness or Resistance.,Lx2,1,0.44,0.49,1.25,0.78,,Reverse Holofoil,,F-20
89205,Sigilyph (42),Sigilyph 42,https://tcgplayer-cdn.tcgplayer.com/product/89205_200w.jpg,3,1424,https://cpt.tcgcsv.com/7JK,2023-01-06T21:00:47,1,42/98,Uncommon,Psychic,90,Basic,[P] Quick Turn (10x) Flip 2 coins.  This attack does 10 damage times the number of heads.,[3] Psychic Assault (40+) Does 10 damage for each damage counter on the Defending Pokemon.,Lx2,1,0.05,0.25,1.49,0.22,,Normal,,F-20
89205,Sigilyph (42),Sigilyph 42,https://tcgplayer-cdn.tcgplayer.com/product/89205_200w.jpg,3,1424,https://cpt.tcgcsv.com/7JK,2023-01-06T21:00:47,1,42/98,Uncommon,Psychic,90,Basic,[P] Quick Turn (10x) Flip 2 coins.  This attack does 10 damage times the number of heads.,[3] Psychic Assault (40+) Does 10 damage for each damage counter on the Defending Pokemon.,Lx2,1,0.3,0.52,1.99,0.61,,Reverse Holofoil,,F-20
89218,Simipour,Simipour,https://tcgplayer-cdn.tcgplayer.com/product/89218_200w.jpg,3,1424,https://cpt.tcgcsv.com/nJK,2023-01-06T20:56:39.533,1,23/98,Rare,Water,90,Stage 1,"[2] Grass Power (30) If this Pokemon has any G Energy attached to it, heal 20 damage from this Pokemon.",[2W] Rushing Water (60) Move an Energy attached to the Defending Pokemon to 1 of your opponent's Benched Pokemon.,Lx2,1,0.29,0.5,1.49,0.36,,Normal,,
89218,Simipour,Simipour,https://tcgplayer-cdn.tcgplayer.com/product/89218_200w.jpg,3,1424,https://cpt.tcgcsv.com/nJK,2023-01-06T20:56:39.533,1,23/98,Rare,Water,90,Stage 1,"[2] Grass Power (30) If this Pokemon has any G Energy attached to it, heal 20 damage from this Pokemon.",[2W] Rushing Water (60) Move an Energy attached to the Defending Pokemon to 1 of your opponent's Benched Pokemon.,Lx2,1,0.45,0.95,1.8,0.93,0.88,Reverse Holofoil,,
89222,Simisage,Simisage,https://tcgplayer-cdn.tcgplayer.com/product/89222_200w.jpg,3,1424,https://cpt.tcgcsv.com/sJK,2023-01-06T20:45:37.727,1,2/98,Rare,Grass,90,Stage 1,"[2] Fire's Power (30) If this Pokemon has any R Energy attached to it, the Defending Pokemon is now Burned.",[2G] Seed Bomb (60),Rx2,2,0.35,0.5,1.49,0.52,,Normal,,W-20
89222,Simisage,Simisage,https://tcgplayer-cdn.tcgplayer.com/product/89222_200w.jpg,3,1424,https://cpt.tcgcsv.com/sJK,2023-01-06T20:45:37.727,1,2/98,Rare,Grass,90,Stage 1,"[2] Fire's Power (30) If this Pokemon has any R Energy attached to it, the Defending Pokemon is now Burned.",[2G] Seed Bomb (60),Rx2,2,0.68,0.99,1.5,1.27,,Reverse Holofoil,,W-20
89226,Simisear,Simisear,https://tcgplayer-cdn.tcgplayer.com/product/89226_200w.jpg,3,1424,https://cpt.tcgcsv.com/xJK,2023-01-06T20:48:13.797,1,19/98,Rare,Fire,90,Stage 1,"[2] Water's Power (30) If this Pokemon has any W Energy attached to it, the Defending Pokemon is now Asleep.",[2R] Flamethrower (70) Discard an Energy attached to this Pokemon.,Wx2,1,0.15,0.44,2.0,0.4,,Normal,,
89226,Simisear,Simisear,https://tcgplayer-cdn.tcgplayer.com/product/89226_200w.jpg,3,1424,https://cpt.tcgcsv.com/xJK,2023-01-06T20:48:13.797,1,19/98,Rare,Fire,90,Stage 1,"[2] Water's Power (30) If this Pokemon has any W Energy attached to it, the Defending Pokemon is now Asleep.",[2R] Flamethrower (70) Discard an Energy attached to this Pokemon.,Wx2,1,0.4,0.78,1.99,0.85,,Reverse Holofoil,,
89665,Swadloon (5),Swadloon 5,https://tcgplayer-cdn.tcgplayer.com/product/89665_200w.jpg,3,1424,https://cpt.tcgcsv.com/kTK,2023-01-06T20:46:10.057,1,5/98,Uncommon,Grass,80,Stage 1,[1] Gnaw (20),[2G] Double Razor Leaf (50x) Flip 2 coins.  This attack does 50 damage times the number of heads.,Rx2,1,0.19,0.38,1.49,0.38,,Normal,,
89665,Swadloon (5),Swadloon 5,https://tcgplayer-cdn.tcgplayer.com/product/89665_200w.jpg,3,1424,https://cpt.tcgcsv.com/kTK,2023-01-06T20:46:10.057,1,5/98,Uncommon,Grass,80,Stage 1,[1] Gnaw (20),[2G] Double Razor Leaf (50x) Flip 2 coins.  This attack does 50 damage times the number of heads.,Rx2,1,0.42,0.72,1.81,0.84,,Reverse Holofoil,,
89666,Swadloon (6),Swadloon 6,https://tcgplayer-cdn.tcgplayer.com/product/89666_200w.jpg,3,1424,https://cpt.tcgcsv.com/lTK,2023-01-06T20:46:18.357,1,6/98,Uncommon,Grass,70,Stage 1,[G] Grass Cocooning - Heal 40 damage from this Pokemon.,[1G] Razor Leaf (20),Rx2,2,0.14,0.35,1.22,0.39,,Normal,,
89666,Swadloon (6),Swadloon 6,https://tcgplayer-cdn.tcgplayer.com/product/89666_200w.jpg,3,1424,https://cpt.tcgcsv.com/lTK,2023-01-06T20:46:18.357,1,6/98,Uncommon,Grass,70,Stage 1,[G] Grass Cocooning - Heal 40 damage from this Pokemon.,[1G] Razor Leaf (20),Rx2,2,0.6,0.83,1.5,0.83,,Reverse Holofoil,,
89685,Swanna,Swanna,https://tcgplayer-cdn.tcgplayer.com/product/89685_200w.jpg,3,1424,https://cpt.tcgcsv.com/KTK,2023-01-06T20:57:24.557,1,27/98,Rare,Water,90,Stage 1,"[2] Wing Dance (30) Flip a coin.  If heads, prevent all effects of attacks, including damage, done to this Pokemon during your opponent's next turn.",[2W] Air Slash (70) Discard an Energy attached to this Pokemon.,Lx2,1,0.15,0.52,2.0,0.6,,Normal,,F-20
89685,Swanna,Swanna,https://tcgplayer-cdn.tcgplayer.com/product/89685_200w.jpg,3,1424,https://cpt.tcgcsv.com/KTK,2023-01-06T20:57:24.557,1,27/98,Rare,Water,90,Stage 1,"[2] Wing Dance (30) Flip a coin.  If heads, prevent all effects of attacks, including damage, done to this Pokemon during your opponent's next turn.",[2W] Air Slash (70) Discard an Energy attached to this Pokemon.,Lx2,1,0.83,1.5,2.64,2.09,,Reverse Holofoil,,F-20
89725,Swoobat,Swoobat,https://tcgplayer-cdn.tcgplayer.com/product/89725_200w.jpg,3,1424,https://cpt.tcgcsv.com/wVK,2023-01-06T20:59:04.393,1,37/98,Rare,Psychic,90,Stage 1,[P] Psyshot (30),[1P] Phat Sound - Flip 3 coins.  This attack does 10 damage times to number of heads to each of your opponent's Pokemon.  (Don't apply Weakness and Resistance for Benched Pokemon.),Lx2,1,0.38,0.51,2.21,0.5,,Normal,,F-20
89725,Swoobat,Swoobat,https://tcgplayer-cdn.tcgplayer.com/product/89725_200w.jpg,3,1424,https://cpt.tcgcsv.com/wVK,2023-01-06T20:59:04.393,1,37/98,Rare,Psychic,90,Stage 1,[P] Psyshot (30),[1P] Phat Sound - Flip 3 coins.  This attack does 10 damage times to number of heads to each of your opponent's Pokemon.  (Don't apply Weakness and Resistance for Benched Pokemon.),Lx2,1,0.99,1.49,2.76,1.07,,Reverse Holofoil,,F-20
89886,Terrakion,Terrakion,https://tcgplayer-cdn.tcgplayer.com/product/89886_200w.jpg,3,1424,https://cpt.tcgcsv.com/LZK,2023-01-06T21:04:51.833,1,63/98,Holo Rare,Fighting,120,Basic,[1F] Boulder Crush (40),[1FF] Sacred Sword (100) This Pokemon can't use Sacred Sword during your next turn.,Gx2,4,0.79,1.36,8.25,1.52,,Holofoil,,
89886,Terrakion,Terrakion,https://tcgplayer-cdn.tcgplayer.com/product/89886_200w.jpg,3,1424,https://cpt.tcgcsv.com/LZK,2023-01-06T21:04:51.833,1,63/98,Holo Rare,Fighting,120,Basic,[1F] Boulder Crush (40),[1FF] Sacred Sword (100) This Pokemon can't use Sacred Sword during your next turn.,Gx2,4,0.86,1.23,2.98,1.34,,Reverse Holofoil,,
89900,Throh,Throh,https://tcgplayer-cdn.tcgplayer.com/product/89900_200w.jpg,3,1424,https://cpt.tcgcsv.com/0-K,2023-01-06T21:03:13.793,1,58/98,Uncommon,Fighting,90,Basic,"[1F] Scarf Hold (30) Flip a coin.  If heads, the Defending Pokemon can't attack during your opponent's next turn.",,Px2,2,0.1,0.25,1.49,0.25,,Normal,,
89900,Throh,Throh,https://tcgplayer-cdn.tcgplayer.com/product/89900_200w.jpg,3,1424,https://cpt.tcgcsv.com/0-K,2023-01-06T21:03:13.793,1,58/98,Uncommon,Fighting,90,Basic,"[1F] Scarf Hold (30) Flip a coin.  If heads, the Defending Pokemon can't attack during your opponent's next turn.",,Px2,2,0.25,0.44,1.49,0.39,,Reverse Holofoil,,
89903,Thundurus,Thundurus,https://tcgplayer-cdn.tcgplayer.com/product/89903_200w.jpg,3,1424,https://cpt.tcgcsv.com/5-K,2023-01-06T20:58:45.06,1,35/98,Holo Rare,Lightning,110,Basic,[1] Charge - Search your deck for a L Energy card and attach it to this Pokemon.  Shuffle your deck afterward.,[1LL] Disaster Volt (80) Discard an Energy attached to this Pokemon.,Fx2,1,1.0,2.59,6.39,2.77,4.98,Holofoil,,
89903,Thundurus,Thundurus,https://tcgplayer-cdn.tcgplayer.com/product/89903_200w.jpg,3,1424,https://cpt.tcgcsv.com/5-K,2023-01-06T20:58:45.06,1,35/98,Holo Rare,Lightning,110,Basic,[1] Charge - Search your deck for a L Energy card and attach it to this Pokemon.  Shuffle your deck afterward.,[1LL] Disaster Volt (80) Discard an Energy attached to this Pokemon.,Fx2,1,0.66,1.59,4.97,1.12,,Reverse Holofoil,,
89906,Thundurus (97 Full Art),Thundurus 97 Full Art,https://tcgplayer-cdn.tcgplayer.com/product/89906_200w.jpg,3,1424,https://cpt.tcgcsv.com/8-K,2023-01-06T21:10:59.56,1,97/98,Ultra Rare,Lightning,110,Basic,[1] Charge - Search your deck for a L Energy card and attach it to this Pokemon.  Shuffle your deck afterward.,[1LL] Disaster Volt (80) Discard an Energy attached to this Pokemon.,Fx2,1,12.83,28.5,75.0,27.63,9.44,Holofoil,,
89974,Tornadus,Tornadus,https://tcgplayer-cdn.tcgplayer.com/product/89974_200w.jpg,3,1424,https://cpt.tcgcsv.com/v_K,2023-01-06T21:09:32.083,1,89/98,Holo Rare,Colorless,110,Basic,[1] Energy Wheel - Move an Energy from 1 of your Benched Pokemon to this Pokemon.,[3] Hurricane (80) Move a basic Energy from this Pokemon to 1 of your Benched Pokemon.,Lx2,1,0.8,1.22,6.5,1.24,,Holofoil,,F-20
89974,Tornadus,Tornadus,https://tcgplayer-cdn.tcgplayer.com/product/89974_200w.jpg,3,1424,https://cpt.tcgcsv.com/v_K,2023-01-06T21:09:32.083,1,89/98,Holo Rare,Colorless,110,Basic,[1] Energy Wheel - Move an Energy from 1 of your Benched Pokemon to this Pokemon.,[3] Hurricane (80) Move a basic Energy from this Pokemon to 1 of your Benched Pokemon.,Lx2,1,0.95,1.73,6.12,1.75,,Reverse Holofoil,,F-20
89977,Tornadus (98 Full Art),Tornadus 98 Full Art,https://tcgplayer-cdn.tcgplayer.com/product/89977_200w.jpg,3,1424,https://cpt.tcgcsv.com/z_K,2023-01-06T21:11:08.157,1,98/98,Ultra Rare,Colorless,110,Basic,[1] Energy Wheel - Move an Energy from 1 of your Benched Pokemon to this Pokemon.,[3] Hurricane (80) Move a basic Energy from this Pokemon to 1 of your Benched Pokemon.,Lx2,1,8.97,20.0,39.99,20.9,,Holofoil,,F-20
90015,Tranquill,Tranquill,https://tcgplayer-cdn.tcgplayer.com/product/90015_200w.jpg,3,1424,https://cpt.tcgcsv.com/k0L,2023-01-06T21:08:24.64,1,81/98,Uncommon,Colorless,70,Stage 1,"[1] Claw (30) Flip a coin.  If tails, this attack does nothing.",[3] Wing Attack (50),Lx2,1,0.09,0.25,1.49,0.24,,Normal,,F-20
90015,Tranquill,Tranquill,https://tcgplayer-cdn.tcgplayer.com/product/90015_200w.jpg,3,1424,https://cpt.tcgcsv.com/k0L,2023-01-06T21:08:24.64,1,81/98,Uncommon,Colorless,70,Stage 1,"[1] Claw (30) Flip a coin.  If tails, this attack does nothing.",[3] Wing Attack (50),Lx2,1,0.28,0.53,2.44,0.55,,Reverse Holofoil,,F-20
90160,Unfezant,Unfezant,https://tcgplayer-cdn.tcgplayer.com/product/90160_200w.jpg,3,1424,https://cpt.tcgcsv.com/d5L,2023-01-06T21:08:33.907,1,82/98,Rare,Colorless,120,Stage 2,[1] Tailwind - Attach an Energy card from your hand to 1 of your Pokemon.,"[3] Feather Strike (40+) Flip a coin.  If heads, this attack does 40 more damage.  If tails, discard an Energy attached to the Defending Pokemon.",Lx2,0,2.25,2.92,5.42,2.65,,Normal,,F-20
90160,Unfezant,Unfezant,https://tcgplayer-cdn.tcgplayer.com/product/90160_200w.jpg,3,1424,https://cpt.tcgcsv.com/d5L,2023-01-06T21:08:33.907,1,82/98,Rare,Colorless,120,Stage 2,[1] Tailwind - Attach an Energy card from your hand to 1 of your Pokemon.,"[3] Feather Strike (40+) Flip a coin.  If heads, this attack does 40 more damage.  If tails, discard an Energy attached to the Defending Pokemon.",Lx2,0,4.71,6.89,8.67,4.62,,Reverse Holofoil,,F-20
90295,Venipede,Venipede,https://tcgplayer-cdn.tcgplayer.com/product/90295_200w.jpg,3,1424,https://cpt.tcgcsv.com/W7L,2023-01-06T20:59:14.58,1,38/98,Common,Psychic,70,Basic,"[P] Poison Sting - Flip a coin.  If heads, the Defending Pokemon is now Poisoned.",[2] Tackle (20),Px2,2,0.04,0.2,1.49,0.18,0.19,Normal,,
90295,Venipede,Venipede,https://tcgplayer-cdn.tcgplayer.com/product/90295_200w.jpg,3,1424,https://cpt.tcgcsv.com/W7L,2023-01-06T20:59:14.58,1,38/98,Common,Psychic,70,Basic,"[P] Poison Sting - Flip a coin.  If heads, the Defending Pokemon is now Poisoned.",[2] Tackle (20),Px2,2,0.75,1.0,3.55,0.83,,Reverse Holofoil,,
90387,Virizion,Virizion,https://tcgplayer-cdn.tcgplayer.com/product/90387_200w.jpg,3,1424,https://cpt.tcgcsv.com/M9L,2023-01-06T20:47:56.843,1,17/98,Holo Rare,Grass,100,Basic,[1G] Giga Drain (30) Heal from this Pokemon the same amount of damage you did to the Defending Pokemon.,[1GG] Sacred Sword (100) This Pokemon can't use Sacred Sword during your next turn.,Rx2,1,0.6,1.0,4.99,1.09,,Holofoil,,W-20
90387,Virizion,Virizion,https://tcgplayer-cdn.tcgplayer.com/product/90387_200w.jpg,3,1424,https://cpt.tcgcsv.com/M9L,2023-01-06T20:47:56.843,1,17/98,Holo Rare,Grass,100,Basic,[1G] Giga Drain (30) Heal from this Pokemon the same amount of damage you did to the Defending Pokemon.,[1GG] Sacred Sword (100) This Pokemon can't use Sacred Sword during your next turn.,Rx2,1,0.89,1.45,5.42,1.43,,Reverse Holofoil,,W-20
90429,Vullaby,Vullaby,https://tcgplayer-cdn.tcgplayer.com/product/90429_200w.jpg,3,1424,https://cpt.tcgcsv.com/CbL,2023-01-06T21:05:56.307,1,68/98,Common,Darkness,50,Basic,"[D] Rear Guard - During your opponent's next turn, any damage done to this Pokemon by attacks is reduced by 30 (after applying Weakness and Resistance).",[1D] Gust (20),Lx2,1,0.05,0.25,1.49,0.24,0.19,Normal,,F-20
90429,Vullaby,Vullaby,https://tcgplayer-cdn.tcgplayer.com/product/90429_200w.jpg,3,1424,https://cpt.tcgcsv.com/CbL,2023-01-06T21:05:56.307,1,68/98,Common,Darkness,50,Basic,"[D] Rear Guard - During your opponent's next turn, any damage done to this Pokemon by attacks is reduced by 30 (after applying Weakness and Resistance).",[1D] Gust (20),Lx2,1,0.5,0.67,1.25,0.53,,Reverse Holofoil,,F-20
90496,Watchog,Watchog,https://tcgplayer-cdn.tcgplayer.com/product/90496_200w.jpg,3,1424,https://cpt.tcgcsv.com/XcL,2023-01-06T21:07:39.19,1,79/98,Uncommon,Colorless,90,Stage 1,[1] Watcheck - Look at the top 5 cards of your opponent's deck and put them back on top of his or her deck in any order.,"[2] Quick Tail Smash (20+) Before doing damage, you may flip a coin.  If heads, this attack does 60 damage.  If tails, this attack does nothing.",Fx2,1,0.15,0.39,1.5,0.33,0.32,Normal,,
90496,Watchog,Watchog,https://tcgplayer-cdn.tcgplayer.com/product/90496_200w.jpg,3,1424,https://cpt.tcgcsv.com/XcL,2023-01-06T21:07:39.19,1,79/98,Uncommon,Colorless,90,Stage 1,[1] Watcheck - Look at the top 5 cards of your opponent's deck and put them back on top of his or her deck in any order.,"[2] Quick Tail Smash (20+) Before doing damage, you may flip a coin.  If heads, this attack does 60 damage.  If tails, this attack does nothing.",Fx2,1,0.3,0.69,2.49,0.69,,Reverse Holofoil,,
90567,Whimsicott (11),Whimsicott 11,https://tcgplayer-cdn.tcgplayer.com/product/90567_200w.jpg,3,1424,https://cpt.tcgcsv.com/mfL,2023-01-06T20:47:02.81,1,11/98,Uncommon,Grass,80,Stage 1,[1] Helping Hand - Search your deck for a basic Energy card and attach it to 1 of your Benched Pokemon.  Shuffle your deck afterward.,"[G] Cotton Guard (30) During your opponent's next turn, any damage done to this Pokemon by attacks is reduced by 30 (after applying Weakness and Resistance).",Rx2,0,0.15,0.35,8.64,0.36,,Normal,,W-20
90567,Whimsicott (11),Whimsicott 11,https://tcgplayer-cdn.tcgplayer.com/product/90567_200w.jpg,3,1424,https://cpt.tcgcsv.com/mfL,2023-01-06T20:47:02.81,1,11/98,Uncommon,Grass,80,Stage 1,[1] Helping Hand - Search your deck for a basic Energy card and attach it to 1 of your Benched Pokemon.  Shuffle your deck afterward.,"[G] Cotton Guard (30) During your opponent's next turn, any damage done to this Pokemon by attacks is reduced by 30 (after applying Weakness and Resistance).",Rx2,0,0.27,0.73,2.0,0.67,,Reverse Holofoil,,W-20
90568,Whimsicott (12),Whimsicott 12,https://tcgplayer-cdn.tcgplayer.com/product/90568_200w.jpg,3,1424,https://cpt.tcgcsv.com/nfL,2023-01-06T20:47:11.21,1,12/98,Rare,Grass,80,Stage 1,"[1] Encore (20) Choose 1 of the Defending Pokemon's attacks.  During you opponent's next turn, that Pokemon can use only that attack.",[GG] U-turn (40) Switch this Pokemon with 1 of your Benched Pokemon.,Rx2,1,0.41,0.87,5.42,1.02,,Normal,,W-20
90568,Whimsicott (12),Whimsicott 12,https://tcgplayer-cdn.tcgplayer.com/product/90568_200w.jpg,3,1424,https://cpt.tcgcsv.com/nfL,2023-01-06T20:47:11.21,1,12/98,Rare,Grass,80,Stage 1,"[1] Encore (20) Choose 1 of the Defending Pokemon's attacks.  During you opponent's next turn, that Pokemon can use only that attack.",[GG] U-turn (40) Switch this Pokemon with 1 of your Benched Pokemon.,Rx2,1,1.21,2.6,3.99,2.07,,Reverse Holofoil,,W-20
90571,Whirlipede,Whirlipede,https://tcgplayer-cdn.tcgplayer.com/product/90571_200w.jpg,3,1424,https://cpt.tcgcsv.com/rfL,2023-01-06T20:59:23.95,1,39/98,Uncommon,Psychic,90,Stage 1,"[P] Venoshock (10+) If the Defending Pokemon is Poisoned, this attack does 60 more damage.",[3] Steamroller (40) This attack's damage isn't affected by Resistance.,Px2,3,0.1,0.29,8.64,0.29,0.19,Normal,,
90571,Whirlipede,Whirlipede,https://tcgplayer-cdn.tcgplayer.com/product/90571_200w.jpg,3,1424,https://cpt.tcgcsv.com/rfL,2023-01-06T20:59:23.95,1,39/98,Uncommon,Psychic,90,Stage 1,"[P] Venoshock (10+) If the Defending Pokemon is Poisoned, this attack does 60 more damage.",[3] Steamroller (40) This attack's damage isn't affected by Resistance.,Px2,3,0.36,0.55,1.77,0.58,,Reverse Holofoil,,
90625,Woobat,Woobat,https://tcgplayer-cdn.tcgplayer.com/product/90625_200w.jpg,3,1424,https://cpt.tcgcsv.com/wgL,2023-01-06T20:58:53.36,1,36/98,Common,Psychic,60,Basic,"[1P] Psy Bolt (20) Flip a coin.  If heads, the Defending Pokemon is now Paralyzed.",,Px2,1,0.1,0.25,1.49,0.25,,Normal,,
90625,Woobat,Woobat,https://tcgplayer-cdn.tcgplayer.com/product/90625_200w.jpg,3,1424,https://cpt.tcgcsv.com/wgL,2023-01-06T20:58:53.36,1,36/98,Common,Psychic,60,Basic,"[1P] Psy Bolt (20) Flip a coin.  If heads, the Defending Pokemon is now Paralyzed.",,Px2,1,0.3,0.59,1.12,0.62,,Reverse Holofoil,,
90750,Zoroark,Zoroark,https://tcgplayer-cdn.tcgplayer.com/product/90750_200w.jpg,3,1424,https://cpt.tcgcsv.com/0kL,2023-03-26T13:16:34.143,1,67/98,Holo Rare,Darkness,100,Stage 1,[D] Fury Swipes (20x) Flip 3 coins.  This attack does 20 damage times the number of heads.,[2D] Night Daze (80),Fx2,2,0.8,1.55,2.98,1.81,,Holofoil,,P-20
90750,Zoroark,Zoroark,https://tcgplayer-cdn.tcgplayer.com/product/90750_200w.jpg,3,1424,https://cpt.tcgcsv.com/0kL,2023-03-26T13:16:34.143,1,67/98,Holo Rare,Darkness,100,Stage 1,[D] Fury Swipes (20x) Flip 3 coins.  This attack does 20 damage times the number of heads.,[2D] Night Daze (80),Fx2,2,1.01,3.15,4.0,2.79,,Reverse Holofoil,,P-20
90759,Zorua,Zorua,https://tcgplayer-cdn.tcgplayer.com/product/90759_200w.jpg,3,1424,https://cpt.tcgcsv.com/ckL,2023-01-30T11:09:33.02,1,66/98,Common,Darkness,50,Basic,[D] Ram (10),"[1D] Rising Lunge (20+) Flip a coin.  If heads, this attack does 10 more damage.",Fx2,1,0.14,0.37,1.0,0.42,,Normal,,P-20
90759,Zorua,Zorua,https://tcgplayer-cdn.tcgplayer.com/product/90759_200w.jpg,3,1424,https://cpt.tcgcsv.com/ckL,2023-01-30T11:09:33.02,1,66/98,Common,Darkness,50,Basic,[D] Ram (10),"[1D] Rising Lunge (20+) Flip a coin.  If heads, this attack does 10 more damage.",Fx2,1,0.75,1.0,5.98,0.94,,Reverse Holofoil,,P-20
98548,Emerging Powers Booster Box,Emerging Powers Booster Box,https://tcgplayer-cdn.tcgplayer.com/product/98548_200w.jpg,3,1424,https://cpt.tcgcsv.com/-qP,2015-05-06T13:56:34.363,1,,,,,,,,,,,,,,,,,
98549,Emerging Powers Booster Pack,Emerging Powers Booster Pack,https://tcgplayer-cdn.tcgplayer.com/product/98549_200w.jpg,3,1424,https://cpt.tcgcsv.com/_qP,2017-06-30T11:36:49.823,1,,,,,,,,,,73.99,77.5,199.99,77.77,,Normal,,
98617,"Emerging Powers Theme Deck - ""Toxic Tricks"" [Scolipede]",Emerging Powers Theme Deck Toxic Tricks Scolipede,https://tcgplayer-cdn.tcgplayer.com/product/98617_200w.jpg,3,1424,https://cpt.tcgcsv.com/msP,2021-02-17T16:00:43.3,1,,,,,,,,,,,,,,,,"<em>Turn the tables on your opponents with the Toxic Tricks theme deck! Gothitelle's Mental Shock attack will confuse and confound your opponents, and Scolipede's poisonous double-dose Toxic Claws attack will leave your opponents feeling more than a little tricked! And, when Gothita gets in the mix with its sleep-inducing Hypnotic Gaze, your opponents will be Poisoned, Asleep, Confused, and beaten in no time!</em>
<br><br><strong>Contents:</strong>
<br> 1 60-card preconstructed deck
<br> Damage counters
<br> 1 coin",
98618,"Emerging Powers Theme Deck - ""Power Play"" [Krookodile]",Emerging Powers Theme Deck Power Play Krookodile,https://tcgplayer-cdn.tcgplayer.com/product/98618_200w.jpg,3,1424,https://cpt.tcgcsv.com/nsP,2021-02-17T16:00:36.883,1,,,,,,,,,,99.0,113.83,128.66,,,Normal,"<em>Heavy hitters deliver pure power: it's up to you to control it! Gigalith rumbles into action with the Rock Bullet attack, and the Intimidation Pokemon Krookodile can make other Pokemon pull their punches every time it uses its sneaky Black Eyes Ability. Your opponents will be on the ropes as even little Minccino gets in on the action, packing a mighty punch for its mini size. With Pokemon chosen for their fighting fury, can your foes handle your power plays?</em>
<br><br><strong>Content:</strong>
<br> 1 60-card preconstructed deck
<br> Damage counters
<br> 1 coin",
98619,Emerging Powers Collector's Album Box,Emerging Powers Collectors Album Box,https://tcgplayer-cdn.tcgplayer.com/product/98619_200w.jpg,3,1424,https://cpt.tcgcsv.com/psP,2015-05-06T17:32:46.5,1,,,,,,,,,,,,,,,,,
98620,Zoroark-Illusions Collection,Zoroark Illusions Collection,https://tcgplayer-cdn.tcgplayer.com/product/98620_200w.jpg,3,1424,https://cpt.tcgcsv.com/qsP,2015-05-06T17:33:36.63,1,,,,,,,,,,,,,,,,,
98621,Reshiram Box,Reshiram Box,https://tcgplayer-cdn.tcgplayer.com/product/98621_200w.jpg,3,1424,https://cpt.tcgcsv.com/rsP,2015-05-06T17:34:03.92,1,,,,,,,,,,,,,,,,,
98622,Zekrom Box,Zekrom Box,https://tcgplayer-cdn.tcgplayer.com/product/98622_200w.jpg,3,1424,https://cpt.tcgcsv.com/ssP,2015-05-06T17:34:16.517,1,,,,,,,,,,,,,,,,,
98623,Evolved Battle Action Tin [Serperior],Evolved Battle Action Tin Serperior,https://tcgplayer-cdn.tcgplayer.com/product/98623_200w.jpg,3,1424,https://cpt.tcgcsv.com/tsP,2015-05-06T17:36:44.307,1,,,,,,,,,,999.0,999.0,999.0,,,Normal,,
98624,Evolved Battle Action Tin [Emboar],Evolved Battle Action Tin Emboar,https://tcgplayer-cdn.tcgplayer.com/product/98624_200w.jpg,3,1424,https://cpt.tcgcsv.com/vsP,2015-05-06T17:37:07.68,1,,,,,,,,,,,,,,,,,
98625,Evolved Battle Action Tin [Samurott],Evolved Battle Action Tin Samurott,https://tcgplayer-cdn.tcgplayer.com/product/98625_200w.jpg,3,1424,https://cpt.tcgcsv.com/wsP,2015-05-06T17:37:30.31,1,,,,,,,,,,,,,,,,,
177530,Starter Figure Boxes: Super Snivy Box,Starter Figure Boxes Super Snivy Box,https://tcgplayer-cdn.tcgplayer.com/product/177530_200w.jpg,3,1424,https://cpt.tcgcsv.com/D0r2,2018-10-03T14:30:40.707,1,,,,,,,,,,596.0,596.0,596.0,,,Normal,"Each Super Snivy Box comes with a Snivy figure, a jumbo promo card of ________'s Snivy, a cosmo holofoil of Snivy, 3 Emerging Powers booster packs and a Pokemon TCG Online code.",
177531,Starter Figure Boxes: Terrific Tepig Box,Starter Figure Boxes Terrific Tepig Box,https://tcgplayer-cdn.tcgplayer.com/product/177531_200w.jpg,3,1424,https://cpt.tcgcsv.com/F0r2,2018-10-03T14:31:27.89,1,,,,,,,,,,,,,,,,"Each Terrific Tepig Box comes with a Tepig figure, a jumbo promo card of ________'s Tepig, a cosmo holofoil of Tepig, 3 Emerging Powers booster packs and a Pokemon TCG Online code.",
177532,Starter Figure Boxes: Outstanding Oshawott Box,Starter Figure Boxes Outstanding Oshawott Box,https://tcgplayer-cdn.tcgplayer.com/product/177532_200w.jpg,3,1424,https://cpt.tcgcsv.com/G0r2,2018-10-03T14:32:23.787,1,,,,,,,,,,,,,,,,"Each Outstanding Oshawott Box comes with an Oshawott figure, a jumbo promo card of ________'s Oshawott, a cosmo holofoil of Oshawott, 3 Emerging Powers booster packs and a Pokemon TCG Online code.",
280526,Code Card - Emerging Powers Booster Pack,Code Card Emerging Powers Booster Pack,https://tcgplayer-cdn.tcgplayer.com/product/280526_200w.jpg,3,1424,https://cpt.tcgcsv.com/xdg3,2022-07-27T20:48:14.06,1,,Code Card,,,,,,,,0.24,0.53,0.99,0.33,,Normal,"This listing is <strong>not</strong> a physical item. Please keep in mind that this <strong>Code Card</strong> listing represents a digital copy of the stated item for the Pokmon TCG Online <strong>and/or</strong> the Pokmon TCG Live games. You may receive the physical <strong>Code Card</strong>. Upon purchase, please work with your specific Seller by sending them a message using the <strong>Contact Seller</strong> button on the order details in your <a href=https://store.tcgplayer.com/myaccount/orderhistory>Order History</a> to opt in to having your <strong>Code Card</strong> code delivered digitally due to the nature of the product.",
280527,"Code Card - Emerging Powers Theme Deck - ""Power Play"" [Krookodile]",Code Card Emerging Powers Theme Deck Power Play Krookodile,https://tcgplayer-cdn.tcgplayer.com/product/280527_200w.jpg,3,1424,https://cpt.tcgcsv.com/zdg3,2022-07-27T20:48:30.41,1,,Code Card,,,,,,,,,,,,,,"This listing is <strong>not</strong> a physical item. Please keep in mind that this <strong>Code Card</strong> listing represents a digital copy of the stated item for the Pokmon TCG Online <strong>and/or</strong> the Pokmon TCG Live games. You may receive the physical <strong>Code Card</strong>. Upon purchase, please work with your specific Seller by sending them a message using the <strong>Contact Seller</strong> button on the order details in your <a href=https://store.tcgplayer.com/myaccount/orderhistory>Order History</a> to opt in to having your <strong>Code Card</strong> code delivered digitally due to the nature of the product.",
280528,"Code Card - Emerging Powers Theme Deck - ""Toxic Tricks"" [Scolipede]",Code Card Emerging Powers Theme Deck Toxic Tricks Scolipede,https://tcgplayer-cdn.tcgplayer.com/product/280528_200w.jpg,3,1424,https://cpt.tcgcsv.com/Bdg3,2022-07-27T20:48:45.157,1,,Code Card,,,,,,,,,,,,,,"This listing is <strong>not</strong> a physical item. Please keep in mind that this <strong>Code Card</strong> listing represents a digital copy of the stated item for the Pokmon TCG Online <strong>and/or</strong> the Pokmon TCG Live games. You may receive the physical <strong>Code Card</strong>. Upon purchase, please work with your specific Seller by sending them a message using the <strong>Contact Seller</strong> button on the order details in your <a href=https://store.tcgplayer.com/myaccount/orderhistory>Order History</a> to opt in to having your <strong>Code Card</strong> code delivered digitally due to the nature of the product.",
280529,Code Card - Evolved Battle Action Tin [Emboar],Code Card Evolved Battle Action Tin Emboar,https://tcgplayer-cdn.tcgplayer.com/product/280529_200w.jpg,3,1424,https://cpt.tcgcsv.com/Cdg3,2022-07-27T20:48:56.133,1,,Code Card,,,,,,,,,,,,,,"This listing is <strong>not</strong> a physical item. Please keep in mind that this <strong>Code Card</strong> listing represents a digital copy of the stated item for the Pokmon TCG Online <strong>and/or</strong> the Pokmon TCG Live games. You may receive the physical <strong>Code Card</strong>. Upon purchase, please work with your specific Seller by sending them a message using the <strong>Contact Seller</strong> button on the order details in your <a href=https://store.tcgplayer.com/myaccount/orderhistory>Order History</a> to opt in to having your <strong>Code Card</strong> code delivered digitally due to the nature of the product.",
280530,Code Card - Evolved Battle Action Tin [Samurott],Code Card Evolved Battle Action Tin Samurott,https://tcgplayer-cdn.tcgplayer.com/product/280530_200w.jpg,3,1424,https://cpt.tcgcsv.com/Ddg3,2022-07-27T20:49:06.073,1,,Code Card,,,,,,,,,,,,,,"This listing is <strong>not</strong> a physical item. Please keep in mind that this <strong>Code Card</strong> listing represents a digital copy of the stated item for the Pokmon TCG Online <strong>and/or</strong> the Pokmon TCG Live games. You may receive the physical <strong>Code Card</strong>. Upon purchase, please work with your specific Seller by sending them a message using the <strong>Contact Seller</strong> button on the order details in your <a href=https://store.tcgplayer.com/myaccount/orderhistory>Order History</a> to opt in to having your <strong>Code Card</strong> code delivered digitally due to the nature of the product.",
280531,Code Card - Evolved Battle Action Tin [Serperior],Code Card Evolved Battle Action Tin Serperior,https://tcgplayer-cdn.tcgplayer.com/product/280531_200w.jpg,3,1424,https://cpt.tcgcsv.com/Fdg3,2022-07-27T20:49:14.433,1,,Code Card,,,,,,,,,,,,,,"This listing is <strong>not</strong> a physical item. Please keep in mind that this <strong>Code Card</strong> listing represents a digital copy of the stated item for the Pokmon TCG Online <strong>and/or</strong> the Pokmon TCG Live games. You may receive the physical <strong>Code Card</strong>. Upon purchase, please work with your specific Seller by sending them a message using the <strong>Contact Seller</strong> button on the order details in your <a href=https://store.tcgplayer.com/myaccount/orderhistory>Order History</a> to opt in to having your <strong>Code Card</strong> code delivered digitally due to the nature of the product.",
280532,Code Card - Reshiram Box,Code Card Reshiram Box,https://tcgplayer-cdn.tcgplayer.com/product/280532_200w.jpg,3,1424,https://cpt.tcgcsv.com/Gdg3,2022-07-27T20:49:24.32,1,,Code Card,,,,,,,,,,,,,,"This listing is <strong>not</strong> a physical item. Please keep in mind that this <strong>Code Card</strong> listing represents a digital copy of the stated item for the Pokmon TCG Online <strong>and/or</strong> the Pokmon TCG Live games. You may receive the physical <strong>Code Card</strong>. Upon purchase, please work with your specific Seller by sending them a message using the <strong>Contact Seller</strong> button on the order details in your <a href=https://store.tcgplayer.com/myaccount/orderhistory>Order History</a> to opt in to having your <strong>Code Card</strong> code delivered digitally due to the nature of the product.",
280533,Code Card - Zekrom Box,Code Card Zekrom Box,https://tcgplayer-cdn.tcgplayer.com/product/280533_200w.jpg,3,1424,https://cpt.tcgcsv.com/Hdg3,2022-07-27T20:49:32.897,1,,Code Card,,,,,,,,,,,,,,"This listing is <strong>not</strong> a physical item. Please keep in mind that this <strong>Code Card</strong> listing represents a digital copy of the stated item for the Pokmon TCG Online <strong>and/or</strong> the Pokmon TCG Live games. You may receive the physical <strong>Code Card</strong>. Upon purchase, please work with your specific Seller by sending them a message using the <strong>Contact Seller</strong> button on the order details in your <a href=https://store.tcgplayer.com/myaccount/orderhistory>Order History</a> to opt in to having your <strong>Code Card</strong> code delivered digitally due to the nature of the product.",
280534,Code Card - Zoroark-Illusions Collection,Code Card Zoroark Illusions Collection,https://tcgplayer-cdn.tcgplayer.com/product/280534_200w.jpg,3,1424,https://cpt.tcgcsv.com/Jdg3,2022-07-27T20:49:45.04,1,,Code Card,,,,,,,,,,,,,,"This listing is <strong>not</strong> a physical item. Please keep in mind that this <strong>Code Card</strong> listing represents a digital copy of the stated item for the Pokmon TCG Online <strong>and/or</strong> the Pokmon TCG Live games. You may receive the physical <strong>Code Card</strong>. Upon purchase, please work with your specific Seller by sending them a message using the <strong>Contact Seller</strong> button on the order details in your <a href=https://store.tcgplayer.com/myaccount/orderhistory>Order History</a> to opt in to having your <strong>Code Card</strong> code delivered digitally due to the nature of the product.",
