productId,name,cleanName,imageUrl,categoryId,groupId,url,modifiedOn,imageCount,extCardText,lowPrice,midPrice,highPrice,marketPrice,directLowPrice,subTypeName,extNumber,extRarity,extCardType,extHP,extStage,extAttack1,extWeakness,extResistance,extRetreatCost,extAttack2,extAttack3,extUPC
145847,Shining Legends Elite Trainer Box,Shining Legends Elite Trainer Box,https://tcgplayer-cdn.tcgplayer.com/product/145847_200w.jpg,3,2054,https://cpt.tcgcsv.com/Zlb2,2017-09-20T17:36:37.09,1,"Inside this Shining Legends Elite Trainer Box, you'll find:
<br>• 10 Shining Legends booster packs
<br>• 1 foil promo card featuring Shining Ho-Oh
<br>• 65 card sleeves featuring Ho-Oh
<br>• 45 Energy cards
<br>• 1 player's guide to the Shining Legends expansion
<br>• 6 damage-counter dice
<br>• 1 competition-legal coin-flip die
<br>• 2 acrylic condition markers and 1 acrylic GX marker
<br>• Product can also be used as a collector's box to hold everything, with 4 dividers to keep it organized
<br>• 1 code card for the Pokémon Trading Card Game Online",799.99,899.98,950.0,663.65,,Normal,,,,,,,,,,,,
145848,Shining Legends Pin Collection: Mewtwo,Shining Legends Pin Collection Mewtwo,https://tcgplayer-cdn.tcgplayer.com/product/145848_200w.jpg,3,2054,https://cpt.tcgcsv.com/-lb2,2018-02-22T19:10:53.727,1,"Each Shining Legends Pin Collection [Mewtwo] contains:
<br>• 1 Promo card of Mewtwo
<br>• 1 Collector's pin of Mewtwo
<br>• 3 Shining Legends Booster Packs
<br>• 1 code card for the Pokémon Trading Card Game Online",367.95,368.97,369.99,242.44,,Normal,,,,,,,,,,,,
145849,Shining Legends Pin Collection: Pikachu,Shining Legends Pin Collection Pikachu,https://tcgplayer-cdn.tcgplayer.com/product/145849_200w.jpg,3,2054,https://cpt.tcgcsv.com/_lb2,2018-02-22T19:10:59.697,1,"Each Shining Legends Pin Collection [Pikachu] contains:
<br>• 1 Promo card of Pikachu
<br>• 1 Collector's pin of Pikachu
<br>• 3 Shining Legends Booster Packs
<br>• 1 code card for the Pokémon Trading Card Game Online",349.99,365.0,424.97,194.66,,Normal,,,,,,,,,,,,
146653,Bulbasaur,Bulbasaur,https://tcgplayer-cdn.tcgplayer.com/product/146653_200w.jpg,3,2054,https://cpt.tcgcsv.com/5Hb2,2023-10-11T07:50:18.71,1,,0.18,0.39,2.0,0.38,,Normal,1/73,Common,Grass,70,Basic,[1G] Razor Leaf (30),Rx2,None,2,,,
146653,Bulbasaur,Bulbasaur,https://tcgplayer-cdn.tcgplayer.com/product/146653_200w.jpg,3,2054,https://cpt.tcgcsv.com/5Hb2,2023-10-11T07:50:18.71,1,,0.7,1.0,3.34,1.06,,Reverse Holofoil,1/73,Common,Grass,70,Basic,[1G] Razor Leaf (30),Rx2,None,2,,,
146654,Ivysaur,Ivysaur,https://tcgplayer-cdn.tcgplayer.com/product/146654_200w.jpg,3,2054,https://cpt.tcgcsv.com/6Hb2,2025-02-05T21:25:23.163,1,,0.08,0.34,2.99,0.31,,Normal,2/73,Common,Grass,100,Stage 1,[1G] Razor Leaf (30),Rx2,None,4,"[2GG] Toxic Whip (50)
<br>Your opponent's Active Pokemon is now Confused and Poisoned.",,
146654,Ivysaur,Ivysaur,https://tcgplayer-cdn.tcgplayer.com/product/146654_200w.jpg,3,2054,https://cpt.tcgcsv.com/6Hb2,2025-02-05T21:25:23.163,1,,0.29,1.09,4.99,1.24,,Reverse Holofoil,2/73,Common,Grass,100,Stage 1,[1G] Razor Leaf (30),Rx2,None,4,"[2GG] Toxic Whip (50)
<br>Your opponent's Active Pokemon is now Confused and Poisoned.",,
146655,Venusaur,Venusaur,https://tcgplayer-cdn.tcgplayer.com/product/146655_200w.jpg,3,2054,https://cpt.tcgcsv.com/7Hb2,2023-07-22T11:30:26.58,1,"<strong>Ability — Jungle Totem</strong>
<br>Each basic G Energy attached to your Pokemon provides GG Energy. You can't apply more than 1 Jungle Totem Ability at a time.",0.49,0.87,4.0,0.72,,Normal,3/73,Uncommon,Grass,160,Stage 2,[2GG] Solar Beam (90),Rx2,None,4,,,
146655,Venusaur,Venusaur,https://tcgplayer-cdn.tcgplayer.com/product/146655_200w.jpg,3,2054,https://cpt.tcgcsv.com/7Hb2,2023-07-22T11:30:26.58,1,"<strong>Ability — Jungle Totem</strong>
<br>Each basic G Energy attached to your Pokemon provides GG Energy. You can't apply more than 1 Jungle Totem Ability at a time.",1.09,2.16,4.99,2.16,2.28,Reverse Holofoil,3/73,Uncommon,Grass,160,Stage 2,[2GG] Solar Beam (90),Rx2,None,4,,,
146656,Shroomish,Shroomish,https://tcgplayer-cdn.tcgplayer.com/product/146656_200w.jpg,3,2054,https://cpt.tcgcsv.com/8Hb2,2025-02-05T21:25:23.22,1,,0.01,0.18,1.5,0.15,,Normal,4/73,Common,Grass,60,Basic,"[2] Absorb (20)
<br>Heal 20 damage from this Pokemon.",Rx2,None,1,,,
146656,Shroomish,Shroomish,https://tcgplayer-cdn.tcgplayer.com/product/146656_200w.jpg,3,2054,https://cpt.tcgcsv.com/8Hb2,2025-02-05T21:25:23.22,1,,0.15,0.27,2.0,0.25,,Reverse Holofoil,4/73,Common,Grass,60,Basic,"[2] Absorb (20)
<br>Heal 20 damage from this Pokemon.",Rx2,None,1,,,
146657,Breloom,Breloom,https://tcgplayer-cdn.tcgplayer.com/product/146657_200w.jpg,3,2054,https://cpt.tcgcsv.com/9Hb2,2022-12-05T18:29:42.077,1,,0.03,0.2,1.49,0.16,0.1,Normal,5/73,Common,Grass,110,Stage 1,"[G] Hibernation Spore
<br>Your opponent's Active Pokemon is now Asleep. Your opponent flips 2 coins instead of 1 between turns. If either of them is tails, that Pokemon is still Asleep.",Rx2,None,2,[3] Magnum Punch (80),,
146657,Breloom,Breloom,https://tcgplayer-cdn.tcgplayer.com/product/146657_200w.jpg,3,2054,https://cpt.tcgcsv.com/9Hb2,2022-12-05T18:29:42.077,1,,0.2,0.38,2.0,0.38,0.25,Reverse Holofoil,5/73,Common,Grass,110,Stage 1,"[G] Hibernation Spore
<br>Your opponent's Active Pokemon is now Asleep. Your opponent flips 2 coins instead of 1 between turns. If either of them is tails, that Pokemon is still Asleep.",Rx2,None,2,[3] Magnum Punch (80),,
146658,Carnivine,Carnivine,https://tcgplayer-cdn.tcgplayer.com/product/146658_200w.jpg,3,2054,https://cpt.tcgcsv.com/bHb2,2025-02-05T21:25:23.263,1,,0.01,0.24,1.49,0.23,,Normal,6/73,Uncommon,Grass,100,Basic,"[G] Flick Poison
<br>Switch 1 of your opponent's Benched Pokemon with their Active Pokemon. The new Active Pokemon is now Poisoned.",Rx2,None,2,"[1G] Crunch (30)
<br> Discard an Energy from your opponent's Active Pokemon.",,
146658,Carnivine,Carnivine,https://tcgplayer-cdn.tcgplayer.com/product/146658_200w.jpg,3,2054,https://cpt.tcgcsv.com/bHb2,2025-02-05T21:25:23.263,1,,0.24,0.5,2.0,0.5,,Reverse Holofoil,6/73,Uncommon,Grass,100,Basic,"[G] Flick Poison
<br>Switch 1 of your opponent's Benched Pokemon with their Active Pokemon. The new Active Pokemon is now Poisoned.",Rx2,None,2,"[1G] Crunch (30)
<br> Discard an Energy from your opponent's Active Pokemon.",,
146659,Shaymin,Shaymin,https://tcgplayer-cdn.tcgplayer.com/product/146659_200w.jpg,3,2054,https://cpt.tcgcsv.com/cHb2,2022-12-05T18:29:56.49,1,,0.13,0.33,2.0,0.31,,Holofoil,7/73,Holo Rare,Grass,70,Basic,"[G] Flippity Flap
<br>Shuffle your hand into your deck. Then, draw 6 cards.",Rx2,None,1,"[1G] Rally Back (30)
<br>If any of your Pokemon were Knocked Out by damage from an opponent's attack during their last turn, this attack does 90 more damage.",,
146659,Shaymin,Shaymin,https://tcgplayer-cdn.tcgplayer.com/product/146659_200w.jpg,3,2054,https://cpt.tcgcsv.com/cHb2,2022-12-05T18:29:56.49,1,,0.2,0.56,4.0,0.66,,Reverse Holofoil,7/73,Holo Rare,Grass,70,Basic,"[G] Flippity Flap
<br>Shuffle your hand into your deck. Then, draw 6 cards.",Rx2,None,1,"[1G] Rally Back (30)
<br>If any of your Pokemon were Knocked Out by damage from an opponent's attack during their last turn, this attack does 90 more damage.",,
146660,Virizion,Virizion,https://tcgplayer-cdn.tcgplayer.com/product/146660_200w.jpg,3,2054,https://cpt.tcgcsv.com/dHb2,2022-12-05T18:30:05.893,1,,0.1,0.3,3.0,0.29,0.3,Holofoil,8/73,Holo Rare,Grass,110,Basic,"[G] Wrapped in Wind (30)
<br>You may attach a basic Energy card from your hand to this Pokemon.",Rx2,None,1,"[1GG] Pike (90)
<br>This attack does 30 damage to 1 of your opponent's Benched Pokemon. <em>(Don't apply Weakness and Resistance for Benched Pokemon.)</em>",,
146660,Virizion,Virizion,https://tcgplayer-cdn.tcgplayer.com/product/146660_200w.jpg,3,2054,https://cpt.tcgcsv.com/dHb2,2022-12-05T18:30:05.893,1,,0.01,0.4,3.0,0.38,0.36,Reverse Holofoil,8/73,Holo Rare,Grass,110,Basic,"[G] Wrapped in Wind (30)
<br>You may attach a basic Energy card from your hand to this Pokemon.",Rx2,None,1,"[1GG] Pike (90)
<br>This attack does 30 damage to 1 of your opponent's Benched Pokemon. <em>(Don't apply Weakness and Resistance for Benched Pokemon.)</em>",,
146661,Shining Genesect,Shining Genesect,https://tcgplayer-cdn.tcgplayer.com/product/146661_200w.jpg,3,2054,https://cpt.tcgcsv.com/fHb2,2022-12-05T18:30:14.653,1,"<strong>Ability — Energy Reload</strong>
<br>Once during your turn <em>(before your attack)</em>, you may move a G Energy from 1 of your other Pokemon to this Pokemon.",6.75,12.84,112.0,12.84,8.38,Holofoil,9/73,Shiny Holo Rare,Grass,130,Basic,"[3] Gaia Blaster (50+)
<br>This attack does 20 more damage times the amount of G Energy attached to this Pokemon.",Rx2,None,2,,,
146663,Entei GX,Entei GX,https://tcgplayer-cdn.tcgplayer.com/product/146663_200w.jpg,3,2054,https://cpt.tcgcsv.com/hHb2,2024-06-21T05:10:10.44,1,,1.5,3.0,64.77,2.97,2.32,Holofoil,10/73,Ultra Rare,Fire,180,Basic,[1R] Combustion (50),Wx2,None,2,"[1RR] Fire Fang (100)
<br>Your opponent's Active Pokemon is now Burned.","<span style=""color:Teal""><strong>[1RR] Brave Burn GX</strong>
<br>This attack does 150 damage to 1 of your opponent's Benched Pokemon. <em>(Don't apply Weakness and Resistance for Benched Pokémon.) (You can't use more than 1 GX attack in a game.)</em></span>",
146664,Torkoal,Torkoal,https://tcgplayer-cdn.tcgplayer.com/product/146664_200w.jpg,3,2054,https://cpt.tcgcsv.com/jHb2,2025-02-05T21:25:23.31,1,,0.03,0.17,2.03,0.13,,Normal,11/73,Common,Fire,110,Basic,"[2] High-Pressure Heat (30)
<br>During your next turn, this Pokemon's High-Pressure Heat attack does 50 more damage <em>(before applying Weakness and Resistance)</em>.",Wx2,None,3,"[1RR] Flamethrower (90)
<br>Discard an Energy from this Pokemon.",,
146664,Torkoal,Torkoal,https://tcgplayer-cdn.tcgplayer.com/product/146664_200w.jpg,3,2054,https://cpt.tcgcsv.com/jHb2,2025-02-05T21:25:23.31,1,,0.1,0.29,2.0,0.26,,Reverse Holofoil,11/73,Common,Fire,110,Basic,"[2] High-Pressure Heat (30)
<br>During your next turn, this Pokemon's High-Pressure Heat attack does 50 more damage <em>(before applying Weakness and Resistance)</em>.",Wx2,None,3,"[1RR] Flamethrower (90)
<br>Discard an Energy from this Pokemon.",,
146665,Larvesta,Larvesta,https://tcgplayer-cdn.tcgplayer.com/product/146665_200w.jpg,3,2054,https://cpt.tcgcsv.com/kHb2,2025-02-05T21:25:23.357,1,,0.01,0.17,1.49,0.16,,Normal,12/73,Common,Fire,80,Basic,[1R] Flare (30),Wx2,None,3,,,
146665,Larvesta,Larvesta,https://tcgplayer-cdn.tcgplayer.com/product/146665_200w.jpg,3,2054,https://cpt.tcgcsv.com/kHb2,2025-02-05T21:25:23.357,1,,0.1,0.3,2.0,0.28,0.27,Reverse Holofoil,12/73,Common,Fire,80,Basic,[1R] Flare (30),Wx2,None,3,,,
146666,Volcarona,Volcarona,https://tcgplayer-cdn.tcgplayer.com/product/146666_200w.jpg,3,2054,https://cpt.tcgcsv.com/lHb2,2025-02-05T21:25:23.403,1,"<strong>Ability — Heat Cyclone</strong>
<br>Once during your turn <em>(before your attack)</em>, you may have your opponent switch their Active Pokemon with 1 of their Benched Pokemon.",0.04,0.2,1.49,0.16,,Normal,13/73,Uncommon,Fire,120,Stage 1,[1R] Heat Blast (60),Wx2,None,1,,,
146666,Volcarona,Volcarona,https://tcgplayer-cdn.tcgplayer.com/product/146666_200w.jpg,3,2054,https://cpt.tcgcsv.com/lHb2,2025-02-05T21:25:23.403,1,"<strong>Ability — Heat Cyclone</strong>
<br>Once during your turn <em>(before your attack)</em>, you may have your opponent switch their Active Pokemon with 1 of their Benched Pokemon.",0.19,0.35,3.0,0.33,,Reverse Holofoil,13/73,Uncommon,Fire,120,Stage 1,[1R] Heat Blast (60),Wx2,None,1,,,
146667,Reshiram,Reshiram,https://tcgplayer-cdn.tcgplayer.com/product/146667_200w.jpg,3,2054,https://cpt.tcgcsv.com/mHb2,2022-12-05T18:31:00.217,1,,0.2,0.42,3.95,0.4,,Holofoil,14/73,Holo Rare,Fire,130,Basic,"[2] Outrage (20+)
<br>This attack does 10 more damage for each damage counter on this Pokemon.",Wx2,None,3,"[1RR] Scorching Breath (130)
<br>This Pokemon can't attack during your next turn.",,
146667,Reshiram,Reshiram,https://tcgplayer-cdn.tcgplayer.com/product/146667_200w.jpg,3,2054,https://cpt.tcgcsv.com/mHb2,2022-12-05T18:31:00.217,1,,0.45,0.64,4.0,0.55,,Reverse Holofoil,14/73,Holo Rare,Fire,130,Basic,"[2] Outrage (20+)
<br>This attack does 10 more damage for each damage counter on this Pokemon.",Wx2,None,3,"[1RR] Scorching Breath (130)
<br>This Pokemon can't attack during your next turn.",,
146668,Litten,Litten,https://tcgplayer-cdn.tcgplayer.com/product/146668_200w.jpg,3,2054,https://cpt.tcgcsv.com/nHb2,2025-02-05T21:25:23.46,1,,0.03,0.19,2.0,0.15,,Normal,15/73,Common,Fire,60,Basic,[R] Live Coal (20),Wx2,None,1,,,
146668,Litten,Litten,https://tcgplayer-cdn.tcgplayer.com/product/146668_200w.jpg,3,2054,https://cpt.tcgcsv.com/nHb2,2025-02-05T21:25:23.46,1,,0.15,0.36,2.0,0.35,,Reverse Holofoil,15/73,Common,Fire,60,Basic,[R] Live Coal (20),Wx2,None,1,,,
146669,Torracat,Torracat,https://tcgplayer-cdn.tcgplayer.com/product/146669_200w.jpg,3,2054,https://cpt.tcgcsv.com/pHb2,2022-12-05T18:31:13.89,1,,0.03,0.2,2.03,0.13,0.1,Normal,16/73,Common,Fire,90,Stage 1,"[1] Swagger
<br>Flip a coin. If heads, discard an Energy from your opponent's Active Pokemon.",Wx2,None,1,[1R] Fire Claws (30),,
146669,Torracat,Torracat,https://tcgplayer-cdn.tcgplayer.com/product/146669_200w.jpg,3,2054,https://cpt.tcgcsv.com/pHb2,2022-12-05T18:31:13.89,1,,0.18,0.37,2.0,0.36,0.3,Reverse Holofoil,16/73,Common,Fire,90,Stage 1,"[1] Swagger
<br>Flip a coin. If heads, discard an Energy from your opponent's Active Pokemon.",Wx2,None,1,[1R] Fire Claws (30),,
146670,Incineroar,Incineroar,https://tcgplayer-cdn.tcgplayer.com/product/146670_200w.jpg,3,2054,https://cpt.tcgcsv.com/qHb2,2025-02-05T21:25:23.507,1,,0.02,0.23,1.6,0.17,,Normal,17/73,Uncommon,Fire,170,Stage 2,"[1R] Profane Punch (50+)
<br>If your Benched Pokemon have any damage counters on them, this attack does 80 more damage.",Wx2,None,2,"[1RR] Flare Blitz (180)
<br>Discard all R Energy from this Pokemon.",,
146670,Incineroar,Incineroar,https://tcgplayer-cdn.tcgplayer.com/product/146670_200w.jpg,3,2054,https://cpt.tcgcsv.com/qHb2,2025-02-05T21:25:23.507,1,,0.08,0.49,4.95,0.47,,Reverse Holofoil,17/73,Uncommon,Fire,170,Stage 2,"[1R] Profane Punch (50+)
<br>If your Benched Pokemon have any damage counters on them, this attack does 80 more damage.",Wx2,None,2,"[1RR] Flare Blitz (180)
<br>Discard all R Energy from this Pokemon.",,
146671,Totodile,Totodile,https://tcgplayer-cdn.tcgplayer.com/product/146671_200w.jpg,3,2054,https://cpt.tcgcsv.com/rHb2,2025-02-05T21:25:23.553,1,,0.03,0.25,3.99,0.31,,Normal,18/73,Common,Water,70,Basic,[W] Water Gun (10),Gx2,None,1,[1W] Bite (20),,
146671,Totodile,Totodile,https://tcgplayer-cdn.tcgplayer.com/product/146671_200w.jpg,3,2054,https://cpt.tcgcsv.com/rHb2,2025-02-05T21:25:23.553,1,,0.2,0.84,3.0,0.92,,Reverse Holofoil,18/73,Common,Water,70,Basic,[W] Water Gun (10),Gx2,None,1,[1W] Bite (20),,
146672,Croconaw,Croconaw,https://tcgplayer-cdn.tcgplayer.com/product/146672_200w.jpg,3,2054,https://cpt.tcgcsv.com/sHb2,2025-02-05T21:25:23.6,1,"<strong>Ability — Plunge</strong>
<br>Once during your turn <em>(before your attack)</em>, if this Pokemon is on your Bench, you may move all Energy from your Active Pokemon to this Pokemon. If you do, switch it with your Active Pokemon.",0.09,0.25,2.0,0.23,,Normal,19/73,Common,Water,90,Stage 1,[2W] Bite (60),Gx2,None,3,,,
146672,Croconaw,Croconaw,https://tcgplayer-cdn.tcgplayer.com/product/146672_200w.jpg,3,2054,https://cpt.tcgcsv.com/sHb2,2025-02-05T21:25:23.6,1,"<strong>Ability — Plunge</strong>
<br>Once during your turn <em>(before your attack)</em>, if this Pokemon is on your Bench, you may move all Energy from your Active Pokemon to this Pokemon. If you do, switch it with your Active Pokemon.",0.24,0.47,2.0,0.47,,Reverse Holofoil,19/73,Common,Water,90,Stage 1,[2W] Bite (60),Gx2,None,3,,,
146673,Feraligatr,Feraligatr,https://tcgplayer-cdn.tcgplayer.com/product/146673_200w.jpg,3,2054,https://cpt.tcgcsv.com/tHb2,2022-12-05T18:31:44.983,1,,0.1,0.37,1.49,0.37,,Normal,20/73,Uncommon,Water,160,Stage 2,"[2W] Crunch (80)
<br>Discard an Energy from your opponent's Active Pokemon.",Gx2,None,3,[3W] Hydro Splash (130),,
146673,Feraligatr,Feraligatr,https://tcgplayer-cdn.tcgplayer.com/product/146673_200w.jpg,3,2054,https://cpt.tcgcsv.com/tHb2,2022-12-05T18:31:44.983,1,,0.45,0.87,4.0,0.86,,Reverse Holofoil,20/73,Uncommon,Water,160,Stage 2,"[2W] Crunch (80)
<br>Discard an Energy from your opponent's Active Pokemon.",Gx2,None,3,[3W] Hydro Splash (130),,
146674,Qwilfish,Qwilfish,https://tcgplayer-cdn.tcgplayer.com/product/146674_200w.jpg,3,2054,https://cpt.tcgcsv.com/vHb2,2025-02-05T21:25:23.647,1,,0.01,0.15,1.5,0.12,,Normal,21/73,Common,Water,90,Basic,"[1] Poison Sting
<br>Your opponent's Active Pokémon is now Poisoned.",Gx2,None,1,"[1W] Shocking Sting (20+)
<br>If your opponent's Active Pokemon is affected by a Special Condition, this attack does 50 more damage.",,
146674,Qwilfish,Qwilfish,https://tcgplayer-cdn.tcgplayer.com/product/146674_200w.jpg,3,2054,https://cpt.tcgcsv.com/vHb2,2025-02-05T21:25:23.647,1,,0.15,0.29,2.0,0.25,,Reverse Holofoil,21/73,Common,Water,90,Basic,"[1] Poison Sting
<br>Your opponent's Active Pokémon is now Poisoned.",Gx2,None,1,"[1W] Shocking Sting (20+)
<br>If your opponent's Active Pokemon is affected by a Special Condition, this attack does 50 more damage.",,
146675,Buizel,Buizel,https://tcgplayer-cdn.tcgplayer.com/product/146675_200w.jpg,3,2054,https://cpt.tcgcsv.com/wHb2,2025-02-05T21:25:23.693,1,,0.01,0.19,1.49,0.15,,Normal,22/73,Common,Water,60,Basic,[1] Razor Fin (10),Gx2,None,1,[2W] Water Gun (40),,
146675,Buizel,Buizel,https://tcgplayer-cdn.tcgplayer.com/product/146675_200w.jpg,3,2054,https://cpt.tcgcsv.com/wHb2,2025-02-05T21:25:23.693,1,,0.13,0.34,2.0,0.34,,Reverse Holofoil,22/73,Common,Water,60,Basic,[1] Razor Fin (10),Gx2,None,1,[2W] Water Gun (40),,
146676,Floatzel,Floatzel,https://tcgplayer-cdn.tcgplayer.com/product/146676_200w.jpg,3,2054,https://cpt.tcgcsv.com/xHb2,2025-02-05T21:25:23.757,1,,0.05,0.2,1.64,0.13,,Normal,23/73,Uncommon,Water,100,Stage 1,[1] Razor Fin (20),Gx2,None,1,"[2W] Aqua Bomb (120)
<br>This Pokemon does 30 damage to itself.",,
146676,Floatzel,Floatzel,https://tcgplayer-cdn.tcgplayer.com/product/146676_200w.jpg,3,2054,https://cpt.tcgcsv.com/xHb2,2025-02-05T21:25:23.757,1,,0.1,0.25,2.0,0.2,,Reverse Holofoil,23/73,Uncommon,Water,100,Stage 1,[1] Razor Fin (20),Gx2,None,1,"[2W] Aqua Bomb (120)
<br>This Pokemon does 30 damage to itself.",,
146678,Palkia,Palkia,https://tcgplayer-cdn.tcgplayer.com/product/146678_200w.jpg,3,2054,https://cpt.tcgcsv.com/BHb2,2022-12-05T18:32:16.237,1,,0.12,0.39,4.0,0.36,,Holofoil,24/73,Holo Rare,Water,130,Basic,"[2] Spiral Drain (30)
<br>Heal 30 damage from this Pokemon.",Gx2,None,2,[1WW] Aqua Blade (100),,
146678,Palkia,Palkia,https://tcgplayer-cdn.tcgplayer.com/product/146678_200w.jpg,3,2054,https://cpt.tcgcsv.com/BHb2,2022-12-05T18:32:16.237,1,,0.11,0.49,3.0,0.45,0.44,Reverse Holofoil,24/73,Holo Rare,Water,130,Basic,"[2] Spiral Drain (30)
<br>Heal 30 damage from this Pokemon.",Gx2,None,2,[1WW] Aqua Blade (100),,
146679,Manaphy,Manaphy,https://tcgplayer-cdn.tcgplayer.com/product/146679_200w.jpg,3,2054,https://cpt.tcgcsv.com/CHb2,2022-12-05T18:32:25.65,1,"<strong>Ability — Blessings of the Deep</strong>
<br>Once during your turn <em>(before your attack)</em>, you may heal 20 damage from 1 of your Pokemon that has any W Energy attached to it.",0.03,0.35,2.0,0.36,,Holofoil,25/73,Holo Rare,Water,60,Basic,[1W] Wave Splash (30),Gx2,None,1,,,
146679,Manaphy,Manaphy,https://tcgplayer-cdn.tcgplayer.com/product/146679_200w.jpg,3,2054,https://cpt.tcgcsv.com/CHb2,2022-12-05T18:32:25.65,1,"<strong>Ability — Blessings of the Deep</strong>
<br>Once during your turn <em>(before your attack)</em>, you may heal 20 damage from 1 of your Pokemon that has any W Energy attached to it.",0.09,0.45,3.0,0.36,0.32,Reverse Holofoil,25/73,Holo Rare,Water,60,Basic,[1W] Wave Splash (30),Gx2,None,1,,,
146680,Keldeo,Keldeo,https://tcgplayer-cdn.tcgplayer.com/product/146680_200w.jpg,3,2054,https://cpt.tcgcsv.com/DHb2,2022-12-05T18:33:06.987,1,,0.09,0.3,3.0,0.27,,Holofoil,26/73,Holo Rare,Water,110,Basic,"[1] Bail Out
<br>Put a Water Pokemon from your discard pile into your hand.",Gx2,None,2,"[WW] Resolute Blade (20+)
<br>This attack does 20 more damage for each of your opponent's Benched Pokemon.",,
146680,Keldeo,Keldeo,https://tcgplayer-cdn.tcgplayer.com/product/146680_200w.jpg,3,2054,https://cpt.tcgcsv.com/DHb2,2022-12-05T18:33:06.987,1,,0.2,0.6,1.92,0.65,,Reverse Holofoil,26/73,Holo Rare,Water,110,Basic,"[1] Bail Out
<br>Put a Water Pokemon from your discard pile into your hand.",Gx2,None,2,"[WW] Resolute Blade (20+)
<br>This attack does 20 more damage for each of your opponent's Benched Pokemon.",,
146681,Shining Volcanion,Shining Volcanion,https://tcgplayer-cdn.tcgplayer.com/product/146681_200w.jpg,3,2054,https://cpt.tcgcsv.com/FHb2,2022-12-05T18:33:14.19,1,,3.5,7.91,96.18,7.61,3.99,Holofoil,27/73,Shiny Holo Rare,Water,130,Basic,"[WWW] Dual Pump
<br>This attack does 50 damage to 2 of your opponent's Pokemon. <em>(Don't apply Weakness and Resistance for Benched Pokémon.)</em>",Lx2,None,3,"[4] Quad Smash (50x)
<br> Flip 4 coins. This attack does 50 damage for each heads.",,
146682,Pikachu,Pikachu,https://tcgplayer-cdn.tcgplayer.com/product/146682_200w.jpg,3,2054,https://cpt.tcgcsv.com/GHb2,2022-12-05T18:33:20.853,1,,0.1,0.58,3.0,0.58,,Normal,28/73,Common,Lightning,60,Basic,"[L] Iron Tail (20x)
<br>Flip a coin until you get tails. This attack does 20 damage for each heads.",Fx2,M-20,1,,,
146682,Pikachu,Pikachu,https://tcgplayer-cdn.tcgplayer.com/product/146682_200w.jpg,3,2054,https://cpt.tcgcsv.com/GHb2,2022-12-05T18:33:20.853,1,,0.82,1.91,4.99,1.91,,Reverse Holofoil,28/73,Common,Lightning,60,Basic,"[L] Iron Tail (20x)
<br>Flip a coin until you get tails. This attack does 20 damage for each heads.",Fx2,M-20,1,,,
146683,Voltorb,Voltorb,https://tcgplayer-cdn.tcgplayer.com/product/146683_200w.jpg,3,2054,https://cpt.tcgcsv.com/HHb2,2025-02-05T21:25:23.803,1,,0.01,0.15,2.0,0.11,,Normal,30/73,Common,Lightning,60,Basic,[L] Electro-Ball (10),Fx2,M-20,1,,,
146683,Voltorb,Voltorb,https://tcgplayer-cdn.tcgplayer.com/product/146683_200w.jpg,3,2054,https://cpt.tcgcsv.com/HHb2,2025-02-05T21:25:23.803,1,,0.1,0.31,2.0,0.29,,Reverse Holofoil,30/73,Common,Lightning,60,Basic,[L] Electro-Ball (10),Fx2,M-20,1,,,
146684,Electrode,Electrode,https://tcgplayer-cdn.tcgplayer.com/product/146684_200w.jpg,3,2054,https://cpt.tcgcsv.com/JHb2,2025-02-05T21:25:23.85,1,,0.04,0.2,1.5,0.16,,Normal,31/73,Uncommon,Lightning,90,Stage 1,"[L] Swift (60)
<br>This attack's damage isn't affected by Weakness, Resistance, or any other effects on your opponent's Active Pokemon.",Fx2,M-20,0,,,
146684,Electrode,Electrode,https://tcgplayer-cdn.tcgplayer.com/product/146684_200w.jpg,3,2054,https://cpt.tcgcsv.com/JHb2,2025-02-05T21:25:23.85,1,,0.1,0.33,2.0,0.28,,Reverse Holofoil,31/73,Uncommon,Lightning,90,Stage 1,"[L] Swift (60)
<br>This attack's damage isn't affected by Weakness, Resistance, or any other effects on your opponent's Active Pokemon.",Fx2,M-20,0,,,
146685,Plusle,Plusle,https://tcgplayer-cdn.tcgplayer.com/product/146685_200w.jpg,3,2054,https://cpt.tcgcsv.com/KHb2,2022-12-05T18:33:58.03,1,,0.01,0.25,1.5,0.26,,Normal,33/73,Common,Lightning,70,Basic,"[L] Tag Team Boost (10+)
<br>If Minun is on your Bench, this attack does 50 more damage.",Fx2,M-20,1,,,
146685,Plusle,Plusle,https://tcgplayer-cdn.tcgplayer.com/product/146685_200w.jpg,3,2054,https://cpt.tcgcsv.com/KHb2,2022-12-05T18:33:58.03,1,,0.58,0.78,2.0,0.62,,Reverse Holofoil,33/73,Common,Lightning,70,Basic,"[L] Tag Team Boost (10+)
<br>If Minun is on your Bench, this attack does 50 more damage.",Fx2,M-20,1,,,
146686,Minun,Minun,https://tcgplayer-cdn.tcgplayer.com/product/146686_200w.jpg,3,2054,https://cpt.tcgcsv.com/LHb2,2025-02-05T21:25:23.91,1,,0.01,0.25,1.75,0.25,,Normal,34/73,Common,Lightning,70,Basic,"[1] Collect
<br>Draw a card.",Fx2,M-20,1,"[L] Spark (20)
<br>This attack does 20 damage to 1 of your opponent's Benched Pokemon. <em>(Don't apply Weakness and Resistance for Benched Pokémon.)</em>",,
146686,Minun,Minun,https://tcgplayer-cdn.tcgplayer.com/product/146686_200w.jpg,3,2054,https://cpt.tcgcsv.com/LHb2,2025-02-05T21:25:23.91,1,,0.1,0.39,1.49,0.34,,Reverse Holofoil,34/73,Common,Lightning,70,Basic,"[1] Collect
<br>Draw a card.",Fx2,M-20,1,"[L] Spark (20)
<br>This attack does 20 damage to 1 of your opponent's Benched Pokemon. <em>(Don't apply Weakness and Resistance for Benched Pokémon.)</em>",,
146687,Raichu GX,Raichu GX,https://tcgplayer-cdn.tcgplayer.com/product/146687_200w.jpg,3,2054,https://cpt.tcgcsv.com/MHb2,2022-12-05T18:33:27.76,1,,2.25,4.34,99.99,4.04,12.49,Holofoil,29/73,Ultra Rare,Lightning,210,Stage 1,"[2] Powerful Spark (20+)
<br>This attack does 20 more damage times the amount of Lightning Energy attached to your Pokemon.",Fx2,M-20,1,"[1LL] Thunder (160)
<br>This Pokemon does 30 damage to itself.","<span style=""color:Teal""><strong>[1LL] Voltail GX (120)</strong>
<br>Your opponent's Active Pokemon is now Paralyzed. <em>(You can't use more than 1 GX attack in a game.)</em></span>",
146688,Raikou,Raikou,https://tcgplayer-cdn.tcgplayer.com/product/146688_200w.jpg,3,2054,https://cpt.tcgcsv.com/NHb2,2023-05-28T04:18:01.837,1,,0.49,0.9,3.0,0.84,,Holofoil,32/73,Holo Rare,Lightning,120,Basic,"[L] Booming Thunder (30)
<br>Attach a Lightning Energy card from your discard pile to 1 of your Benched Pokemon.",Fx2,M-20,2,[1LL] Electric Ball (90),,
146688,Raikou,Raikou,https://tcgplayer-cdn.tcgplayer.com/product/146688_200w.jpg,3,2054,https://cpt.tcgcsv.com/NHb2,2023-05-28T04:18:01.837,1,,0.89,1.51,4.99,1.51,,Reverse Holofoil,32/73,Holo Rare,Lightning,120,Basic,"[L] Booming Thunder (30)
<br>Attach a Lightning Energy card from your discard pile to 1 of your Benched Pokemon.",Fx2,M-20,2,[1LL] Electric Ball (90),,
146692,Zekrom,Zekrom,https://tcgplayer-cdn.tcgplayer.com/product/146692_200w.jpg,3,2054,https://cpt.tcgcsv.com/SHb2,2022-12-05T18:34:12.197,1,,0.07,0.42,2.0,0.39,,Holofoil,35/73,Holo Rare,Lightning,130,Basic,"[2] Outrage (20+)
<br>This attack does 10 more damage for each damage counter on this Pokemon.",Fx2,M-20,3,"[1LL] Storm Blade (130)
<br>Discard 2 Energy from this Pokemon.",,
146692,Zekrom,Zekrom,https://tcgplayer-cdn.tcgplayer.com/product/146692_200w.jpg,3,2054,https://cpt.tcgcsv.com/SHb2,2022-12-05T18:34:12.197,1,,0.15,0.41,3.0,0.39,,Reverse Holofoil,35/73,Holo Rare,Lightning,130,Basic,"[2] Outrage (20+)
<br>This attack does 10 more damage for each damage counter on this Pokemon.",Fx2,M-20,3,"[1LL] Storm Blade (130)
<br>Discard 2 Energy from this Pokemon.",,
146695,Mewtwo GX,Mewtwo GX,https://tcgplayer-cdn.tcgplayer.com/product/146695_200w.jpg,3,2054,https://cpt.tcgcsv.com/WHb2,2022-12-05T18:34:40.65,1,,6.7,8.49,65.99,7.51,7.16,Holofoil,39/73,Ultra Rare,Psychic,190,Basic,"[P] Full Burst (30x)
<br>This attack does 30 damage times the amount of Energy attached to this Pokemon.",Px2,None,1,"[1P] Super Absorption (60)
<br>Heal 30 damage from this Pokemon.","<span style=""color:Teal""><strong>[PPP] Psystrike GX (200)</strong>
<br>This attack's damage isn't affected by any effects on your opponent's Active Pokemon. <em>(You can't use more than 1 GX attack in a game.)</em></span>",
146696,Mewtwo GX (Full Art),Mewtwo GX Full Art,https://tcgplayer-cdn.tcgplayer.com/product/146696_200w.jpg,3,2054,https://cpt.tcgcsv.com/XHb2,2025-05-09T09:39:31.4,1,,13.01,24.26,99.99,24.26,24.38,Holofoil,72/73,Ultra Rare,Psychic,190,Basic,"[P] Full Burst (30x)
<br>This attack does 30 damage times the amount of Energy attached to this Pokemon.",Px2,None,1,"[1P] Super Absorption (60)
<br>Heal 30 damage from this Pokemon.","<span style=""color:Teal""><strong>[PPP] Psystrike GX (200)</strong>
<br>This attack's damage isn't affected by any effects on your opponent's Active Pokemon. <em>(You can't use more than 1 GX attack in a game.)</em></span>",
146697,Mewtwo GX (Secret),Mewtwo GX Secret,https://tcgplayer-cdn.tcgplayer.com/product/146697_200w.jpg,3,2054,https://cpt.tcgcsv.com/ZHb2,2022-12-05T18:41:18.343,1,,67.72,80.0,99.99,64.5,,Holofoil,76/73,Secret Rare,Psychic,190,Basic,"[P] Full Burst (30x)
<br>This attack does 30 damage times the amount of Energy attached to this Pokemon.",Px2,None,1,"[1P] Super Absorption (60)
<br>Heal 30 damage from this Pokemon.","<span style=""color:Teal""><strong>[PPP] Psystrike GX (200)</strong>
<br>This attack's damage isn't affected by any effects on your opponent's Active Pokemon. <em>(You can't use more than 1 GX attack in a game.)</em></span>",
146698,Mewtwo GX (Secret Shining),Mewtwo GX Secret Shining,https://tcgplayer-cdn.tcgplayer.com/product/146698_200w.jpg,3,2054,https://cpt.tcgcsv.com/-Hb2,2022-12-05T18:41:34.657,1,,319.0,377.96,455.0,524.01,350.0,Holofoil,78/73,Shiny Holo Rare,Psychic,190,Basic,"[P] Full Burst (30x)
<br>This attack does 30 damage times the amount of Energy attached to this Pokemon.",Px2,None,2,"[1P] Super Absorption (60)
<br>Heal 30 damage from this Pokemon.","<span style=""color:Teal""><strong>[PPP] Psystrike GX (200)</strong>
<br>This attack's damage isn't affected by any effects on your opponent's Active Pokemon. <em>(You can't use more than 1 GX attack in a game.)</em></span>",
146699,Shining Mew,Shining Mew,https://tcgplayer-cdn.tcgplayer.com/product/146699_200w.jpg,3,2054,https://cpt.tcgcsv.com/_Hb2,2022-12-05T18:34:47.13,1,,59.88,89.09,149.99,86.85,59.88,Holofoil,40/73,Shiny Holo Rare,Psychic,30,Basic,"[P] Legendary Guidance
<br> Search your deck for up to 2 Energy cards and attach them to your Pokemon in any way you like. Then, shuffle your deck.",Px2,None,0,[P] Beam (10),,
146700,Latios,Latios,https://tcgplayer-cdn.tcgplayer.com/product/146700_200w.jpg,3,2054,https://cpt.tcgcsv.com/0Jb2,2025-02-05T21:25:23.95,1,,0.25,0.58,2.95,0.58,,Holofoil,41/73,Holo Rare,Psychic,110,Basic,"[2] Break Through (30)
<br> This attack does 30 damage to 1 of your opponent's Benched Pokémon. <em>(Don't apply Weakness and Resistance for Benched Pokémon.)</em>",Px2,None,1,[2P] Lagoon Flight (70),,
146700,Latios,Latios,https://tcgplayer-cdn.tcgplayer.com/product/146700_200w.jpg,3,2054,https://cpt.tcgcsv.com/0Jb2,2025-02-05T21:25:23.95,1,,0.37,0.92,5.0,0.92,,Reverse Holofoil,41/73,Holo Rare,Psychic,110,Basic,"[2] Break Through (30)
<br> This attack does 30 damage to 1 of your opponent's Benched Pokémon. <em>(Don't apply Weakness and Resistance for Benched Pokémon.)</em>",Px2,None,1,[2P] Lagoon Flight (70),,
146701,Shining Jirachi,Shining Jirachi,https://tcgplayer-cdn.tcgplayer.com/product/146701_200w.jpg,3,2054,https://cpt.tcgcsv.com/2Jb2,2022-12-05T18:35:00.69,1,,24.75,44.98,99.97,30.07,27.99,Holofoil,42/73,Shiny Holo Rare,Psychic,70,Basic,"[P] Stellar Reign (10)
<br>If your opponent's Active Pokemon is an evolved Pokemon, devolve it by putting all of the Evolution cards on it into your opponent's hand.",Px2,None,0,,,
146702,Marshadow,Marshadow,https://tcgplayer-cdn.tcgplayer.com/product/146702_200w.jpg,3,2054,https://cpt.tcgcsv.com/3Jb2,2022-12-05T18:35:36.417,1,"<strong>Ability — Let Loose</strong>
<br>When you play this Pokemon from your hand onto your Bench during your turn, you may have each player shuffle their hand into their deck and draw 4 cards.",0.2,0.53,2.95,0.52,,Holofoil,45/73,Holo Rare,Psychic,70,Basic,"[1P] Shadow Punch (30)
<br>This attack's damage isn't affected by Resistance.",Dx2,F-20,1,,,
146702,Marshadow,Marshadow,https://tcgplayer-cdn.tcgplayer.com/product/146702_200w.jpg,3,2054,https://cpt.tcgcsv.com/3Jb2,2022-12-05T18:35:36.417,1,"<strong>Ability — Let Loose</strong>
<br>When you play this Pokemon from your hand onto your Bench during your turn, you may have each player shuffle their hand into their deck and draw 4 cards.",1.25,1.69,5.24,1.69,2.47,Reverse Holofoil,45/73,Holo Rare,Psychic,70,Basic,"[1P] Shadow Punch (30)
<br>This attack's damage isn't affected by Resistance.",Dx2,F-20,1,,,
146703,Ekans,Ekans,https://tcgplayer-cdn.tcgplayer.com/product/146703_200w.jpg,3,2054,https://cpt.tcgcsv.com/5Jb2,2025-06-08T13:28:48.583,1,,0.03,0.17,1.49,0.11,0.12,Normal,36/73,Common,Psychic,70,Basic,"[1] Poison Sting (10)
<br>Flip a coin. If heads, your opponent's Active Pokemon is now Poisoned.",Px2,None,2,,,
146703,Ekans,Ekans,https://tcgplayer-cdn.tcgplayer.com/product/146703_200w.jpg,3,2054,https://cpt.tcgcsv.com/5Jb2,2025-06-08T13:28:48.583,1,,0.1,0.31,2.0,0.31,,Reverse Holofoil,36/73,Common,Psychic,70,Basic,"[1] Poison Sting (10)
<br>Flip a coin. If heads, your opponent's Active Pokemon is now Poisoned.",Px2,None,2,,,
146705,Arbok,Arbok,https://tcgplayer-cdn.tcgplayer.com/product/146705_200w.jpg,3,2054,https://cpt.tcgcsv.com/7Jb2,2022-12-05T18:34:26.71,1,"<strong>Ability — Intimidating Pattern</strong>
<br>As long as this Pokemon is your Active Pokemon, your opponent's Active Pokemon's attacks do 30 less damage <em>(before applying Weakness and Resistance)</em>.",0.08,0.23,1.49,0.2,,Normal,37/73,Uncommon,Psychic,120,Stage 1,"[2P] Venomous Fang (70)
<br>Your opponent's Active Pokemon is now Poisoned.",Px2,None,3,,,
146705,Arbok,Arbok,https://tcgplayer-cdn.tcgplayer.com/product/146705_200w.jpg,3,2054,https://cpt.tcgcsv.com/7Jb2,2022-12-05T18:34:26.71,1,"<strong>Ability — Intimidating Pattern</strong>
<br>As long as this Pokemon is your Active Pokemon, your opponent's Active Pokemon's attacks do 30 less damage <em>(before applying Weakness and Resistance)</em>.",0.06,0.63,3.95,0.63,0.77,Reverse Holofoil,37/73,Uncommon,Psychic,120,Stage 1,"[2P] Venomous Fang (70)
<br>Your opponent's Active Pokemon is now Poisoned.",Px2,None,3,,,
146706,Jynx,Jynx,https://tcgplayer-cdn.tcgplayer.com/product/146706_200w.jpg,3,2054,https://cpt.tcgcsv.com/8Jb2,2025-02-05T21:25:24.003,1,,0.03,0.24,1.49,0.24,,Normal,38/73,Common,Psychic,90,Basic,"[P] Whiny Voice
<br>Choose a random card from your opponent's hand. Your opponent reveals that card and shuffles it into their deck.",Px2,None,1,"[2] Feverish Kiss (30)
<br>Your opponent's Active Pokemon is now Confused.",,
146706,Jynx,Jynx,https://tcgplayer-cdn.tcgplayer.com/product/146706_200w.jpg,3,2054,https://cpt.tcgcsv.com/8Jb2,2025-02-05T21:25:24.003,1,,0.13,0.36,2.0,0.35,,Reverse Holofoil,38/73,Common,Psychic,90,Basic,"[P] Whiny Voice
<br>Choose a random card from your opponent's hand. Your opponent reveals that card and shuffles it into their deck.",Px2,None,1,"[2] Feverish Kiss (30)
<br>Your opponent's Active Pokemon is now Confused.",,
146707,Golett,Golett,https://tcgplayer-cdn.tcgplayer.com/product/146707_200w.jpg,3,2054,https://cpt.tcgcsv.com/9Jb2,2025-02-05T21:25:24.107,1,,0.01,0.15,1.49,0.11,0.05,Normal,43/73,Common,Psychic,90,Basic,[2P] Mega Punch (60),Dx2,F-20,3,,,
146707,Golett,Golett,https://tcgplayer-cdn.tcgplayer.com/product/146707_200w.jpg,3,2054,https://cpt.tcgcsv.com/9Jb2,2025-02-05T21:25:24.107,1,,0.09,0.26,2.0,0.21,,Reverse Holofoil,43/73,Common,Psychic,90,Basic,[2P] Mega Punch (60),Dx2,F-20,3,,,
146708,Golurk,Golurk,https://tcgplayer-cdn.tcgplayer.com/product/146708_200w.jpg,3,2054,https://cpt.tcgcsv.com/bJb2,2025-02-05T21:25:24.167,1,,0.03,0.2,1.56,0.15,,Normal,44/73,Uncommon,Psychic,140,Stage 1,"[2P] Triple Smash (10+)
<br>Flip 3 coins. This attack does 60 more damage for each heads.",Dx2,F-20,4,[3P] Golurk Hammer (120),,
146708,Golurk,Golurk,https://tcgplayer-cdn.tcgplayer.com/product/146708_200w.jpg,3,2054,https://cpt.tcgcsv.com/bJb2,2025-02-05T21:25:24.167,1,,0.2,0.37,2.0,0.4,,Reverse Holofoil,44/73,Uncommon,Psychic,140,Stage 1,"[2P] Triple Smash (10+)
<br>Flip 3 coins. This attack does 60 more damage for each heads.",Dx2,F-20,4,[3P] Golurk Hammer (120),,
146709,Spiritomb,Spiritomb,https://tcgplayer-cdn.tcgplayer.com/product/146709_200w.jpg,3,2054,https://cpt.tcgcsv.com/cJb2,2025-02-05T21:25:24.23,1,"<strong>Ability — Cursed Whirlpool</strong>
<br>As long as this Pokemon is your Active Pokemon, your opponent's Active Pokemon can't retreat.",0.01,0.2,3.0,0.15,,Normal,47/73,Uncommon,Darkness,60,Basic,"[1D] Cursed Drop
<br>Put 3 damage counters on your opponent's Pokemon in any way you like.",None,None,2,,,
146709,Spiritomb,Spiritomb,https://tcgplayer-cdn.tcgplayer.com/product/146709_200w.jpg,3,2054,https://cpt.tcgcsv.com/cJb2,2025-02-05T21:25:24.23,1,"<strong>Ability — Cursed Whirlpool</strong>
<br>As long as this Pokemon is your Active Pokemon, your opponent's Active Pokemon can't retreat.",0.09,0.28,2.0,0.26,,Reverse Holofoil,47/73,Uncommon,Darkness,60,Basic,"[1D] Cursed Drop
<br>Put 3 damage counters on your opponent's Pokemon in any way you like.",None,None,2,,,
146710,Purrloin,Purrloin,https://tcgplayer-cdn.tcgplayer.com/product/146710_200w.jpg,3,2054,https://cpt.tcgcsv.com/dJb2,2025-02-05T21:25:24.293,1,,0.01,0.17,2.28,0.15,,Normal,48/73,Common,Darkness,60,Basic,[1] Scratch (10),Fx2,P-20,1,"[1D] Tail Rap (20x)
<br>Flip 2 coins. This attack does 20 damage for each heads.",,
146710,Purrloin,Purrloin,https://tcgplayer-cdn.tcgplayer.com/product/146710_200w.jpg,3,2054,https://cpt.tcgcsv.com/dJb2,2025-02-05T21:25:24.293,1,,0.1,0.29,2.0,0.26,,Reverse Holofoil,48/73,Common,Darkness,60,Basic,[1] Scratch (10),Fx2,P-20,1,"[1D] Tail Rap (20x)
<br>Flip 2 coins. This attack does 20 damage for each heads.",,
146711,Liepard,Liepard,https://tcgplayer-cdn.tcgplayer.com/product/146711_200w.jpg,3,2054,https://cpt.tcgcsv.com/fJb2,2025-02-05T21:25:24.357,1,,0.01,0.2,1.5,0.17,,Normal,49/73,Uncommon,Darkness,90,Stage 1,"[D] Torment (30)
<br>Choose 1 of your opponent's Active Pokemon's attacks. That Pokemon can't use that attack during your opponent's next turn.",Fx2,P-20,1,[1D] Slash (60),,
146711,Liepard,Liepard,https://tcgplayer-cdn.tcgplayer.com/product/146711_200w.jpg,3,2054,https://cpt.tcgcsv.com/fJb2,2025-02-05T21:25:24.357,1,,0.15,0.29,4.0,0.28,,Reverse Holofoil,49/73,Uncommon,Darkness,90,Stage 1,"[D] Torment (30)
<br>Choose 1 of your opponent's Active Pokemon's attacks. That Pokemon can't use that attack during your opponent's next turn.",Fx2,P-20,1,[1D] Slash (60),,
146712,Scraggy,Scraggy,https://tcgplayer-cdn.tcgplayer.com/product/146712_200w.jpg,3,2054,https://cpt.tcgcsv.com/gJb2,2025-02-05T21:25:24.427,1,,0.01,0.16,1.5,0.11,,Normal,50/73,Common,Darkness,60,Basic,"[D] Call for Family
<br>Search your deck for a Basic Pokemon and put it onto your Bench. Then, shuffle your deck.",Fx2,P-20,1,[2] Headbutt (20),,
146712,Scraggy,Scraggy,https://tcgplayer-cdn.tcgplayer.com/product/146712_200w.jpg,3,2054,https://cpt.tcgcsv.com/gJb2,2025-02-05T21:25:24.427,1,,0.15,0.3,2.0,0.27,,Reverse Holofoil,50/73,Common,Darkness,60,Basic,"[D] Call for Family
<br>Search your deck for a Basic Pokemon and put it onto your Bench. Then, shuffle your deck.",Fx2,P-20,1,[2] Headbutt (20),,
146713,Scrafty,Scrafty,https://tcgplayer-cdn.tcgplayer.com/product/146713_200w.jpg,3,2054,https://cpt.tcgcsv.com/hJb2,2025-02-05T21:25:24.477,1,,0.03,0.2,1.49,0.15,,Normal,51/73,Uncommon,Darkness,110,Stage 1,"[2] Dangerous Head (20+)
<br>If your opponent's Active Pokemon is a Basic Pokemon, this attack does 50 more damage.",Fx2,P-20,2,[2D] Hammer In (90),,
146713,Scrafty,Scrafty,https://tcgplayer-cdn.tcgplayer.com/product/146713_200w.jpg,3,2054,https://cpt.tcgcsv.com/hJb2,2025-02-05T21:25:24.477,1,,0.15,0.3,2.0,0.29,,Reverse Holofoil,51/73,Uncommon,Darkness,110,Stage 1,"[2] Dangerous Head (20+)
<br>If your opponent's Active Pokemon is a Basic Pokemon, this attack does 50 more damage.",Fx2,P-20,2,[2D] Hammer In (90),,
146714,Zorua,Zorua,https://tcgplayer-cdn.tcgplayer.com/product/146714_200w.jpg,3,2054,https://cpt.tcgcsv.com/jJb2,2023-05-02T20:43:13.387,1,,0.1,0.25,2.0,0.25,0.24,Normal,52/73,Common,Darkness,60,Basic,[D] Stampede (10),Fx2,P-20,1,[2] Ram (20),,
146714,Zorua,Zorua,https://tcgplayer-cdn.tcgplayer.com/product/146714_200w.jpg,3,2054,https://cpt.tcgcsv.com/jJb2,2023-05-02T20:43:13.387,1,,0.42,0.99,3.98,0.98,,Reverse Holofoil,52/73,Common,Darkness,60,Basic,[D] Stampede (10),Fx2,P-20,1,[2] Ram (20),,
146715,Zoroark GX,Zoroark GX,https://tcgplayer-cdn.tcgplayer.com/product/146715_200w.jpg,3,2054,https://cpt.tcgcsv.com/kJb2,2023-01-10T05:04:59.31,1,"<strong>Ability — Trade</strong>
<br>Once during your turn <em>(before your attack)</em>, you may discard a card from your hand. If you do, draw 2 cards.",1.16,3.06,6.4,2.73,2.6,Holofoil,53/73,Ultra Rare,Darkness,210,Stage 1,"[2] Riot Beat (20x)
<br>This attack does 20 damage for each of your Pokemon in play.",Fx2,P-20,2,"<span style=""color:Teal""><strong>[DD] Trickster GX</strong>
<br>Choose 1 of your opponent's Pokemon's attacks and use it as this attack. <em>(You can't use more than 1 GX attack in a game.)</em></span>",,
146716,Zoroark GX (Secret),Zoroark GX Secret,https://tcgplayer-cdn.tcgplayer.com/product/146716_200w.jpg,3,2054,https://cpt.tcgcsv.com/lJb2,2022-12-05T18:41:26.817,1,"<strong>Ability — Trade</strong>
<br>Once during your turn <em>(before your attack)</em>, you may discard a card from your hand. If you do, draw 2 cards.",12.96,19.42,32.0,15.63,,Holofoil,77/73,Secret Rare,Darkness,210,Stage 1,"[2] Riot Beat (20x)
<br>This attack does 20 damage for each of your Pokemon in play.",Fx2,P-20,2,"<span style=""color:Teal""><strong>[DD] Trickster GX</strong>
<br>Choose 1 of your opponent's Pokemon's attacks and use it as this attack. <em>(You can't use more than 1 GX attack in a game.)</em></span>",,
146717,Yveltal,Yveltal,https://tcgplayer-cdn.tcgplayer.com/product/146717_200w.jpg,3,2054,https://cpt.tcgcsv.com/mJb2,2022-12-05T18:38:17.387,1,,0.09,0.35,3.31,0.35,0.3,Holofoil,54/73,Holo Rare,Darkness,120,Basic,"[2] Strafe (30)
<br>You may switch this Pokemon with 1 of your Benched Pokemon.",Lx2,F-20,2,"[2D] Oblivion Wing (90)
<br>Attach a Darkness Energy card from your discard pile to 1 of your Benched Pokemon.",,
146717,Yveltal,Yveltal,https://tcgplayer-cdn.tcgplayer.com/product/146717_200w.jpg,3,2054,https://cpt.tcgcsv.com/mJb2,2022-12-05T18:38:17.387,1,,0.29,0.63,3.0,0.6,0.85,Reverse Holofoil,54/73,Holo Rare,Darkness,120,Basic,"[2] Strafe (30)
<br>You may switch this Pokemon with 1 of your Benched Pokemon.",Lx2,F-20,2,"[2D] Oblivion Wing (90)
<br>Attach a Darkness Energy card from your discard pile to 1 of your Benched Pokemon.",,
146718,Hoopa,Hoopa,https://tcgplayer-cdn.tcgplayer.com/product/146718_200w.jpg,3,2054,https://cpt.tcgcsv.com/nJb2,2024-03-16T08:38:03.403,1,"<strong>Ability — Scoundrel Guard</strong>
<br>Prevent all effects of attacks, including damage, done to this Pokémon by your opponent's Pokémon-GX or Pokémon-EX.",0.1,0.31,3.0,0.31,,Holofoil,55/73,Holo Rare,Darkness,120,Basic,[2D] Super Psy Bolt (80),Fx2,P-20,2,,,
146718,Hoopa,Hoopa,https://tcgplayer-cdn.tcgplayer.com/product/146718_200w.jpg,3,2054,https://cpt.tcgcsv.com/nJb2,2024-03-16T08:38:03.403,1,"<strong>Ability — Scoundrel Guard</strong>
<br>Prevent all effects of attacks, including damage, done to this Pokémon by your opponent's Pokémon-GX or Pokémon-EX.",0.21,0.7,3.0,0.75,,Reverse Holofoil,55/73,Holo Rare,Darkness,120,Basic,[2D] Super Psy Bolt (80),Fx2,P-20,2,,,
146719,Shining Rayquaza,Shining Rayquaza,https://tcgplayer-cdn.tcgplayer.com/product/146719_200w.jpg,3,2054,https://cpt.tcgcsv.com/pJb2,2024-08-07T12:37:01.177,1,,46.11,95.0,940.6,77.17,64.99,Holofoil,56/73,Shiny Holo Rare,Dragon,120,Basic,"[L] Dragon Pulse (40)
<br>Discard the top 2 cards of your deck.",Yx2,None,3,"[1RLL] Sky Judgment (190)
<br>Discard 3 Energy from this Pokemon.",,
146720,Shining Arceus,Shining Arceus,https://tcgplayer-cdn.tcgplayer.com/product/146720_200w.jpg,3,2054,https://cpt.tcgcsv.com/qJb2,2025-05-21T19:44:44.457,1,"<strong>Ability — Fabled Defense</strong>
<br>As long as this Pokemon is your Active Pokemon, prevent all damage done to your Benched Pokemon by your opponent's attacks.",16.0,34.0,44.28,27.44,,Holofoil,57/73,Shiny Holo Rare,Colorless,130,Basic,"[4] Ultimate Arrow
<br>This attack does 30 damage to each of your opponent's Pokemon. <em>(Don't apply Weakness and Resistance for Benched Pokemon.)</em>",Fx2,None,2,,,
146721,Damage Mover,Damage Mover,https://tcgplayer-cdn.tcgplayer.com/product/146721_200w.jpg,3,2054,https://cpt.tcgcsv.com/rJb2,2025-02-05T21:25:24.557,1,Move 3 damage counters from 1 of your Pokemon to another of your Pokemon.,0.03,0.2,1.5,0.15,,Normal,58/73,Uncommon,Item,,,,,,,,,
146721,Damage Mover,Damage Mover,https://tcgplayer-cdn.tcgplayer.com/product/146721_200w.jpg,3,2054,https://cpt.tcgcsv.com/rJb2,2025-02-05T21:25:24.557,1,Move 3 damage counters from 1 of your Pokemon to another of your Pokemon.,0.07,0.25,2.0,0.21,,Reverse Holofoil,58/73,Uncommon,Item,,,,,,,,,
146722,Energy Retrieval,Energy Retrieval,https://tcgplayer-cdn.tcgplayer.com/product/146722_200w.jpg,3,2054,https://cpt.tcgcsv.com/sJb2,2025-02-05T21:25:24.603,1,Put 2 basic Energy cards from your discard pile into your hand.,0.05,0.2,3.05,0.16,,Normal,59/73,Uncommon,Item,,,,,,,,,
146722,Energy Retrieval,Energy Retrieval,https://tcgplayer-cdn.tcgplayer.com/product/146722_200w.jpg,3,2054,https://cpt.tcgcsv.com/sJb2,2025-02-05T21:25:24.603,1,Put 2 basic Energy cards from your discard pile into your hand.,0.06,0.35,2.0,0.35,,Reverse Holofoil,59/73,Uncommon,Item,,,,,,,,,
146723,Great Ball,Great Ball,https://tcgplayer-cdn.tcgplayer.com/product/146723_200w.jpg,3,2054,https://cpt.tcgcsv.com/tJb2,2025-02-05T21:25:24.663,1,Look at the top 7 cards of your deck. You may reveal a Pokemon you find there and put it into your hand. Shuffle the other cards back into your deck.,0.02,0.2,1.49,0.13,,Normal,60/73,Uncommon,Item,,,,,,,,,
146723,Great Ball,Great Ball,https://tcgplayer-cdn.tcgplayer.com/product/146723_200w.jpg,3,2054,https://cpt.tcgcsv.com/tJb2,2025-02-05T21:25:24.663,1,Look at the top 7 cards of your deck. You may reveal a Pokemon you find there and put it into your hand. Shuffle the other cards back into your deck.,0.17,0.31,2.0,0.29,,Reverse Holofoil,60/73,Uncommon,Item,,,,,,,,,
146724,Pokemon Catcher,Pokemon Catcher,https://tcgplayer-cdn.tcgplayer.com/product/146724_200w.jpg,3,2054,https://cpt.tcgcsv.com/vJb2,2025-02-05T21:25:24.73,1,"Flip a coin. If heads, switch 1 of your opponent's Benched Pokemon with their Active Pokemon.",0.04,0.2,2.12,0.16,,Normal,64/73,Uncommon,Item,,,,,,,,,
146724,Pokemon Catcher,Pokemon Catcher,https://tcgplayer-cdn.tcgplayer.com/product/146724_200w.jpg,3,2054,https://cpt.tcgcsv.com/vJb2,2025-02-05T21:25:24.73,1,"Flip a coin. If heads, switch 1 of your opponent's Benched Pokemon with their Active Pokemon.",0.13,0.26,3.0,0.22,,Reverse Holofoil,64/73,Uncommon,Item,,,,,,,,,
146725,Super Scoop Up,Super Scoop Up,https://tcgplayer-cdn.tcgplayer.com/product/146725_200w.jpg,3,2054,https://cpt.tcgcsv.com/wJb2,2025-02-05T21:25:24.803,1,"Flip a coin. If heads, put 1 of your Pokemon and all cards attached to it into your hand.",0.03,0.18,1.49,0.1,0.06,Normal,66/73,Uncommon,Item,,,,,,,,,
146725,Super Scoop Up,Super Scoop Up,https://tcgplayer-cdn.tcgplayer.com/product/146725_200w.jpg,3,2054,https://cpt.tcgcsv.com/wJb2,2025-02-05T21:25:24.803,1,"Flip a coin. If heads, put 1 of your Pokemon and all cards attached to it into your hand.",0.15,0.29,2.0,0.26,,Reverse Holofoil,66/73,Uncommon,Item,,,,,,,,,
146726,Switch,Switch,https://tcgplayer-cdn.tcgplayer.com/product/146726_200w.jpg,3,2054,https://cpt.tcgcsv.com/xJb2,2025-02-05T21:25:24.85,1,Switch your Active Pokemon with 1 of your Benched Pokemon.,0.06,0.25,1.49,0.23,,Normal,67/73,Uncommon,Item,,,,,,,,,
146726,Switch,Switch,https://tcgplayer-cdn.tcgplayer.com/product/146726_200w.jpg,3,2054,https://cpt.tcgcsv.com/xJb2,2025-02-05T21:25:24.85,1,Switch your Active Pokemon with 1 of your Benched Pokemon.,0.25,0.47,2.0,0.5,,Reverse Holofoil,67/73,Uncommon,Item,,,,,,,,,
146727,Ultra Ball,Ultra Ball,https://tcgplayer-cdn.tcgplayer.com/product/146727_200w.jpg,3,2054,https://cpt.tcgcsv.com/zJb2,2025-02-05T21:25:24.91,1,"Discard 2 cards from your hand. If you do, search your deck for a Pokemon, reveal it, and put it into your hand. Then, shuffle your deck.",0.07,0.28,1.53,0.28,,Normal,68/73,Uncommon,Item,,,,,,,,,
146727,Ultra Ball,Ultra Ball,https://tcgplayer-cdn.tcgplayer.com/product/146727_200w.jpg,3,2054,https://cpt.tcgcsv.com/zJb2,2025-02-05T21:25:24.91,1,"Discard 2 cards from your hand. If you do, search your deck for a Pokemon, reveal it, and put it into your hand. Then, shuffle your deck.",0.39,1.05,4.25,1.08,,Reverse Holofoil,68/73,Uncommon,Item,,,,,,,,,
146728,Hau,Hau,https://tcgplayer-cdn.tcgplayer.com/product/146728_200w.jpg,3,2054,https://cpt.tcgcsv.com/BJb2,2025-02-05T21:25:24.983,1,Draw 3 cards.,0.02,0.19,3.37,0.1,,Normal,61/73,Uncommon,Supporter,,,,,,,,,
146728,Hau,Hau,https://tcgplayer-cdn.tcgplayer.com/product/146728_200w.jpg,3,2054,https://cpt.tcgcsv.com/BJb2,2025-02-05T21:25:24.983,1,Draw 3 cards.,0.05,0.28,2.0,0.19,,Reverse Holofoil,61/73,Uncommon,Supporter,,,,,,,,,
146729,Lillie,Lillie,https://tcgplayer-cdn.tcgplayer.com/product/146729_200w.jpg,3,2054,https://cpt.tcgcsv.com/CJb2,2025-02-05T21:25:25.047,1,"Draw cards until you have 6 cards in your hand. If it's your first turn, draw cards until you have 8 cards in your hand.",0.01,0.2,1.49,0.15,,Normal,62/73,Uncommon,Supporter,,,,,,,,,
146729,Lillie,Lillie,https://tcgplayer-cdn.tcgplayer.com/product/146729_200w.jpg,3,2054,https://cpt.tcgcsv.com/CJb2,2025-02-05T21:25:25.047,1,"Draw cards until you have 6 cards in your hand. If it's your first turn, draw cards until you have 8 cards in your hand.",0.1,0.39,2.0,0.39,,Reverse Holofoil,62/73,Uncommon,Supporter,,,,,,,,,
146730,Pokemon Breeder,Pokemon Breeder,https://tcgplayer-cdn.tcgplayer.com/product/146730_200w.jpg,3,2054,https://cpt.tcgcsv.com/DJb2,2025-02-05T21:25:25.11,1,"Draw 2 cards and heal 20 damage from your Active Pokemon. If you have no cards in your deck, you can't play this card.",0.07,0.21,1.49,0.19,,Normal,63/73,Uncommon,Supporter,,,,,,,,,
146730,Pokemon Breeder,Pokemon Breeder,https://tcgplayer-cdn.tcgplayer.com/product/146730_200w.jpg,3,2054,https://cpt.tcgcsv.com/DJb2,2025-02-05T21:25:25.11,1,"Draw 2 cards and heal 20 damage from your Active Pokemon. If you have no cards in your deck, you can't play this card.",0.11,0.35,3.0,0.35,,Reverse Holofoil,63/73,Uncommon,Supporter,,,,,,,,,
146731,Pokemon Breeder (Full Art),Pokemon Breeder Full Art,https://tcgplayer-cdn.tcgplayer.com/product/146731_200w.jpg,3,2054,https://cpt.tcgcsv.com/FJb2,2022-12-05T18:40:44.64,1,"Draw 2 cards and heal 20 damage from your Active Pokemon. If you have no cards in your deck, you can't play this card.",6.37,8.0,41.0,7.52,8.0,Holofoil,73/73,Ultra Rare,Supporter,,,,,,,,,
146732,Sophocles,Sophocles,https://tcgplayer-cdn.tcgplayer.com/product/146732_200w.jpg,3,2054,https://cpt.tcgcsv.com/GJb2,2025-02-05T21:25:25.17,1,"Discard 2 cards from your hand. If you do, draw 4 cards.",0.02,0.2,1.49,0.08,,Normal,65/73,Uncommon,Supporter,,,,,,,,,
146732,Sophocles,Sophocles,https://tcgplayer-cdn.tcgplayer.com/product/146732_200w.jpg,3,2054,https://cpt.tcgcsv.com/GJb2,2025-02-05T21:25:25.17,1,"Discard 2 cards from your hand. If you do, draw 4 cards.",0.1,0.25,2.5,0.22,,Reverse Holofoil,65/73,Uncommon,Supporter,,,,,,,,,
146733,Double Colorless Energy,Double Colorless Energy,https://tcgplayer-cdn.tcgplayer.com/product/146733_200w.jpg,3,2054,https://cpt.tcgcsv.com/HJb2,2023-07-20T12:55:16.937,1,Double Colorless Energy provides 2 Energy.,0.29,0.61,15.0,0.6,,Normal,69/73,Uncommon,Energy,,,,,,,,,
146733,Double Colorless Energy,Double Colorless Energy,https://tcgplayer-cdn.tcgplayer.com/product/146733_200w.jpg,3,2054,https://cpt.tcgcsv.com/HJb2,2023-07-20T12:55:16.937,1,Double Colorless Energy provides 2 Energy.,0.47,1.15,5.0,1.16,,Reverse Holofoil,69/73,Uncommon,Energy,,,,,,,,,
146734,Warp Energy,Warp Energy,https://tcgplayer-cdn.tcgplayer.com/product/146734_200w.jpg,3,2054,https://cpt.tcgcsv.com/JJb2,2025-02-05T21:25:25.217,1,"This card provides 1 Energy.
<br>When you attach this card from your hand to your Active Pokemon, switch that Pokemon with 1 of your Benched Pokemon.",0.05,0.25,1.5,0.2,,Normal,70/73,Uncommon,Energy,,,,,,,,,
146734,Warp Energy,Warp Energy,https://tcgplayer-cdn.tcgplayer.com/product/146734_200w.jpg,3,2054,https://cpt.tcgcsv.com/JJb2,2025-02-05T21:25:25.217,1,"This card provides 1 Energy.
<br>When you attach this card from your hand to your Active Pokemon, switch that Pokemon with 1 of your Benched Pokemon.",0.09,0.32,4.0,0.28,,Reverse Holofoil,70/73,Uncommon,Energy,,,,,,,,,
146735,Entei GX (Secret),Entei GX Secret,https://tcgplayer-cdn.tcgplayer.com/product/146735_200w.jpg,3,2054,https://cpt.tcgcsv.com/KJb2,2022-12-05T18:40:54.05,1,,15.76,25.47,129.95,24.99,17.44,Holofoil,74/73,Secret Rare,Fire,180,Basic,[1R] Combustion (50),Wx2,None,2,"[1RR] Fire Fang (100)
<br>Your opponent's Active Pokemon is now Burned.","<span style=""color:Teal""><strong>[1RR] Brave Burn GX</strong>
<br>This attack does 150 damage to 1 of your opponent's Benched Pokemon. <em>(Don't apply Weakness and Resistance for Benched Pokémon.) (You can't use more than 1 GX attack in a game.)</em></span>",
146736,Entei GX (Full Art),Entei GX Full Art,https://tcgplayer-cdn.tcgplayer.com/product/146736_200w.jpg,3,2054,https://cpt.tcgcsv.com/LJb2,2022-12-05T18:40:26.807,1,,4.08,9.22,116.18,8.32,9.99,Holofoil,71/73,Ultra Rare,Fire,180,Basic,[1R] Combustion (50),Wx2,None,2,"[1RR] Fire Fang (100)
<br>Your opponent's Active Pokemon is now Burned.","<span style=""color:Teal""><strong>[1RR] Brave Burn GX</strong>
<br>This attack does 150 damage to 1 of your opponent's Benched Pokemon. <em>(Don't apply Weakness and Resistance for Benched Pokémon.) (You can't use more than 1 GX attack in a game.)</em></span>",
146737,Raichu GX (Secret),Raichu GX Secret,https://tcgplayer-cdn.tcgplayer.com/product/146737_200w.jpg,3,2054,https://cpt.tcgcsv.com/MJb2,2024-05-20T08:12:03.877,1,,35.07,41.37,66.7,41.36,45.99,Holofoil,75/73,Secret Rare,Lightning,210,Stage 1,"[2] Powerful Spark (20+)
<br>This attack does 20 more damage times the amount of Lightning Energy attached to your Pokemon.",Fx2,M-20,1,"[1LL] Thunder (160)
<br>This Pokemon does 30 damage to itself.","<span style=""color:Teal""><strong>[1LL] Voltail GX (120)</strong>
<br>Your opponent's Active Pokemon is now Paralyzed. <em>(You can't use more than 1 GX attack in a game.)</em></span>",
147026,Stunfisk,Stunfisk,https://tcgplayer-cdn.tcgplayer.com/product/147026_200w.jpg,3,2054,https://cpt.tcgcsv.com/xQb2,2025-02-05T21:25:25.28,1,,0.02,0.15,1.49,0.12,,Normal,46/73,Common,Fighting,110,Basic,"[1L] Thunder Shock (30)
<br>Flip a coin. If heads, your opponent's Active Pokemon is now Paralyzed.",Gx2,None,3,[2L] Head Bolt (70),,
147026,Stunfisk,Stunfisk,https://tcgplayer-cdn.tcgplayer.com/product/147026_200w.jpg,3,2054,https://cpt.tcgcsv.com/xQb2,2025-02-05T21:25:25.28,1,,0.08,0.25,2.0,0.21,,Reverse Holofoil,46/73,Common,Fighting,110,Basic,"[1L] Thunder Shock (30)
<br>Flip a coin. If heads, your opponent's Active Pokemon is now Paralyzed.",Gx2,None,3,[2L] Head Bolt (70),,
148412,Shining Legends Super-Premium Collection [Ho-Oh GX],Shining Legends Super Premium Collection Ho Oh GX,https://tcgplayer-cdn.tcgplayer.com/product/148412_200w.jpg,3,2054,https://cpt.tcgcsv.com/gnc2,2021-10-25T15:14:37.37,1,"The Pokémon TCG: Shining Legends Super-Premium Collection Featuring Ho-Oh Includes:
<br>• 1 Ho-Oh collectible figure
<br>• A Full Art rainbow promo card featuring Ho-Oh GX
<br>• 3 holofoil promos featuring Shining Lugia, Shining Celebi, and Pikachu
<br>• 10 Shining Legends booster packs
<br>• A playmat featuring 9 Shining Pokémon
<br>• A special art booklet with a behind-the-scenes look at Shining Legends
<br>• 3 collector's boxes and 12 dividers
<br>• 1 code card for Pokémon Trading Card Game Online",1100.0,1200.0,1799.99,743.98,,Normal,,,,,,,,,,,,
149378,Shining Legends Special Collection: Zoroark GX,Shining Legends Special Collection Zoroark GX,https://tcgplayer-cdn.tcgplayer.com/product/149378_200w.jpg,3,2054,https://cpt.tcgcsv.com/BMc2,2018-02-22T19:11:19.493,1,,349.99,349.99,349.99,261.0,,Normal,,,,,,,,,,,,
152603,Shining Legends Collector Chest,Shining Legends Collector Chest,https://tcgplayer-cdn.tcgplayer.com/product/152603_200w.jpg,3,2054,https://cpt.tcgcsv.com/53f2,2021-10-26T19:42:49.527,1,"The Pokémon TCG: Shining Legends Collector Chest includes:
<br>• 5 Pokémon TCG: Shining Legends booster packs
<br>• 3 holofoil promo cards featuring Pikachu (SM86), Latias (SM87), and Latios (SM88)
<br>• A cool Pokémon coin
<br>• 2 colorful sticker sheets
<br>• A collector's album to store your favorite cards
<br>• A Pokémon notepad and 2 pencils
<br>• A code card for the Pokémon TCG Online",750.0,750.0,750.0,356.66,,Normal,,,,,,,,,,,,
154717,Shining Legends Pin Collection: Zoroark,Shining Legends Pin Collection Zoroark,https://tcgplayer-cdn.tcgplayer.com/product/154717_200w.jpg,3,2054,https://cpt.tcgcsv.com/mVf2,2018-02-22T19:11:06.307,1,"Each Shining Legends Pin Collection [Zoroark] contains:
<br>• 1 Promo card of Zoroark
<br>• 1 Collector's pin of Zoroark
<br>• 3 Shining Legends Booster Packs
<br>• 1 code card for the Pokémon Trading Card Game Online",325.0,362.5,400.0,176.83,,Normal,,,,,,,,,,,,
155062,Shining Legends Special Collection: Raichu GX,Shining Legends Special Collection Raichu GX,https://tcgplayer-cdn.tcgplayer.com/product/155062_200w.jpg,3,2054,https://cpt.tcgcsv.com/g2g2,2018-02-22T19:11:27.243,1,"Each Shining Legends Special Collection: Raichu-GX comes with a full art Raichu GX holofoil promo, a holofoil Pikachu promo, a special Raichu coin, 5 Shining Legends booster packs, and a Pokemon Trading Card Game Online code card.",895.95,897.95,899.95,244.01,,Normal,,,,,,,,,,,,
155596,Shining Legends Pin Collection: Marshadow,Shining Legends Pin Collection Marshadow,https://tcgplayer-cdn.tcgplayer.com/product/155596_200w.jpg,3,2054,https://cpt.tcgcsv.com/Xfg2,2018-02-22T19:10:44.993,1,"Each Shining Legends Pin Collection [Marshadow] contains:
<br>• 1 Promo card of Marshadow
<br>• 1 Collector's pin of Marshadow
<br>• 3 Shining Legends Booster Packs
<br>• 1 code card for the Pokémon Trading Card Game Online",275.0,300.0,325.0,203.5,,Normal,,,,,,,,,,,,
155880,Shining Legends Booster Pack,Shining Legends Booster Pack,https://tcgplayer-cdn.tcgplayer.com/product/155880_200w.jpg,3,2054,https://cpt.tcgcsv.com/Dmg2,2018-01-10T19:29:45.81,1,This booster pack can only be found inside sealed Shining Legends product with 10 different pack art variations. Each pack contains 10 random cards for the Shining Legends expansion,79.76,79.99,200.0,62.77,,Normal,,,,,,,,,,,,
161257,Shining Legends Figure Collection: Shiny Darkrai GX,Shining Legends Figure Collection Shiny Darkrai GX,https://tcgplayer-cdn.tcgplayer.com/product/161257_200w.jpg,3,2054,https://cpt.tcgcsv.com/9wj2,2018-02-22T19:10:19.617,1,"Each Shining Legends Figure Collection—Shiny Darkrai GX includes:
<br>• 1 holofoil promo card featuring Darkrai GX
<br>• 1 collectible Darkrai figure
<br>• 4 Shining Legends booster packs
<br>• A code card for the Pokémon Trading Card Game Online",,,,,,,,,,,,,,,,,,
169543,Shining Legends: Shiny Zygarde GX Box,Shining Legends Shiny Zygarde GX Box,https://tcgplayer-cdn.tcgplayer.com/product/169543_200w.jpg,3,2054,https://cpt.tcgcsv.com/TQm2,2018-10-01T15:56:53.89,1,"Smash Chaos with Shiny Zygarde-GX!
<br><br>
Unity is strength for Zygarde-GX! Many Cores and Cells come together to form this guardian of the ecosystem, which appears here in its 50% Forme as a rare Shiny Pokémon. With this set, you get the Legendary Pokémon-GX as a playable foil promo card and a stunning oversize card, plus much more. Your collection will never be the same!
<br><br>
<strong>THE POKÉMON TCG: SHINY ZYGARDE-GX BOX INCLUDES:</strong>
<br>• 1 never-before-seen foil promo card featuring Shiny Zygarde-GX 
<br>• 1 oversize foil card featuring Shiny Zygarde-GX 
<br>• 4 Pokémon TCG booster packs 
<br>• A code card for the Pokémon Trading Card Game Online",699.99,699.99,699.99,,,Normal,,,,,,,,,,,,0820650803833
209439,Shining Legends Premium Powers Collection,Shining Legends Premium Powers Collection,https://tcgplayer-cdn.tcgplayer.com/product/209439_200w.jpg,3,2054,https://cpt.tcgcsv.com/PNH2,2020-02-17T21:40:36.67,1,"Shining Pokemon of Legendary Stature! The Legendary Pokemon Ho-Oh is said to bring joy to any Trainer who sees it - particularly when it appears as a full-art promo card that paints this Rainbow Pokemon in rainbow colors! The Shining Legends Premium Powers Collection also includes never-before-seen foil cards featuring Shining Lugia, Shining Celebi, and Pikachu, plus 8 Pokemon TCG: Shining Legends booster packs and a fantastic poster that shows off 9 Shining Pokemon!",899.99,899.99,899.99,700.0,,Normal,,,,,,,,,,,,820650803413
252423,Code Card - Shining Legends Booster Pack,Code Card Shining Legends Booster Pack,https://tcgplayer-cdn.tcgplayer.com/product/252423_200w.jpg,3,2054,https://cpt.tcgcsv.com/t-03,2022-07-20T19:47:36.37,1,"This listing is <strong>not</strong> a physical item. Please keep in mind that this <strong>Code Card</strong> listing represents a digital copy of the stated item for the Pokémon TCG Online <strong>and/or</strong> the Pokémon TCG Live games. You may receive the physical <strong>Code Card</strong>. Upon purchase, please work with your specific Seller by sending them a message using the <strong>Contact Seller</strong> button on the order details in your <a href=https://store.tcgplayer.com/myaccount/orderhistory>Order History</a> to opt in to having your <strong>Code Card</strong> code delivered digitally due to the nature of the product.",0.08,0.12,0.5,0.12,,Normal,,Code Card,,,,,,,,,,
252424,Code Card - Shining Legends Super-Premium Collection [Ho-Oh GX],Code Card Shining Legends Super Premium Collection Ho Oh GX,https://tcgplayer-cdn.tcgplayer.com/product/252424_200w.jpg,3,2054,https://cpt.tcgcsv.com/v-03,2022-07-20T19:47:39.14,1,"This listing is <strong>not</strong> a physical item. Please keep in mind that this <strong>Code Card</strong> listing represents a digital copy of the stated item for the Pokémon TCG Online <strong>and/or</strong> the Pokémon TCG Live games. You may receive the physical <strong>Code Card</strong>. Upon purchase, please work with your specific Seller by sending them a message using the <strong>Contact Seller</strong> button on the order details in your <a href=https://store.tcgplayer.com/myaccount/orderhistory>Order History</a> to opt in to having your <strong>Code Card</strong> code delivered digitally due to the nature of the product.",1.0,3.84,9.99,0.1,,Normal,,Code Card,,,,,,,,,,
257534,Code Card - Shining Legends Special Collection: Raichu GX,Code Card Shining Legends Special Collection Raichu GX,https://tcgplayer-cdn.tcgplayer.com/product/257534_200w.jpg,3,2054,https://cpt.tcgcsv.com/J053,2022-07-20T19:47:37.753,1,"This listing is <strong>not</strong> a physical item. Please keep in mind that this <strong>Code Card</strong> listing represents a digital copy of the stated item for the Pokémon TCG Online <strong>and/or</strong> the Pokémon TCG Live games. You may receive the physical <strong>Code Card</strong>. Upon purchase, please work with your specific Seller by sending them a message using the <strong>Contact Seller</strong> button on the order details in your <a href=https://store.tcgplayer.com/myaccount/orderhistory>Order History</a> to opt in to having your <strong>Code Card</strong> code delivered digitally due to the nature of the product.",0.17,0.24,1.0,0.53,,Normal,,Code Card,,,,,,,,,,
476524,Code Card - Shining Legends Pin Collection: Mewtwo,Code Card Shining Legends Pin Collection Mewtwo,https://tcgplayer-cdn.tcgplayer.com/product/476524_200w.jpg,3,2054,https://cpt.tcgcsv.com/vDQ5,2023-03-31T16:24:39.033,1,"This listing is <strong>not</strong> a physical item. Please keep in mind that this <strong>Code Card</strong> listing represents a digital copy of the stated item for the Pokémon TCG Online <strong>and/or</strong> the Pokémon TCG Live games. You may receive the physical <strong>Code Card</strong>. Upon purchase, please work with your specific Seller by sending them a message using the <strong>Contact Seller</strong> button on the order details in your <a href=https://store.tcgplayer.com/myaccount/orderhistory>Order History</a> to opt in to having your <strong>Code Card</strong> code delivered digitally due to the nature of the product.",0.23,0.24,3.99,0.24,,Normal,,Code Card,,,,,,,,,,
483607,Code Card - Shining Legends Figure Collection: Shiny Darkrai GX,Code Card Shining Legends Figure Collection Shiny Darkrai GX,https://tcgplayer-cdn.tcgplayer.com/product/483607_200w.jpg,3,2054,https://cpt.tcgcsv.com/9sT5,2023-02-28T19:31:28.14,1,"This listing is <strong>not</strong> a physical item. Please keep in mind that this <strong>Code Card</strong> listing represents a digital copy of the stated item for the Pokémon TCG Online <strong>and/or</strong> the Pokémon TCG Live games. You may receive the physical <strong>Code Card</strong>. Upon purchase, please work with your specific Seller by sending them a message using the <strong>Contact Seller</strong> button on the order details in your <a href=https://store.tcgplayer.com/myaccount/orderhistory>Order History</a> to opt in to having your <strong>Code Card</strong> code delivered digitally due to the nature of the product.",2.48,2.48,3.99,2.0,,Normal,,Code Card,,,,,,,,,,
483609,Code Card - Shining Legends Pin Collection: Marshadow,Code Card Shining Legends Pin Collection Marshadow,https://tcgplayer-cdn.tcgplayer.com/product/483609_200w.jpg,3,2054,https://cpt.tcgcsv.com/csT5,2023-02-28T19:31:06.17,1,"This listing is <strong>not</strong> a physical item. Please keep in mind that this <strong>Code Card</strong> listing represents a digital copy of the stated item for the Pokémon TCG Online <strong>and/or</strong> the Pokémon TCG Live games. You may receive the physical <strong>Code Card</strong>. Upon purchase, please work with your specific Seller by sending them a message using the <strong>Contact Seller</strong> button on the order details in your <a href=https://store.tcgplayer.com/myaccount/orderhistory>Order History</a> to opt in to having your <strong>Code Card</strong> code delivered digitally due to the nature of the product.",0.2,0.35,3.99,0.2,,Normal,,Code Card,,,,,,,,,,
483610,Code Card - Shining Legends Pin Collection: Pikachu,Code Card Shining Legends Pin Collection Pikachu,https://tcgplayer-cdn.tcgplayer.com/product/483610_200w.jpg,3,2054,https://cpt.tcgcsv.com/dsT5,2023-02-28T19:30:57.43,1,"This listing is <strong>not</strong> a physical item. Please keep in mind that this <strong>Code Card</strong> listing represents a digital copy of the stated item for the Pokémon TCG Online <strong>and/or</strong> the Pokémon TCG Live games. You may receive the physical <strong>Code Card</strong>. Upon purchase, please work with your specific Seller by sending them a message using the <strong>Contact Seller</strong> button on the order details in your <a href=https://store.tcgplayer.com/myaccount/orderhistory>Order History</a> to opt in to having your <strong>Code Card</strong> code delivered digitally due to the nature of the product.",0.14,0.69,3.99,0.2,,Normal,,Code Card,,,,,,,,,,
483611,Code Card - Shining Legends Pin Collection: Zoroark,Code Card Shining Legends Pin Collection Zoroark,https://tcgplayer-cdn.tcgplayer.com/product/483611_200w.jpg,3,2054,https://cpt.tcgcsv.com/fsT5,2023-03-31T16:24:52.327,1,"This listing is <strong>not</strong> a physical item. Please keep in mind that this <strong>Code Card</strong> listing represents a digital copy of the stated item for the Pokémon TCG Online <strong>and/or</strong> the Pokémon TCG Live games. You may receive the physical <strong>Code Card</strong>. Upon purchase, please work with your specific Seller by sending them a message using the <strong>Contact Seller</strong> button on the order details in your <a href=https://store.tcgplayer.com/myaccount/orderhistory>Order History</a> to opt in to having your <strong>Code Card</strong> code delivered digitally due to the nature of the product.",0.18,0.29,2.0,0.3,,Normal,,Code Card,,,,,,,,,,
584581,Code Card - Shining Legends Collector Chest,Code Card Shining Legends Collector Chest,https://tcgplayer-cdn.tcgplayer.com/product/584581_200w.jpg,3,2054,https://cpt.tcgcsv.com/FRH6,2024-10-01T15:22:21.003,1,"This listing is <strong>not</strong> a physical item. Please keep in mind that this <strong>Code Card</strong> listing represents a digital copy of the stated item for the Pokémon TCG Online <strong>and/or</strong> the Pokémon TCG Live games. You may receive the physical <strong>Code Card</strong>. Upon purchase, please work with your specific Seller by sending them a message using the <strong>Contact Seller</strong> button on the order details in your <a href=https://store.tcgplayer.com/myaccount/orderhistory>Order History</a> to opt in to having your <strong>Code Card</strong> code delivered digitally due to the nature of the product.",1.5,1.69,1.99,1.88,,Normal,,Code Card,,,,,,,,,,
600514,Shining Legends Collection: Shiny Darkrai GX,Shining Legends Collection Shiny Darkrai GX,https://tcgplayer-cdn.tcgplayer.com/product/600514_200w.jpg,3,2054,https://cpt.tcgcsv.com/jdQ6,2024-12-04T14:08:40.393,1,"Each Shining Legends Collection—Shiny Darkrai GX includes:
<br>• 1 holofoil promo card featuring Darkrai GX
<br>• 4 Shining Legends booster packs
<br>• A code card for the Pokémon Trading Card Game Online",299.99,299.99,299.99,,,Normal,,,,,,,,,,,,
