productId,name,cleanName,imageUrl,categoryId,groupId,url,modifiedOn,imageCount,extCardText,extUPC,lowPrice,midPrice,highPrice,marketPrice,directLowPrice,subTypeName,extNumber,extRarity,extCardType,extHP,extStage,extAttack1,extAttack2,extWeakness,extRetreatCost,extAttack3,extResistance
218626,Pokemon TCG: Battle Academy,Pokemon TCG Battle Academy,https://tcgplayer-cdn.tcgplayer.com/product/218626_200w.jpg,3,2686,https://cpt.tcgcsv.com/xsM2,2020-07-30T13:14:32.6,1,"Join the Pokémon Trainers at the Battle Academy! Prepare for a Pokémon battle with the ready-to-play Pokémon Trading Card Game Battle Academy! The Battle Academy includes everything two players need to play, with guides to the decks so your first game is easy to follow.
<br><br>You can choose Charizard or Pikachu to lead your team in a heads-up battle against another Trainer. Then, switch up the decks to play Mewtwo against Charizard or Pikachu, and lead a different team of Pokémon into the arena! With a little strategy and a little luck, you can battle with the best!
<br><br>
The Pokémon TCG Battle Academy includes:
<br>• 3 complete Pokémon TCG decks (60 cards each)
<br>• Each deck includes a powerful special Pokémon: Charizard GX, Raichu GX, or Mewtwo GX
<br>• 2 tutorial guides to play right away
<br>• 1 two-player game board
<br>• 3 deck boxes to keep the cards organized
<br>• 1 rulebook
<br>• 1 large metallic coin
<br>• 1 set of damage counters
<br>• A code card for the Pokémon Trading Card Game Online",0820650807893,29.99,45.99,79.99,37.19,,Normal,,,,,,,,,,,
219029,Charmander - 18/147 (#1 Charizard Stamped),Charmander 18 147 1 Charizard Stamped,https://tcgplayer-cdn.tcgplayer.com/product/219029_200w.jpg,3,2686,https://cpt.tcgcsv.com/CDM2,2022-09-19T17:40:59.66,1,,,0.2,0.36,1.49,0.36,,Normal,018/147,Promo,Fire,70,Basic,[1] Scratch (10),[1R] Flame Tail (20),Wx2,1,,
219030,Fire Energy (#2 Charizard Stamped),Fire Energy 2 Charizard Stamped,https://tcgplayer-cdn.tcgplayer.com/product/219030_200w.jpg,3,2686,https://cpt.tcgcsv.com/DDM2,2022-09-19T18:03:12.577,1,,,0.05,0.16,0.5,0.1,,Normal,,Promo,Basic Fire Energy,,,,,,,,
219031,Fire Energy (#3 Charizard Stamped),Fire Energy 3 Charizard Stamped,https://tcgplayer-cdn.tcgplayer.com/product/219031_200w.jpg,3,2686,https://cpt.tcgcsv.com/FDM2,2022-09-19T18:05:10.523,1,,,0.05,0.2,0.5,0.13,,Normal,,Promo,Basic Fire Energy,,,,,,,,
219032,Fire Energy (#5 Charizard Stamped),Fire Energy 5 Charizard Stamped,https://tcgplayer-cdn.tcgplayer.com/product/219032_200w.jpg,3,2686,https://cpt.tcgcsv.com/GDM2,2022-09-19T18:06:10.067,1,,,0.05,0.2,0.56,0.2,,Normal,,Promo,Basic Fire Energy,,,,,,,,
219033,Fire Energy (#6 Charizard Stamped),Fire Energy 6 Charizard Stamped,https://tcgplayer-cdn.tcgplayer.com/product/219033_200w.jpg,3,2686,https://cpt.tcgcsv.com/HDM2,2022-09-19T18:06:19.767,1,,,0.05,0.22,0.5,0.19,,Normal,,Promo,Basic Fire Energy,,,,,,,,
219034,Fire Energy (#8 Charizard Stamped),Fire Energy 8 Charizard Stamped,https://tcgplayer-cdn.tcgplayer.com/product/219034_200w.jpg,3,2686,https://cpt.tcgcsv.com/JDM2,2022-09-19T18:06:31.207,1,,,0.05,0.15,0.5,0.12,,Normal,,Promo,Basic Fire Energy,,,,,,,,
219035,Fire Energy (#9 Charizard Stamped),Fire Energy 9 Charizard Stamped,https://tcgplayer-cdn.tcgplayer.com/product/219035_200w.jpg,3,2686,https://cpt.tcgcsv.com/KDM2,2022-09-19T18:06:40.41,1,,,0.01,0.2,0.5,0.14,,Normal,,Promo,Basic Fire Energy,,,,,,,,
219036,Fire Energy (#10 Charizard Stamped),Fire Energy 10 Charizard Stamped,https://tcgplayer-cdn.tcgplayer.com/product/219036_200w.jpg,3,2686,https://cpt.tcgcsv.com/LDM2,2022-09-19T18:01:52.633,1,,,0.05,0.15,0.5,0.13,,Normal,,Promo,Basic Fire Energy,,,,,,,,
219037,Fire Energy (#11 Charizard Stamped),Fire Energy 11 Charizard Stamped,https://tcgplayer-cdn.tcgplayer.com/product/219037_200w.jpg,3,2686,https://cpt.tcgcsv.com/MDM2,2022-09-19T18:02:09.52,1,,,0.07,0.17,0.5,0.13,,Normal,,Promo,Basic Fire Energy,,,,,,,,
219038,Fire Energy (#12 Charizard Stamped),Fire Energy 12 Charizard Stamped,https://tcgplayer-cdn.tcgplayer.com/product/219038_200w.jpg,3,2686,https://cpt.tcgcsv.com/NDM2,2022-09-19T18:02:24.467,1,,,0.05,0.15,0.5,0.11,,Normal,,Promo,Basic Fire Energy,,,,,,,,
219039,Fire Energy (#17 Charizard Stamped),Fire Energy 17 Charizard Stamped,https://tcgplayer-cdn.tcgplayer.com/product/219039_200w.jpg,3,2686,https://cpt.tcgcsv.com/PDM2,2022-09-19T18:02:43.33,1,,,0.05,0.2,0.5,0.13,,Normal,,Promo,Basic Fire Energy,,,,,,,,
219040,Fire Energy (#19 Charizard Stamped),Fire Energy 19 Charizard Stamped,https://tcgplayer-cdn.tcgplayer.com/product/219040_200w.jpg,3,2686,https://cpt.tcgcsv.com/QDM2,2022-09-19T18:02:55.153,1,,,0.05,0.2,0.5,0.1,,Normal,,Promo,Basic Fire Energy,,,,,,,,
219041,Fire Energy (#20 Charizard Stamped),Fire Energy 20 Charizard Stamped,https://tcgplayer-cdn.tcgplayer.com/product/219041_200w.jpg,3,2686,https://cpt.tcgcsv.com/RDM2,2022-09-19T18:03:32.67,1,,,0.05,0.15,0.5,0.12,,Normal,,Promo,Basic FIre Energy,,,,,,,,
219042,Fire Energy (#22 Charizard Stamped),Fire Energy 22 Charizard Stamped,https://tcgplayer-cdn.tcgplayer.com/product/219042_200w.jpg,3,2686,https://cpt.tcgcsv.com/SDM2,2022-09-19T18:03:50.92,1,,,0.01,0.15,0.5,0.13,,Normal,,Promo,Basic Fire Energy,,,,,,,,
219043,Fire Energy (#24 Charizard Stamped),Fire Energy 24 Charizard Stamped,https://tcgplayer-cdn.tcgplayer.com/product/219043_200w.jpg,3,2686,https://cpt.tcgcsv.com/TDM2,2022-09-19T18:04:43.453,1,,,0.05,0.2,0.5,0.16,,Normal,,Promo,Basic Fire Energy,,,,,,,,
219044,Fire Energy (#29 Charizard Stamped),Fire Energy 29 Charizard Stamped,https://tcgplayer-cdn.tcgplayer.com/product/219044_200w.jpg,3,2686,https://cpt.tcgcsv.com/VDM2,2022-09-19T18:04:57.343,1,,,0.03,0.17,0.5,0.13,,Normal,,Promo,Basic Fire Energy,,,,,,,,
219045,Fire Energy (#32 Charizard Stamped),Fire Energy 32 Charizard Stamped,https://tcgplayer-cdn.tcgplayer.com/product/219045_200w.jpg,3,2686,https://cpt.tcgcsv.com/WDM2,2022-09-19T18:05:31.713,1,,,0.03,0.2,0.53,0.17,,Normal,,Promo,Basic Fire Energy,,,,,,,,
219046,Fire Energy (#35 Charizard Stamped),Fire Energy 35 Charizard Stamped,https://tcgplayer-cdn.tcgplayer.com/product/219046_200w.jpg,3,2686,https://cpt.tcgcsv.com/XDM2,2022-09-19T18:05:44.82,1,,,0.05,0.17,0.5,0.15,,Normal,,Promo,Basic Fire Energy,,,,,,,,
219047,Fire Energy (#38 Charizard Stamped),Fire Energy 38 Charizard Stamped,https://tcgplayer-cdn.tcgplayer.com/product/219047_200w.jpg,3,2686,https://cpt.tcgcsv.com/ZDM2,2022-09-19T18:05:57.547,1,,,0.05,0.21,1.32,0.16,,Normal,,Promo,Basic Fire Energy,,,,,,,,
219048,Charmander - 18/147 (#16 Charizard Stamped),Charmander 18 147 16 Charizard Stamped,https://tcgplayer-cdn.tcgplayer.com/product/219048_200w.jpg,3,2686,https://cpt.tcgcsv.com/-DM2,2022-09-19T17:41:22.913,1,,,0.15,0.31,1.54,0.31,,Normal,018/147,Promo,Fire,70,Basic,[1] Scratch (10),[1R] Flame Tail (20),Wx2,1,,
219049,Charmander - 18/147 (#42 Charizard Stamped),Charmander 18 147 42 Charizard Stamped,https://tcgplayer-cdn.tcgplayer.com/product/219049_200w.jpg,3,2686,https://cpt.tcgcsv.com/_DM2,2022-09-19T17:41:38.837,1,,,0.1,0.28,1.5,0.29,,Normal,018/147,Common,Fire,70,Basic,[1] Scratch (10),[1R] Flame Tail (20),Wx2,1,,
219050,Charmander - 18/147 (#56 Charizard Stamped),Charmander 18 147 56 Charizard Stamped,https://tcgplayer-cdn.tcgplayer.com/product/219050_200w.jpg,3,2686,https://cpt.tcgcsv.com/0FM2,2022-09-19T17:42:08.327,1,,,0.17,0.47,2.0,0.49,,Normal,018/147,Promo,Fire,70,Basic,[1] Scratch (10),[1R] Flame Tail (20),Wx2,1,,
219051,Charmeleon - 8/68 (#15 Charizard Stamped),Charmeleon 8 68 15 Charizard Stamped,https://tcgplayer-cdn.tcgplayer.com/product/219051_200w.jpg,3,2686,https://cpt.tcgcsv.com/2FM2,2022-09-19T17:43:30.677,1,,,0.15,0.4,1.9,0.38,,Normal,008/068,Promo,Fire,100,Stage 1,[1R] Slash (30),[1RR] Flamethrower (80),Wx2,1,,
219052,Charmeleon - 8/68 (#30 Charizard Stamped),Charmeleon 8 68 30 Charizard Stamped,https://tcgplayer-cdn.tcgplayer.com/product/219052_200w.jpg,3,2686,https://cpt.tcgcsv.com/3FM2,2022-09-19T17:43:52.067,1,,,0.12,0.35,1.0,0.38,,Normal,008/068,Promo,Fire,100,Stage 1,[1R] Slash (30),[1RR] Flamethrower (80),Wx2,1,,
219053,Charmeleon - 8/68 (#51 Charizard Stamped),Charmeleon 8 68 51 Charizard Stamped,https://tcgplayer-cdn.tcgplayer.com/product/219053_200w.jpg,3,2686,https://cpt.tcgcsv.com/5FM2,2022-09-19T17:44:18.03,1,,,0.17,0.42,1.55,0.41,,Normal,008/068,Promo,Fire,100,Stage 1,[1R] Slash (30),[1RR] Flamethrower (80),Wx2,1,,
219056,Bug Catcher - 189/236 (#34 Charizard Stamped),Bug Catcher 189 236 34 Charizard Stamped,https://tcgplayer-cdn.tcgplayer.com/product/219056_200w.jpg,3,2686,https://cpt.tcgcsv.com/8FM2,2022-09-19T17:29:09.97,1,"Draw 2 cards. Flip a coin. If heads, draw 2 more cards.<br><br> You may play only 1 Supporter card during your turn <em>(before your attack)</em>.",,0.05,0.2,1.35,0.09,,Normal,189/236,Promo,Supporter,,,,,,,,
219057,Bug Catcher - 189/236 (#47 Charizard Stamped),Bug Catcher 189 236 47 Charizard Stamped,https://tcgplayer-cdn.tcgplayer.com/product/219057_200w.jpg,3,2686,https://cpt.tcgcsv.com/9FM2,2022-09-19T17:30:42.733,1,"Draw 2 cards. Flip a coin. If heads, draw 2 more cards.<br><br> You may play only 1 Supporter card during your turn <em>(before your attack)</em>.",,0.01,0.18,1.49,0.09,,Normal,189/236,Promo,Supporter,,,,,,,,
219058,Charizard - 3/70 (#39 Charizard Stamped),Charizard 3 70 39 Charizard Stamped,https://tcgplayer-cdn.tcgplayer.com/product/219058_200w.jpg,3,2686,https://cpt.tcgcsv.com/bFM2,2025-05-14T19:22:33.317,1,"<strong>Ability — Resolute Flame</strong>
<br>This Pokémon's attacks do 30 more damage to your opponent's Active Pokémon for each of their Pokémon-GX and Pokémon-EX in play.",,3.5,3.72,21.99,4.95,,Normal,003/070,Promo,Fire,160,Stage 2,"[1RR] Fiery Blast (130)
<br>Discard an Energy from this Pokémon.",,Wx2,2,,
219059,Charizard GX - 9/68 (#60 Charizard Stamped),Charizard GX 9 68 60 Charizard Stamped,https://tcgplayer-cdn.tcgplayer.com/product/219059_200w.jpg,3,2686,https://cpt.tcgcsv.com/cFM2,2022-09-19T17:39:25.163,1,"<em>Pokémon-GX rule — When your Pokémon-GX is Knocked Out, your opponent takes 2 Prize cards.</em>",,8.01,12.5,100.0,10.86,,Holofoil,009/068,Promo,Fire,250,Stage 2,[2RR] Flamethrower (140),"<span style=""color:Teal""><strong>[2RR] Flare Blitz GX (300)</strong>
<br><em>(You can't use more than 1 GX attack in a game.)</em></span>",Wx2,3,,
219060,Cynthia - 119/156 (#21 Charizard Stamped),Cynthia 119 156 21 Charizard Stamped,https://tcgplayer-cdn.tcgplayer.com/product/219060_200w.jpg,3,2686,https://cpt.tcgcsv.com/dFM2,2022-09-19T17:46:28.52,1,"Shuffle your hand into your deck. Then, draw 6 cards.<br><br> You may play only 1 Supporter card during your turn <em>(before your attack)</em>.",,0.2,0.46,1.99,0.45,,Normal,119/156,Promo,Supporter,,,,,,,,
219062,Cynthia - 119/156 (#50 Charizard Stamped),Cynthia 119 156 50 Charizard Stamped,https://tcgplayer-cdn.tcgplayer.com/product/219062_200w.jpg,3,2686,https://cpt.tcgcsv.com/gFM2,2022-09-19T17:47:10.107,1,"Shuffle your hand into your deck. Then, draw 6 cards.",,0.03,0.49,1.0,0.48,,Normal,119/156,Promo,Supporter,,,,,,,,
219063,Cynthia - 119/156 (#59 Charizard Stamped),Cynthia 119 156 59 Charizard Stamped,https://tcgplayer-cdn.tcgplayer.com/product/219063_200w.jpg,3,2686,https://cpt.tcgcsv.com/hFM2,2022-09-19T17:48:02.523,1,"Shuffle your hand into your deck. Then, draw 6 cards.<br><br> You may play only 1 Supporter card during your turn <em>(before your attack)</em>.",,0.1,0.44,1.49,0.37,,Normal,119/156,Promo,Supporter,,,,,,,,
219064,Eevee - 49/68 (#26 Charizard Stamped),Eevee 49 68 26 Charizard Stamped,https://tcgplayer-cdn.tcgplayer.com/product/219064_200w.jpg,3,2686,https://cpt.tcgcsv.com/jFM2,2022-09-19T17:51:07.043,1,,,0.25,0.38,2.0,0.38,,Normal,049/068,Promo,Colorless,60,Basic,[1] Gnaw (20),,Fx2,1,,
219065,Eevee - 49/68 (#36 Charizard Stamped),Eevee 49 68 36 Charizard Stamped,https://tcgplayer-cdn.tcgplayer.com/product/219065_200w.jpg,3,2686,https://cpt.tcgcsv.com/kFM2,2022-09-19T17:51:30.37,1,,,0.27,0.47,5.39,0.52,,Normal,049/068,Promo,Colorless,60,Basic,[1] Gnaw (20),,Fx2,1,,
219066,Flareon - SM186 (#27 Charizard Stamped),Flareon SM186 27 Charizard Stamped,https://tcgplayer-cdn.tcgplayer.com/product/219066_200w.jpg,3,2686,https://cpt.tcgcsv.com/lFM2,2023-09-19T16:28:23.15,1,,,0.38,0.67,3.0,0.66,,Normal,SM186,Promo,Fire,110,Stage 1,[1] Bite (20),"[1RR] Fire Spin (130)
<br>Discard 2 R Energy from this Pokémon.",Wx2,2,,
219067,Flareon - SM186 (#44 Charizard Stamped),Flareon SM186 44 Charizard Stamped,https://tcgplayer-cdn.tcgplayer.com/product/219067_200w.jpg,3,2686,https://cpt.tcgcsv.com/mFM2,2022-09-19T18:08:11.313,1,,,0.45,0.99,3.99,0.83,,Normal,SM186,Promo,Fire,110,Stage 1,[1] Bite (20),"[1RR] Fire Spin (130)
<br>Discard 2 R Energy from this Pokémon.",Wx2,2,,
219070,Great Ball - 119/149 (#33 Charizard Stamped),Great Ball 119 149 33 Charizard Stamped,https://tcgplayer-cdn.tcgplayer.com/product/219070_200w.jpg,3,2686,https://cpt.tcgcsv.com/qFM2,2022-09-19T18:09:44.72,1,Look at the top 7 cards of your deck. You may reveal a Pokémon you find there and put it into your hand. Shuffle the other cards back into your deck.<br><br> You may play as many Item cards as you like during your turn <em>(before your attack)</em>.,,0.01,0.2,1.5,0.12,,Normal,119/149,Promo,Item,,,,,,,,
219071,Great Ball - 119/149 (#43 Charizard Stamped),Great Ball 119 149 43 Charizard Stamped,https://tcgplayer-cdn.tcgplayer.com/product/219071_200w.jpg,3,2686,https://cpt.tcgcsv.com/rFM2,2022-09-19T18:10:18.52,1,Look at the top 7 cards of your deck. You may reveal a Pokémon you find there and put it into your hand. Shuffle the other cards back into your deck.<br><br> You may play as many Item cards as you like during your turn <em>(before your attack)</em>.,,0.01,0.19,1.33,0.15,,Normal,119/149,Promo,Item,,,,,,,,
219072,Great Ball - 119/149 (#48 Charizard Stamped),Great Ball 119 149 48 Charizard Stamped,https://tcgplayer-cdn.tcgplayer.com/product/219072_200w.jpg,3,2686,https://cpt.tcgcsv.com/sFM2,2022-09-19T18:10:31.34,1,Look at the top 7 cards of your deck. You may reveal a Pokémon you find there and put it into your hand. Shuffle the other cards back into your deck.<br><br> You may play as many Item cards as you like during your turn <em>(before your attack)</em>.,,0.01,0.24,1.49,0.13,,Normal,119/149,Promo,Item,,,,,,,,
219073,Great Ball - 119/149 (#55 Charizard Stamped),Great Ball 119 149 55 Charizard Stamped,https://tcgplayer-cdn.tcgplayer.com/product/219073_200w.jpg,3,2686,https://cpt.tcgcsv.com/tFM2,2022-09-19T18:10:56.143,1,Look at the top 7 cards of your deck. You may reveal a Pokémon you find there and put it into your hand. Shuffle the other cards back into your deck.<br><br> You may play as many Item cards as you like during your turn <em>(before your attack)</em>.,,0.02,0.22,1.49,0.12,,Normal,119/149,Promo,Item,,,,,,,,
219076,Hau - 120/149 (#28 Charizard Stamped),Hau 120 149 28 Charizard Stamped,https://tcgplayer-cdn.tcgplayer.com/product/219076_200w.jpg,3,2686,https://cpt.tcgcsv.com/xFM2,2022-09-19T18:14:06.487,1,Draw 3 cards.<br><br> You may play only 1 Supporter card during your turn <em>(before your attack)</em>.,,0.01,0.2,1.99,0.11,,Normal,120/149,Promo,Supporter,,,,,,,,
219077,Hau - 120/149 (#41 Charizard Stamped),Hau 120 149 41 Charizard Stamped,https://tcgplayer-cdn.tcgplayer.com/product/219077_200w.jpg,3,2686,https://cpt.tcgcsv.com/zFM2,2022-09-19T18:16:43.59,1,Draw 3 cards.<br><br> You may play only 1 Supporter card during your turn <em>(before your attack)</em>.,,0.01,0.2,1.33,0.12,,Normal,120/149,Promo,Supporter,,,,,,,,
219078,Hau - 120/149 (#52 Charizard Stamped),Hau 120 149 52 Charizard Stamped,https://tcgplayer-cdn.tcgplayer.com/product/219078_200w.jpg,3,2686,https://cpt.tcgcsv.com/BFM2,2022-09-19T18:17:17.633,1,Draw 3 cards.<br><br> You may play only 1 Supporter card during your turn <em>(before your attack)</em>.,,0.02,0.2,0.66,0.13,,Normal,120/149,Promo,Supporter,,,,,,,,
219079,Hau - 120/149 (#57 Charizard Stamped),Hau 120 149 57 Charizard Stamped,https://tcgplayer-cdn.tcgplayer.com/product/219079_200w.jpg,3,2686,https://cpt.tcgcsv.com/CFM2,2022-09-19T18:17:46.23,1,Draw 3 cards.<br><br> You may play only 1 Supporter card during your turn <em>(before your attack)</em>.,,0.02,0.2,1.49,0.12,,Normal,120/149,Promo,Supporter,,,,,,,,
219082,Kangaskhan - 55/70 (#4 Charizard Stamped),Kangaskhan 55 70 4 Charizard Stamped,https://tcgplayer-cdn.tcgplayer.com/product/219082_200w.jpg,3,2686,https://cpt.tcgcsv.com/GFM2,2022-09-20T14:42:18.14,1,,,0.11,0.3,0.99,0.47,,Normal,055/070,Promo,Colorless,120,Basic,"[1] Fetch
<br>Draw a card.",[2] Headbutt (30),Fx2,2,"[3] One-Two Punch (60+)
<br>Flip a coin. If heads, this attack does 30 more damage.",
219083,Kangaskhan - 55/70 (#53 Charizard Stamped),Kangaskhan 55 70 53 Charizard Stamped,https://tcgplayer-cdn.tcgplayer.com/product/219083_200w.jpg,3,2686,https://cpt.tcgcsv.com/HFM2,2022-09-20T14:42:45.72,1,,,0.05,0.29,1.4,0.46,,Normal,055/070,Promo,Colorless,120,Basic,"[1] Fetch
<br>Draw a card.",[2] Headbutt (30),Fx2,2,"[3] One-Two Punch (60+)
<br>Flip a coin. If heads, this attack does 30 more damage.",None
219084,Moltres - 38/214 (#46 Charizard Stamped),Moltres 38 214 46 Charizard Stamped,https://tcgplayer-cdn.tcgplayer.com/product/219084_200w.jpg,3,2686,https://cpt.tcgcsv.com/JFM2,2022-09-20T14:56:25.213,1,,,0.4,0.99,3.0,0.84,,Normal,038/214,Promo,Fire,120,Basic,"[R] Assisting Heater (30)
<br>You may attach a Fire Energy card from your hand to 1 of your Benched Pokémon.",[1RR] Fire Wing (90),Wx2,1,,
219085,Pokemon Catcher - 126/149 (#54 Charizard Stamped),Pokemon Catcher 126 149 54 Charizard Stamped,https://tcgplayer-cdn.tcgplayer.com/product/219085_200w.jpg,3,2686,https://cpt.tcgcsv.com/KFM2,2022-09-20T15:03:43.957,1,"Flip a coin. If heads, switch 1 of your opponent's Benched Pokémon with their Active Pokémon.<br><br> You may play as many Item cards as you like during your turn <em>(before your attack)</em>.",,0.03,0.25,1.99,0.23,,Normal,126/149,Promo,Item,,,,,,,,
219086,Pokemon Fan Club - 133/156 (#45 Charizard Stamped),Pokemon Fan Club 133 156 45 Charizard Stamped,https://tcgplayer-cdn.tcgplayer.com/product/219086_200w.jpg,3,2686,https://cpt.tcgcsv.com/LFM2,2022-09-20T15:05:53.71,1,"Search your deck for up to 2 Basic Pokémon, reveal them, and put them into your hand. Then, shuffle your deck.<br><br> You may play only 1 Supporter card during your turn <em>(before your attack)</em>.",,0.1,0.25,1.49,0.26,,Normal,133/156,Promo,Supporter,,,,,,,,
219088,Potion - 127/149 (#14 Charizard Stamped),Potion 127 149 14 Charizard Stamped,https://tcgplayer-cdn.tcgplayer.com/product/219088_200w.jpg,3,2686,https://cpt.tcgcsv.com/NFM2,2022-09-20T15:08:19.27,1,Heal 30 damage from 1 of your Pokémon.<br><br> You may play as many Item cards as you like during your turn <em>(before your attack)</em>.,,0.01,0.2,0.66,0.09,,Normal,127/149,Promo,Item,,,,,,,,
219089,Potion - 127/149 (#37 Charizard Stamped),Potion 127 149 37 Charizard Stamped,https://tcgplayer-cdn.tcgplayer.com/product/219089_200w.jpg,3,2686,https://cpt.tcgcsv.com/PFM2,2022-09-20T15:09:31.787,1,Heal 30 damage from 1 of your Pokémon.<br><br> You may play as many Item cards as you like during your turn <em>(before your attack)</em>.,,0.01,0.2,1.49,0.08,,Normal,127/149,Promo,Item,,,,,,,,
219091,Salandit - 25/156 (#13 Charizard Stamped),Salandit 25 156 13 Charizard Stamped,https://tcgplayer-cdn.tcgplayer.com/product/219091_200w.jpg,3,2686,https://cpt.tcgcsv.com/RFM2,2022-09-20T15:13:53.813,1,,,0.05,0.2,0.5,0.11,,Normal,025/156,Promo,Fire,70,Basic,[R] Live Coal (10),[1R] Combustion (30),Wx2,1,,
219093,Salandit - 25/156 (#18 Charizard Stamped),Salandit 25 156 18 Charizard Stamped,https://tcgplayer-cdn.tcgplayer.com/product/219093_200w.jpg,3,2686,https://cpt.tcgcsv.com/TFM2,2022-09-20T15:14:12.6,1,,,0.01,0.19,1.35,0.15,,Normal,025/156,Promo,Fire,70,Basic,[R] Live Coal (10),[1R] Combustion (30),Wx2,1,,
219094,Salandit - 25/156 (#31 Charizard Stamped),Salandit 25 156 31 Charizard Stamped,https://tcgplayer-cdn.tcgplayer.com/product/219094_200w.jpg,3,2686,https://cpt.tcgcsv.com/VFM2,2022-09-20T15:14:32.79,1,,,0.03,0.2,0.5,0.15,,Normal,025/156,Promo,Fire,70,Basic,[R] Live Coal (10),[1R] Combustion (30),Wx2,1,,
219095,Salazzle - 34/236 (#7 Charizard Stamped),Salazzle 34 236 7 Charizard Stamped,https://tcgplayer-cdn.tcgplayer.com/product/219095_200w.jpg,3,2686,https://cpt.tcgcsv.com/WFM2,2022-09-20T15:16:49.49,1,,,0.06,0.2,0.75,0.15,,Normal,034/236,Promo,Fire,100,Stage 1,[RR] Fire Claws (70),,Wx2,1,,
219096,Salazzle - 34/236 (#23 Charizard Stamped),Salazzle 34 236 23 Charizard Stamped,https://tcgplayer-cdn.tcgplayer.com/product/219096_200w.jpg,3,2686,https://cpt.tcgcsv.com/XFM2,2022-09-20T15:16:14.173,1,,,0.03,0.25,1.49,0.18,,Normal,034/236,Promo,Fire,100,Stage 1,[RR] Fire Claws (70),,Wx2,1,,
219097,Salazzle - 34/236 (#49 Charizard Stamped),Salazzle 34 236 49 Charizard Stamped,https://tcgplayer-cdn.tcgplayer.com/product/219097_200w.jpg,3,2686,https://cpt.tcgcsv.com/ZFM2,2022-09-20T15:16:34.187,1,,,0.05,0.24,1.0,0.17,,Normal,034/236,Promo,Fire,100,Stage 1,[RR] Fire Claws (70),,Wx2,1,,
219098,Switch - 132/149 (#40 Charizard Stamped),Switch 132 149 40 Charizard Stamped,https://tcgplayer-cdn.tcgplayer.com/product/219098_200w.jpg,3,2686,https://cpt.tcgcsv.com/-FM2,2022-09-20T15:19:52.643,1,Switch your Active Pokémon with 1 of your Benched Pokémon.<br><br> You may play as many Item cards as you like during your turn <em>(before your attack)</em>.,,0.01,0.2,1.0,0.11,,Normal,132/149,Promo,Item,,,,,,,,
219099,Switch - 132/149 (#58 Charizard Stamped),Switch 132 149 58 Charizard Stamped,https://tcgplayer-cdn.tcgplayer.com/product/219099_200w.jpg,3,2686,https://cpt.tcgcsv.com/_FM2,2022-09-20T15:21:16.187,1,Switch your Active Pokémon with 1 of your Benched Pokémon.<br><br> You may play as many Item cards as you like during your turn <em>(before your attack)</em>.,,0.01,0.24,1.49,0.24,,Normal,132/149,Promo,Item,,,,,,,,
219100,Welder - 189/214 (#25 Charizard Stamped),Welder 189 214 25 Charizard Stamped,https://tcgplayer-cdn.tcgplayer.com/product/219100_200w.jpg,3,2686,https://cpt.tcgcsv.com/0GM2,2022-09-20T15:25:21.71,1,"Attach up to 2 Fire Energy cards from your hand to 1 of your Pokémon. If you do, draw 3 cards.<br><br> You may play only 1 Supporter card during your turn <em>(before your attack)</em>.",,0.13,0.45,1.29,0.45,,Normal,189/214,Promo,Supporter,,,,,,,,
219106,Alolan Raichu - SM65 (#25 Pikachu Stamped),Alolan Raichu SM65 25 Pikachu Stamped,https://tcgplayer-cdn.tcgplayer.com/product/219106_200w.jpg,3,2686,https://cpt.tcgcsv.com/8GM2,2022-09-19T17:20:38.137,1,,,0.29,0.5,2.99,0.51,,Normal,SM65,Promo,Lightning,110,Stage 1,"[L] Quick Attack (10+)
<br>Flip a coin. If heads, this attack does 30 more damage.",[2L] Electric Surfer (70),Fx2,1,,M-20
219107,Alolan Raichu - SM65 (#56 Pikachu Stamped),Alolan Raichu SM65 56 Pikachu Stamped,https://tcgplayer-cdn.tcgplayer.com/product/219107_200w.jpg,3,2686,https://cpt.tcgcsv.com/9GM2,2022-09-19T17:22:32.853,1,,,0.28,0.51,2.99,0.51,,Normal,SM65,Promo,Lightning,110,Stage 1,"[L] Quick Attack (10+)
<br>Flip a coin. If heads, this attack does 30 more damage.",[2L] Electric Surfer (70),Fx2,1,,M-20
219108,Blitzle - 81/214 (#1 Pikachu Stamped),Blitzle 81 214 1 Pikachu Stamped,https://tcgplayer-cdn.tcgplayer.com/product/219108_200w.jpg,3,2686,https://cpt.tcgcsv.com/bGM2,2022-09-19T17:24:09.31,1,,,0.05,0.19,0.5,0.13,,Normal,081/214,Promo,Lightning,70,Basic,[L] Flop (10),[1L] Zap Kick (20),Fx2,1,,M-20
219109,Blitzle - 81/214 (#19 Pikachu Stamped),Blitzle 81 214 19 Pikachu Stamped,https://tcgplayer-cdn.tcgplayer.com/product/219109_200w.jpg,3,2686,https://cpt.tcgcsv.com/cGM2,2022-09-19T17:24:39.753,1,,,0.01,0.19,1.31,0.13,,Normal,081/214,Promo,Lightning,70,Basic,[L] Flop (10),[1L] Zap Kick (20),Fx2,1,,M-20
219110,Blitzle - 81/214 (#45 Pikachu Stamped),Blitzle 81 214 45 Pikachu Stamped,https://tcgplayer-cdn.tcgplayer.com/product/219110_200w.jpg,3,2686,https://cpt.tcgcsv.com/dGM2,2022-09-19T17:25:02.573,1,,,0.05,0.23,1.2,0.19,,Normal,081/214,Promo,Lightning,70,Basic,[L] Flop (10),[1L] Zap Kick (20),Fx2,1,,M-20
219111,Bug Catcher - 189/236 (#26 Pikachu Stamped),Bug Catcher 189 236 26 Pikachu Stamped,https://tcgplayer-cdn.tcgplayer.com/product/219111_200w.jpg,3,2686,https://cpt.tcgcsv.com/fGM2,2022-09-19T17:28:34.29,1,"Draw 2 cards. Flip a coin. If heads, draw 2 more cards.
<br><br> You may play only 1 Supporter card during your turn <em>(before your attack)</em>.",,0.02,0.2,0.94,0.2,,Normal,189/236,Promo,Supporter,,,,,,,,
219112,Bug Catcher - 189/236 (#44 Pikachu Stamped),Bug Catcher 189 236 44 Pikachu Stamped,https://tcgplayer-cdn.tcgplayer.com/product/219112_200w.jpg,3,2686,https://cpt.tcgcsv.com/gGM2,2022-09-19T17:29:32.377,1,"Draw 2 cards. Flip a coin. If heads, draw 2 more cards.<br><br> You may play only 1 Supporter card during your turn <em>(before your attack)</em>.",,0.01,0.2,1.49,0.14,,Normal,189/236,Promo,Supporter,,,,,,,,
219113,Bug Catcher - 189/236 (#46 Pikachu Stamped),Bug Catcher 189 236 46 Pikachu Stamped,https://tcgplayer-cdn.tcgplayer.com/product/219113_200w.jpg,3,2686,https://cpt.tcgcsv.com/hGM2,2022-09-19T17:29:55.813,1,"Draw 2 cards. Flip a coin. If heads, draw 2 more cards.<br><br> You may play only 1 Supporter card during your turn <em>(before your attack)</em>.",,0.03,0.2,0.66,0.11,,Normal,189/236,Promo,Supporter,,,,,,,,
219114,Bug Catcher - 189/236 (#51 Pikachu Stamped),Bug Catcher 189 236 51 Pikachu Stamped,https://tcgplayer-cdn.tcgplayer.com/product/219114_200w.jpg,3,2686,https://cpt.tcgcsv.com/jGM2,2022-09-19T17:31:12.163,1,"Draw 2 cards. Flip a coin. If heads, draw 2 more cards.<br><br> You may play only 1 Supporter card during your turn <em>(before your attack)</em>.",,0.03,0.2,0.66,0.1,,Normal,189/236,Promo,Supporter,,,,,,,,
219115,Chansey - 46/68 (#5 Pikachu Stamped),Chansey 46 68 5 Pikachu Stamped,https://tcgplayer-cdn.tcgplayer.com/product/219115_200w.jpg,3,2686,https://cpt.tcgcsv.com/kGM2,2022-09-19T17:34:55.097,1,,,0.1,0.25,0.55,0.25,,Normal,046/068,Promo,Colorless,130,Basic,"[3] Double-Edge (80)
<br>This Pokémon does 20 damage to itself.",,Fx2,2,,
219116,Chansey - 46/68 (#47 Pikachu Stamped),Chansey 46 68 47 Pikachu Stamped,https://tcgplayer-cdn.tcgplayer.com/product/219116_200w.jpg,3,2686,https://cpt.tcgcsv.com/lGM2,2022-09-19T17:35:12.26,1,,,0.1,0.26,3.0,0.27,,Normal,046/068,Promo,Colorless,130,Basic,"[3] Double-Edge (80)
<br>This Pokémon does 20 damage to itself.",,Fx2,2,,
219120,Cynthia - 119/156 (#24 Pikachu Stamped),Cynthia 119 156 24 Pikachu Stamped,https://tcgplayer-cdn.tcgplayer.com/product/219120_200w.jpg,3,2686,https://cpt.tcgcsv.com/qGM2,2022-09-19T17:46:45.34,1,"Shuffle your hand into your deck. Then, draw 6 cards.<br><br> You may play only 1 Supporter card during your turn <em>(before your attack)</em>.",,0.2,0.45,1.0,0.44,,Normal,119/156,Promo,Supporter,,,,,,,,
219121,Cynthia - 119/156 (#50 Pikachu Stamped),Cynthia 119 156 50 Pikachu Stamped,https://tcgplayer-cdn.tcgplayer.com/product/219121_200w.jpg,3,2686,https://cpt.tcgcsv.com/rGM2,2022-09-19T17:47:41.49,1,"Shuffle your hand into your deck. Then, draw 6 cards.<br><br> You may play only 1 Supporter card during your turn <em>(before your attack)</em>.",,0.15,0.45,1.25,0.45,,Normal,119/156,Promo,Supporter,,,,,,,,
219122,Cynthia - 119/156 (#59 Pikachu Stamped),Cynthia 119 156 59 Pikachu Stamped,https://tcgplayer-cdn.tcgplayer.com/product/219122_200w.jpg,3,2686,https://cpt.tcgcsv.com/sGM2,2022-09-19T17:48:19.727,1,"Shuffle your hand into your deck. Then, draw 6 cards.<br><br> You may play only 1 Supporter card during your turn <em>(before your attack)</em>.",,0.18,0.45,1.0,0.43,,Normal,119/156,Promo,Supporter,,,,,,,,
219123,Electabuzz - 43/156 (#6 Pikachu Stamped),Electabuzz 43 156 6 Pikachu Stamped,https://tcgplayer-cdn.tcgplayer.com/product/219123_200w.jpg,3,2686,https://cpt.tcgcsv.com/tGM2,2022-09-19T17:53:54.987,1,,,0.05,0.23,5.0,0.16,,Normal,043/156,Promo,Lightning,80,Basic,[1L] Low Kick (30),"[1LL] Thunder (90)
<br>This Pokémon does 30 damage to itself.",Fx2,2,,M-20
219124,Electivire- 43/147 (#32 Pikachu Stamped),Electivire 43 147 32 Pikachu Stamped,https://tcgplayer-cdn.tcgplayer.com/product/219124_200w.jpg,3,2686,https://cpt.tcgcsv.com/vGM2,2022-09-19T17:55:56.463,1,,,0.05,0.24,1.0,0.23,,Normal,043/147,Promo,Lightning,140,Stage 1,"[2L] Thunder Punch (60+)
<br>Flip a coin. If heads, this attack does 60 more damage. If tails, this Pokémon does 20 damage to itself.","[2LL] Giga Impact (170)
<br>This Pokémon can't attack during your next turn.",Fx2,4,,M-20
219125,Electabuzz - 43/156 (#41 Pikachu Stamped),Electabuzz 43 156 41 Pikachu Stamped,https://tcgplayer-cdn.tcgplayer.com/product/219125_200w.jpg,3,2686,https://cpt.tcgcsv.com/wGM2,2022-09-19T17:53:11.323,1,,,0.05,0.25,5.0,0.15,,Normal,043/156,Promo,Lightning,80,Basic,[1L] Low Kick (30),"[1LL] Thunder (90)
<br>This Pokémon does 30 damage to itself.",Fx2,2,,M-20
219126,Electabuzz - 43/156 (#58 Pikachu Stamped),Electabuzz 43 156 58 Pikachu Stamped,https://tcgplayer-cdn.tcgplayer.com/product/219126_200w.jpg,3,2686,https://cpt.tcgcsv.com/xGM2,2022-09-19T17:53:30.397,1,,,0.05,0.25,1.39,0.17,,Normal,043/156,Promo,Lightning,80,Basic,[1L] Low Kick (30),"[1LL] Thunder (90)
<br>This Pokémon does 30 damage to itself.",Fx2,2,,M-20
219127,Electivire - 43/147 (#53 Pikachu Stamped),Electivire 43 147 53 Pikachu Stamped,https://tcgplayer-cdn.tcgplayer.com/product/219127_200w.jpg,3,2686,https://cpt.tcgcsv.com/zGM2,2022-09-19T17:55:26.253,1,,,0.05,0.25,1.35,0.21,,Normal,043/147,Promo,Lightning,140,Stage 1,"[2L] Thunder Punch (60+)
<br>Flip a coin. If heads, this attack does 60 more damage. If tails, this Pokémon does 20 damage to itself.","[2LL] Giga Impact (170)
<br>This Pokémon can't attack during your next turn.",Fx2,4,,M-20
219128,Electropower - 172/214 (#34 Pikachu Stamped),Electropower 172 214 34 Pikachu Stamped,https://tcgplayer-cdn.tcgplayer.com/product/219128_200w.jpg,3,2686,https://cpt.tcgcsv.com/BGM2,2022-09-19T17:57:29.133,1,"During this turn, your Lightning Pokémon's attacks do 30 more damage to your opponent's Active Pokémon <em>(before applying Weakness and Resistance)</em>.<br><br> You may play as many Item cards as you like during your turn <em>(before your attack)</em>.",,0.2,0.39,2.49,0.42,,Normal,172/214,Promo,Item,,,,,,,,
219129,Great Ball - 119/149 (#29 Pikachu Stamped),Great Ball 119 149 29 Pikachu Stamped,https://tcgplayer-cdn.tcgplayer.com/product/219129_200w.jpg,3,2686,https://cpt.tcgcsv.com/CGM2,2022-09-19T18:09:22.187,1,Look at the top 7 cards of your deck. You may reveal a Pokémon you find there and put it into your hand. Shuffle the other cards back into your deck.<br><br> You may play as many Item cards as you like during your turn <em>(before your attack)</em>.,,0.03,0.2,1.0,0.12,,Normal,119/149,Promo,Item,,,,,,,,
219131,Great Ball - 119/149 (#38 Pikachu Stamped),Great Ball 119 149 38 Pikachu Stamped,https://tcgplayer-cdn.tcgplayer.com/product/219131_200w.jpg,3,2686,https://cpt.tcgcsv.com/FGM2,2022-09-19T18:10:02.093,1,Look at the top 7 cards of your deck. You may reveal a Pokémon you find there and put it into your hand. Shuffle the other cards back into your deck.<br><br> You may play as many Item cards as you like during your turn <em>(before your attack)</em>.,,0.03,0.25,0.99,0.26,,Normal,119/149,Promo,Item,,,,,,,,
219132,Great Ball - 119/149 (#49 Pikachu Stamped),Great Ball 119 149 49 Pikachu Stamped,https://tcgplayer-cdn.tcgplayer.com/product/219132_200w.jpg,3,2686,https://cpt.tcgcsv.com/GGM2,2022-09-19T18:10:43.607,1,Look at the top 7 cards of your deck. You may reveal a Pokémon you find there and put it into your hand. Shuffle the other cards back into your deck.<br><br> You may play as many Item cards as you like during your turn <em>(before your attack)</em>.,,0.02,0.2,0.99,0.12,,Normal,119/149,Promo,Item,,,,,,,,
219133,Great Ball - 119/149 (#57 Pikachu Stamped),Great Ball 119 149 57 Pikachu Stamped,https://tcgplayer-cdn.tcgplayer.com/product/219133_200w.jpg,3,2686,https://cpt.tcgcsv.com/HGM2,2022-09-19T18:11:10.497,1,Look at the top 7 cards of your deck. You may reveal a Pokémon you find there and put it into your hand. Shuffle the other cards back into your deck.<br><br> You may play as many Item cards as you like during your turn <em>(before your attack)</em>.,,0.01,0.2,1.49,0.1,,Normal,119/149,Promo,Item,,,,,,,,
219134,Lightning Energy (#3 Pikachu Stamped),Lightning Energy 3 Pikachu Stamped,https://tcgplayer-cdn.tcgplayer.com/product/219134_200w.jpg,3,2686,https://cpt.tcgcsv.com/JGM2,2022-09-20T14:45:31.607,1,,,0.05,0.25,2.5,0.25,,Normal,,Promo,Basic Lightning Energy,,,,,,,,
219135,Lightning Energy (#4 Pikachu Stamped),Lightning Energy 4 Pikachu Stamped,https://tcgplayer-cdn.tcgplayer.com/product/219135_200w.jpg,3,2686,https://cpt.tcgcsv.com/KGM2,2022-09-20T14:46:28.4,1,,,0.05,0.15,2.5,0.07,,Normal,,Promo,Basic Lightning Energy,,,,,,,,
219136,Lightning Energy (#7 Pikachu Stamped),Lightning Energy 7 Pikachu Stamped,https://tcgplayer-cdn.tcgplayer.com/product/219136_200w.jpg,3,2686,https://cpt.tcgcsv.com/LGM2,2022-09-20T14:47:03.46,1,,,0.05,0.19,2.5,0.16,,Normal,,Promo,Basic Lightning Energy,,,,,,,,
219137,Lightning Energy (#8 Pikachu Stamped),Lightning Energy 8 Pikachu Stamped,https://tcgplayer-cdn.tcgplayer.com/product/219137_200w.jpg,3,2686,https://cpt.tcgcsv.com/MGM2,2022-09-20T14:47:17.843,1,,,0.05,0.2,2.5,0.12,,Normal,,Promo,Basic Lightning Energy,,,,,,,,
219138,Lightning Energy (#9 Pikachu Stamped),Lightning Energy 9 Pikachu Stamped,https://tcgplayer-cdn.tcgplayer.com/product/219138_200w.jpg,3,2686,https://cpt.tcgcsv.com/NGM2,2022-09-20T14:48:10.783,1,,,0.05,0.19,2.5,0.07,,Normal,,Promo,Basic Lightning Energy,,,,,,,,
219140,Lightning Energy (#10 Pikachu Stamped),Lightning Energy 10 Pikachu Stamped,https://tcgplayer-cdn.tcgplayer.com/product/219140_200w.jpg,3,2686,https://cpt.tcgcsv.com/QGM2,2022-09-20T14:43:11.513,1,,,0.05,0.19,2.5,0.09,,Normal,,Promo,Basic Lightning Energy,,,,,,,,
219141,Lightning Energy (#11 Pikachu Stamped),Lightning Energy 11 Pikachu Stamped,https://tcgplayer-cdn.tcgplayer.com/product/219141_200w.jpg,3,2686,https://cpt.tcgcsv.com/RGM2,2022-09-20T14:43:28.497,1,,,0.04,0.2,2.5,0.12,,Normal,,Promo,Basic Lightning Energy,,,,,,,,
219142,Lightning Energy (#12 Pikachu Stamped),Lightning Energy 12 Pikachu Stamped,https://tcgplayer-cdn.tcgplayer.com/product/219142_200w.jpg,3,2686,https://cpt.tcgcsv.com/SGM2,2022-09-20T14:44:01.247,1,,,0.05,0.25,2.5,0.16,,Normal,,Promo,Basic Lightning Energy,,,,,,,,
219144,Lightning Energy (#17 Pikachu Stamped),Lightning Energy 17 Pikachu Stamped,https://tcgplayer-cdn.tcgplayer.com/product/219144_200w.jpg,3,2686,https://cpt.tcgcsv.com/VGM2,2022-09-20T14:44:13.893,1,,,0.03,0.19,2.5,0.11,,Normal,,Promo,Basic Lightning Energy,,,,,,,,
219145,Lightning Energy (#18 Pikachu Stamped),Lightning Energy 18 Pikachu Stamped,https://tcgplayer-cdn.tcgplayer.com/product/219145_200w.jpg,3,2686,https://cpt.tcgcsv.com/WGM2,2022-09-20T14:44:29.383,1,,,0.04,0.2,2.5,0.13,,Normal,,Promo,Basic Lightning Energy,,,,,,,,
219146,Lightning Energy (#21 Pikachu Stamped),Lightning Energy 21 Pikachu Stamped,https://tcgplayer-cdn.tcgplayer.com/product/219146_200w.jpg,3,2686,https://cpt.tcgcsv.com/XGM2,2022-09-20T14:44:49.483,1,,,0.05,0.18,2.5,0.17,,Normal,,Promo,Basic Lightning Energy,,,,,,,,
219147,Lightning Energy (#22 Pikachu Stamped),Lightning Energy 22 Pikachu Stamped,https://tcgplayer-cdn.tcgplayer.com/product/219147_200w.jpg,3,2686,https://cpt.tcgcsv.com/ZGM2,2022-09-20T14:45:10.733,1,,,0.05,0.15,2.5,0.12,,Normal,,Promo,Basic Lightning Energy,,,,,,,,
219148,Lightning Energy (#27 Pikachu Stamped),Lightning Energy 27 Pikachu Stamped,https://tcgplayer-cdn.tcgplayer.com/product/219148_200w.jpg,3,2686,https://cpt.tcgcsv.com/-GM2,2022-09-20T14:45:21.46,1,,,0.05,0.18,2.5,0.14,,Normal,,Promo,Basic Lightning Energy,,,,,,,,
219149,Lightning Energy (#31 Pikachu Stamped),Lightning Energy 31 Pikachu Stamped,https://tcgplayer-cdn.tcgplayer.com/product/219149_200w.jpg,3,2686,https://cpt.tcgcsv.com/_GM2,2022-09-20T14:45:45.4,1,,,0.05,0.22,2.5,0.17,,Normal,,Promo,Basic Lightning Energy,,,,,,,,
219150,Lightning Energy (#35 Pikachu Stamped),Lightning Energy 35 Pikachu Stamped,https://tcgplayer-cdn.tcgplayer.com/product/219150_200w.jpg,3,2686,https://cpt.tcgcsv.com/0HM2,2022-09-20T14:46:03.963,1,,,0.05,0.2,2.5,0.12,,Normal,,Promo,Basic Lightning Energy,,,,,,,,
219151,Lightning Energy (#39 Pikachu Stamped),Lightning Energy 39 Pikachu Stamped,https://tcgplayer-cdn.tcgplayer.com/product/219151_200w.jpg,3,2686,https://cpt.tcgcsv.com/2HM2,2022-09-20T14:46:14.503,1,,,0.04,0.15,2.5,0.11,,Normal,,Promo,Basic Lightning Energy,,,,,,,,
219152,Lightning Energy (#43 Pikachu Stamped),Lightning Energy 43 Pikachu Stamped,https://tcgplayer-cdn.tcgplayer.com/product/219152_200w.jpg,3,2686,https://cpt.tcgcsv.com/3HM2,2022-09-20T14:46:38.057,1,,,0.04,0.18,2.5,0.14,,Normal,,Promo,Basic Lightning Energy,,,,,,,,
219153,Lightning Energy (#48 Pikachu Stamped),Lightning Energy 48 Pikachu Stamped,https://tcgplayer-cdn.tcgplayer.com/product/219153_200w.jpg,3,2686,https://cpt.tcgcsv.com/5HM2,2022-09-20T14:46:52.42,1,,,0.05,0.22,2.5,0.07,,Normal,,Promo,Basic Lightning Energy,,,,,,,,
219154,Pikachu - 19/68 (#2 Pikachu Stamped),Pikachu 19 68 2 Pikachu Stamped,https://tcgplayer-cdn.tcgplayer.com/product/219154_200w.jpg,3,2686,https://cpt.tcgcsv.com/6HM2,2022-09-20T15:01:32.447,1,,,0.8,8.0,19.99,0.9,,Normal,019/068,Promo,Lightning,70,Basic,[L] Quick Attack (10),[1LL] Electro Ball (60),Fx2,1,,M-20
219155,Pikachu - 19/68 (#15 Pikachu Stamped),Pikachu 19 68 15 Pikachu Stamped,https://tcgplayer-cdn.tcgplayer.com/product/219155_200w.jpg,3,2686,https://cpt.tcgcsv.com/7HM2,2022-09-20T14:59:41.827,1,,,8.0,8.0,9.99,2.11,,Normal,019/068,Promo,Lightning,70,Basic,[L] Quick Attack (10),[1LL] Electro Ball (60),Fx2,1,,M-20
219157,Pikachu - 19/68 (#30 Pikachu Stamped),Pikachu 19 68 30 Pikachu Stamped,https://tcgplayer-cdn.tcgplayer.com/product/219157_200w.jpg,3,2686,https://cpt.tcgcsv.com/9HM2,2022-09-20T15:01:56.793,1,,,4.0,8.0,9.99,1.99,,Normal,019/068,Promo,Lightning,70,Basic,[L] Quick Attack (10),[1LL] Electro Ball (60),Fx2,1,,M-20
219158,Pikachu - 19/68 (#55 Pikachu Stamped),Pikachu 19 68 55 Pikachu Stamped,https://tcgplayer-cdn.tcgplayer.com/product/219158_200w.jpg,3,2686,https://cpt.tcgcsv.com/bHM2,2022-09-20T15:02:13.097,1,,,1.65,2.0,19.0,2.7,,Normal,019/068,Promo,Lightning,70,Basic,[L] Quick Attack (10),[1LL] Electro Ball (60),Fx2,1,,M-20
219159,Pokemon Fan Club - 133/156 (#28 Pikachu Stamped),Pokemon Fan Club 133 156 28 Pikachu Stamped,https://tcgplayer-cdn.tcgplayer.com/product/219159_200w.jpg,3,2686,https://cpt.tcgcsv.com/cHM2,2022-09-20T15:05:02.187,1,"Search your deck for up to 2 Basic Pokémon, reveal them, and put them into your hand. Then, shuffle your deck.<br><br> You may play only 1 Supporter card during your turn <em>(before your attack)</em>.",,0.03,0.23,5.0,0.22,,Normal,133/156,Promo,Supporter,,,,,,,,
219160,Potion - 127/149 (#20 Pikachu Stamped),Potion 127 149 20 Pikachu Stamped,https://tcgplayer-cdn.tcgplayer.com/product/219160_200w.jpg,3,2686,https://cpt.tcgcsv.com/dHM2,2022-09-20T15:08:30.25,1,Heal 30 damage from 1 of your Pokémon.<br><br> You may play as many Item cards as you like during your turn <em>(before your attack)</em>.,,0.03,0.23,1.33,0.17,,Normal,127/149,Promo,Item,,,,,,,,
219161,Potion - 127/149 (#40 Pikachu Stamped),Potion 127 149 40 Pikachu Stamped,https://tcgplayer-cdn.tcgplayer.com/product/219161_200w.jpg,3,2686,https://cpt.tcgcsv.com/fHM2,2022-09-20T15:09:39.983,1,Heal 30 damage from 1 of your Pokémon.<br><br> You may play as many Item cards as you like during your turn <em>(before your attack)</em>.,,0.01,0.2,0.66,0.05,,Normal,127/149,Promo,Item,,,,,,,,
219163,Raichu GX - 20/68 (#60 Pikachu Stamped),Raichu GX 20 68 60 Pikachu Stamped,https://tcgplayer-cdn.tcgplayer.com/product/219163_200w.jpg,3,2686,https://cpt.tcgcsv.com/hHM2,2022-09-20T15:12:07.61,1,,,0.99,2.49,6.98,2.26,,Holofoil,020/068,Promo,Lightning,210,Stage 1,[1LL] Thunderbolt (120),"<span style=""color:Teal""><strong>[1LL] Spark Ball GX (200)</strong>
<br><em>(You can't use more than 1 GX attack in a game.)</em></span>",Fx2,1,,M-20
219164,Switch - 132/149 (#36 Pikachu Stamped),Switch 132 149 36 Pikachu Stamped,https://tcgplayer-cdn.tcgplayer.com/product/219164_200w.jpg,3,2686,https://cpt.tcgcsv.com/jHM2,2022-09-20T15:19:40.833,1,Switch your Active Pokémon with 1 of your Benched Pokémon.<br><br> You may play as many Item cards as you like during your turn <em>(before your attack)</em>.,,0.05,0.2,1.49,0.11,,Normal,132/149,Promo,Item,,,,,,,,
219165,Switch - 132/149 (#52 Pikachu Stamped),Switch 132 149 52 Pikachu Stamped,https://tcgplayer-cdn.tcgplayer.com/product/219165_200w.jpg,3,2686,https://cpt.tcgcsv.com/kHM2,2022-09-20T15:20:44.643,1,Switch your Active Pokémon with 1 of your Benched Pokémon.<br><br> You may play as many Item cards as you like during your turn <em>(before your attack)</em>.,,0.05,0.2,1.49,0.13,,Normal,132/149,Promo,Item,,,,,,,,
219166,Tauros - 164/236 (#14 Pikachu Stamped),Tauros 164 236 14 Pikachu Stamped,https://tcgplayer-cdn.tcgplayer.com/product/219166_200w.jpg,3,2686,https://cpt.tcgcsv.com/lHM2,2022-09-20T15:22:46.1,1,,,0.1,0.3,1.5,0.34,,Normal,164/236,Promo,Colorless,110,Basic,"[1] Call for Family
<br>Search your deck for a Basic Pokémon and put it onto your Bench. Then, shuffle your deck.","[2] Berserker Tackle (60)
<br>This Pokémon does 10 damage to itself.",Fx2,1,,
219167,Tauros - 164/236 (#37 Pikachu Stamped),Tauros 164 236 37 Pikachu Stamped,https://tcgplayer-cdn.tcgplayer.com/product/219167_200w.jpg,3,2686,https://cpt.tcgcsv.com/mHM2,2022-09-20T15:23:07.62,1,,,0.08,0.28,1.5,0.33,,Normal,164/236,Promo,Colorless,110,Basic,"[1] Call for Family
<br>Search your deck for a Basic Pokémon and put it onto your Bench. Then, shuffle your deck.","[2] Berserker Tackle (60)
<br>This Pokémon does 10 damage to itself.",Fx2,1,,
219168,Zebstrika - 45/181 (#16 Pikachu Stamped),Zebstrika 45 181 16 Pikachu Stamped,https://tcgplayer-cdn.tcgplayer.com/product/219168_200w.jpg,3,2686,https://cpt.tcgcsv.com/nHM2,2022-09-20T15:26:32.107,1,,,0.05,0.25,1.35,0.28,,Normal,045/181,Promo,Lightning,120,Stage 1,"[1L] Raid (30+)
<br>If this Pokémon evolved from Blitzle during this turn, this attack does 90 more damage.",[1LL] Mach Bolt (100),Fx2,1,,M-20
219170,Zebstrika - 45/181 (#23 Pikachu Stamped),Zebstrika 45 181 23 Pikachu Stamped,https://tcgplayer-cdn.tcgplayer.com/product/219170_200w.jpg,3,2686,https://cpt.tcgcsv.com/qHM2,2022-09-20T15:26:54.22,1,,,0.09,0.25,1.34,0.19,,Normal,045/181,Promo,Lightning,120,Stage 1,"[1L] Raid (30+)
<br>If this Pokémon evolved from Blitzle during this turn, this attack does 90 more damage.",[1LL] Mach Bolt (100),Fx2,1,,M-20
219171,Mewtwo GX - 31/68 (Mewtwo Stamped),Mewtwo GX 31 68 Mewtwo Stamped,https://tcgplayer-cdn.tcgplayer.com/product/219171_200w.jpg,3,2686,https://cpt.tcgcsv.com/rHM2,2022-09-20T14:54:54.603,1,"<em>Pokémon-GX rule — When your Pokémon-GX is Knocked Out, your opponent takes 2 Prize cards.</em>",,2.65,7.69,12.0,5.06,,Holofoil,031/068,Promo,Psychic,180,Basic,[1PP] Super Psy Bolt (110),"<span style=""color:Teal""><strong>[1PP] Psycrush GX (120)</strong>
<br>Discard all Energy from your opponent's Active Pokémon. <em>(You can't use more than 1 GX attack in a game.)</em></span>",Px2,2,,
219172,Espeon - 89/214 (Mewtwo Stamped),Espeon 89 214 Mewtwo Stamped,https://tcgplayer-cdn.tcgplayer.com/product/219172_200w.jpg,3,2686,https://cpt.tcgcsv.com/sHM2,2024-08-12T02:54:14.197,1,,,0.86,1.65,8701.18,1.37,,Normal,089/214,Promo,Psychic,90,Stage 1,"[1] Allure
<br>Draw 3 cards.","[P] Energy Crush (20+)
<br>This attack does 20 more damage times the amount of Energy attached to all of your opponent’s Pokémon.",Px2,1,,
219174,Eevee - 49/68 (Mewtwo Stamped),Eevee 49 68 Mewtwo Stamped,https://tcgplayer-cdn.tcgplayer.com/product/219174_200w.jpg,3,2686,https://cpt.tcgcsv.com/vHM2,2022-09-19T17:51:56.087,1,,,0.2,0.44,1.99,0.44,,Normal,049/068,Promo,Colorless,60,Basic,[1] Gnaw (20),,Fx2,1,,
219175,Toxapex - 97/236 (Mewtwo Stamped),Toxapex 97 236 Mewtwo Stamped,https://tcgplayer-cdn.tcgplayer.com/product/219175_200w.jpg,3,2686,https://cpt.tcgcsv.com/wHM2,2022-09-20T15:24:17.863,1,,,0.03,0.25,1.35,0.23,,Normal,097/236,Promo,Psychic,110,Stage 1,[PP] Spike Shot (70),,Px2,2,,
219176,Mareanie - 105/214 (Mewtwo Stamped),Mareanie 105 214 Mewtwo Stamped,https://tcgplayer-cdn.tcgplayer.com/product/219176_200w.jpg,3,2686,https://cpt.tcgcsv.com/xHM2,2022-09-20T14:50:23.22,1,,,0.02,0.2,1.49,0.14,,Normal,105/214,Promo,Psychic,60,Basic,[1] Peck (10),"[1P] Pin Missile (10x)
<br>Flip 4 coins. This attack does 10 damage for each heads.",Px2,1,,
219177,Mew - 32/68 (Mewtwo Stamped),Mew 32 68 Mewtwo Stamped,https://tcgplayer-cdn.tcgplayer.com/product/219177_200w.jpg,3,2686,https://cpt.tcgcsv.com/zHM2,2022-09-20T14:53:46.443,1,,,0.67,1.86,2.99,1.83,,Normal,032/068,Promo,Psychic,80,Basic,[PP] Psyshot (50),,Px2,1,,
219179,Mesprit - 84/236 (Mewtwo Stamped),Mesprit 84 236 Mewtwo Stamped,https://tcgplayer-cdn.tcgplayer.com/product/219179_200w.jpg,3,2686,https://cpt.tcgcsv.com/CHM2,2022-09-20T14:51:48.463,1,,,0.15,0.24,1.49,0.21,,Normal,084/236,Promo,Psychic,60,Basic,"[P] First Contact
<br>Search your deck for up to 3 Basic Pokémon and put them onto your Bench. Then, shuffle your deck.",[P] Mumble (20),Px2,1,,
219180,Cresselia - 87/236 (Mewtwo Stamped),Cresselia 87 236 Mewtwo Stamped,https://tcgplayer-cdn.tcgplayer.com/product/219180_200w.jpg,3,2686,https://cpt.tcgcsv.com/DHM2,2022-09-19T17:45:29.933,1,,,0.08,0.22,1.5,0.21,,Normal,087/236,Promo,Psychic,130,Basic,"[2P] Aurora Gain (60)
<br>Heal 30 damage from this Pokémon.","[2PP] Luminous Blade (130)
<br>Discard a Psychic Energy from this Pokémon.",Px2,2,,
219182,Snorlax - 50/68 (Mewtwo Stamped),Snorlax 50 68 Mewtwo Stamped,https://tcgplayer-cdn.tcgplayer.com/product/219182_200w.jpg,3,2686,https://cpt.tcgcsv.com/GHM2,2022-09-20T15:18:00.69,1,,,0.48,0.94,2.0,0.93,,Normal,050/068,Promo,Colorless,150,Basic,[4] Incredible Snore (100),,Fx2,3,,
219183,Bug Catcher - 189/236 (Mewtwo Stamped),Bug Catcher 189 236 Mewtwo Stamped,https://tcgplayer-cdn.tcgplayer.com/product/219183_200w.jpg,3,2686,https://cpt.tcgcsv.com/HHM2,2022-09-19T17:31:42.767,1,"Draw 2 cards. Flip a coin. If heads, draw 2 more cards.<br><br> You may play only 1 Supporter card during your turn <em>(before your attack)</em>.",,0.01,0.18,1.49,0.11,,Normal,189/236,Promo,Supporter,,,,,,,,
219184,Cynthia - 119/156 (Mewtwo Stamped),Cynthia 119 156 Mewtwo Stamped,https://tcgplayer-cdn.tcgplayer.com/product/219184_200w.jpg,3,2686,https://cpt.tcgcsv.com/JHM2,2022-09-19T17:48:35.777,1,"Shuffle your hand into your deck. Then, draw 6 cards.<br><br> You may play only 1 Supporter card during your turn <em>(before your attack)</em>.",,0.12,0.47,1.49,0.45,,Normal,119/156,Promo,Supporter,,,,,,,,
219185,Great Ball - 119/149 (Mewtwo Stamped),Great Ball 119 149 Mewtwo Stamped,https://tcgplayer-cdn.tcgplayer.com/product/219185_200w.jpg,3,2686,https://cpt.tcgcsv.com/KHM2,2022-09-19T18:12:07.26,1,Look at the top 7 cards of your deck. You may reveal a Pokémon you find there and put it into your hand. Shuffle the other cards back into your deck.<br><br> You may play as many Item cards as you like during your turn <em>(before your attack)</em>.,,0.02,0.2,1.49,0.18,,Normal,119/149,Promo,Item,,,,,,,,
219186,Hau - 120/149 (Mewtwo Stamped),Hau 120 149 Mewtwo Stamped,https://tcgplayer-cdn.tcgplayer.com/product/219186_200w.jpg,3,2686,https://cpt.tcgcsv.com/LHM2,2022-09-19T18:18:05.067,1,Draw 3 cards.<br><br> You may play only 1 Supporter card during your turn <em>(before your attack)</em>.,,0.01,0.25,1.49,0.24,,Normal,120/149,Promo,Supporter,,,,,,,,
219187,Pokemon Catcher - 126/149 (Mewtwo Stamped),Pokemon Catcher 126 149 Mewtwo Stamped,https://tcgplayer-cdn.tcgplayer.com/product/219187_200w.jpg,3,2686,https://cpt.tcgcsv.com/MHM2,2022-09-20T15:04:01.37,1,"Flip a coin. If heads, switch 1 of your opponent's Benched Pokémon with their Active Pokémon.<br><br> You may play as many Item cards as you like during your turn <em>(before your attack)</em>.",,0.02,0.25,1.49,0.13,,Normal,126/149,Promo,Item,,,,,,,,
219188,Potion - 127/149 (Mewtwo Stamped),Potion 127 149 Mewtwo Stamped,https://tcgplayer-cdn.tcgplayer.com/product/219188_200w.jpg,3,2686,https://cpt.tcgcsv.com/NHM2,2022-09-20T15:09:47.93,1,Heal 30 damage from 1 of your Pokémon.<br><br> You may play as many Item cards as you like during your turn <em>(before your attack)</em>.,,0.01,0.2,1.49,0.07,,Normal,127/149,Promo,Item,,,,,,,,
219189,Switch - 132/149 (Mewtwo Stamped),Switch 132 149 Mewtwo Stamped,https://tcgplayer-cdn.tcgplayer.com/product/219189_200w.jpg,3,2686,https://cpt.tcgcsv.com/PHM2,2022-09-20T15:21:32.203,1,Switch your Active Pokémon with 1 of your Benched Pokémon.<br><br> You may play as many Item cards as you like during your turn <em>(before your attack)</em>.,,0.02,0.2,1.49,0.19,,Normal,132/149,Promo,Item,,,,,,,,
219192,Psychic Energy (Mewtwo Stamped),Psychic Energy Mewtwo Stamped,https://tcgplayer-cdn.tcgplayer.com/product/219192_200w.jpg,3,2686,https://cpt.tcgcsv.com/SHM2,2022-09-20T15:10:14.463,1,,,0.05,0.21,1.49,0.17,,Normal,,Promo,Basic Psychic Energy,,,,,,,,
220079,Hau - 120/149 (#13 Pikachu Stamped),Hau 120 149 13 Pikachu Stamped,https://tcgplayer-cdn.tcgplayer.com/product/220079_200w.jpg,3,2686,https://cpt.tcgcsv.com/C2N2,2022-09-19T18:13:12.197,1,Draw 3 cards.<br><br> You may play only 1 Supporter card during your turn <em>(before your attack)</em>.,,0.05,0.2,1.49,0.14,,Normal,120/149,Promo,Supporter,,,,,,,,
220080,Hau - 120/149 (#33 Pikachu Stamped),Hau 120 149 33 Pikachu Stamped,https://tcgplayer-cdn.tcgplayer.com/product/220080_200w.jpg,3,2686,https://cpt.tcgcsv.com/D2N2,2022-09-19T18:14:23.217,1,Draw 3 cards.<br><br> You may play only 1 Supporter card during your turn <em>(before your attack)</em>.,,0.03,0.22,1.49,0.06,,Normal,120/149,Promo,Supporter,,,,,,,,
220081,Hau - 120/149 (#42 Pikachu Stamped),Hau 120 149 42 Pikachu Stamped,https://tcgplayer-cdn.tcgplayer.com/product/220081_200w.jpg,3,2686,https://cpt.tcgcsv.com/F2N2,2022-09-19T18:17:00.02,1,Draw 3 cards.<br><br> You may play only 1 Supporter card during your turn <em>(before your attack)</em>.,,0.03,0.2,1.51,0.04,,Normal,120/149,Promo,Supporter,,,,,,,,
220082,Hau - 120/149 (#54 Pikachu Stamped),Hau 120 149 54 Pikachu Stamped,https://tcgplayer-cdn.tcgplayer.com/product/220082_200w.jpg,3,2686,https://cpt.tcgcsv.com/G2N2,2022-09-19T18:17:33.19,1,Draw 3 cards.<br><br> You may play only 1 Supporter card during your turn <em>(before your attack)</em>.,,0.01,0.2,1.49,0.02,,Normal,120/149,Promo,Supporter,,,,,,,,
251484,Code Card - Battle Academy Box,Code Card Battle Academy Box,https://tcgplayer-cdn.tcgplayer.com/product/251484_200w.jpg,3,2686,https://cpt.tcgcsv.com/JC03,2022-07-20T19:14:43.84,1,"This listing is <strong>not</strong> a physical item. Please keep in mind that this <strong>Code Card</strong> listing represents a digital copy of the stated item for the Pokémon TCG Online <strong>and/or</strong> the Pokémon TCG Live games. You may receive the physical <strong>Code Card</strong>. Upon purchase, please work with your specific Seller by sending them a message using the <strong>Contact Seller</strong> button on the order details in your <a href=https://store.tcgplayer.com/myaccount/orderhistory>Order History</a> to opt in to having your <strong>Code Card</strong> code delivered digitally due to the nature of the product.",,0.1,1.24,1.49,1.49,,Normal,,Code Card,,,,,,,,,
557054,Jacq - Armarouge 49,Jacq Armarouge 49,https://tcgplayer-cdn.tcgplayer.com/product/557054_200w.jpg,3,2686,https://cpt.tcgcsv.com/6Rs6,2024-06-25T20:17:24.92,1,"Search your deck for up to 2 Evolution Pokemon cards, reveal them, and put them in your hand. Then, shuffle your deck.
<br>
You may play only 1 Supporter card during your turn.",,0.3,0.33,0.99,0.31,,Normal,175/198,Uncommon,Supporter,,,,,,,,
