productId,name,cleanName,imageUrl,categoryId,groupId,url,modifiedOn,imageCount,extNumber,extRarity,extCardType,extHP,extStage,extAttack1,extAttack2,extWeakness,extResistance,extRetreatCost,lowPrice,midPrice,highPrice,marketPrice,directLowPrice,subTypeName,extCardText,extAttack3
197738,Scyther,Scyther,https://tcgplayer-cdn.tcgplayer.com/product/197738_200w.jpg,3,2594,https://cpt.tcgcsv.com/N6C2,2021-12-22T09:59:01.53,1,SV1/SV94,Shiny Holo Rare,Grass,70,Basic,"[1] Twin Play
<br>Search your deck for up to 2 Scyther and put them onto your Bench. Then, shuffle your deck.","[2] Agility (20)
<br>Flip a coin. If heads, prevent all effects of attacks, including damage, done to this Pokémon during your opponent's next turn.",Rx2,None,1,4.35,5.84,19.4,5.6,5.29,Holofoil,,
197739,Rowlet,Rowlet,https://tcgplayer-cdn.tcgplayer.com/product/197739_200w.jpg,3,2594,https://cpt.tcgcsv.com/P6C2,2023-12-30T16:02:48.347,1,SV2/SV94,Shiny Holo Rare,Grass,60,Basic,[1] Tackle (10),[1G] Leafage (20),Rx2,None,1,2.27,3.53,9.99,3.53,4.64,Holofoil,,
197740,Dartrix,Dartrix,https://tcgplayer-cdn.tcgplayer.com/product/197740_200w.jpg,3,2594,https://cpt.tcgcsv.com/Q6C2,2023-01-11T22:03:54.123,1,SV3/SV94,Shiny Holo Rare,Grass,80,Stage 1,"[1] Sharp Blade Quill
<br>This attack does 20 damage to 1 of your opponent's Pokemon. <i>(Don't apply Weakness or Resistance for Benched Pokemon.)</i>","[2G] Leaf Blade (50+)
<br>Flip a coin. If heads, this attack does 20 more damage.",Rx2,None,1,1.0,2.13,5.0,2.0,2.09,Holofoil,,
197741,Wimpod,Wimpod,https://tcgplayer-cdn.tcgplayer.com/product/197741_200w.jpg,3,2594,https://cpt.tcgcsv.com/R6C2,2023-08-26T14:51:46.907,1,SV4/SV94,Shiny Holo Rare,Grass,70,Basic,[2G] Gnaw (30),,Rx2,None,3,0.85,1.96,9.95,1.6,2.07,Holofoil,"<strong>Ability — Wimp Out</strong>
<br>During your first turn, this Pokemon has no Retreat Cost.",
197743,Pheromosa,Pheromosa,https://tcgplayer-cdn.tcgplayer.com/product/197743_200w.jpg,3,2594,https://cpt.tcgcsv.com/T6C2,2021-06-09T13:02:01.86,1,SV5/SV94,Shiny Holo Rare,Grass,110,Basic,[1] High Jump Kick (20),"[2G] White Ray (90+)
<br>If you have only 1 Prize card remaining, this attack does 90 more damage.",Rx2,None,,4.4,7.55,15.95,7.55,9.92,Holofoil,,
197744,Charmander,Charmander,https://tcgplayer-cdn.tcgplayer.com/product/197744_200w.jpg,3,2594,https://cpt.tcgcsv.com/V6C2,2023-11-02T13:51:46.777,1,SV6/SV94,Shiny Holo Rare,Fire,70,Basic,"[1R] Fire Fang (20)
<br>Your opponent's Active Pokémon is now Burned.",,Wx2,None,2,12.49,14.7,74.85,13.75,16.93,Holofoil,,
197745,Charmeleon,Charmeleon,https://tcgplayer-cdn.tcgplayer.com/product/197745_200w.jpg,3,2594,https://cpt.tcgcsv.com/W6C2,2023-06-28T10:34:07.707,1,SV7/SV94,Shiny Holo Rare,Fire,80,Stage 1,"[1RR] Flamethrower (80)
<br>Discard an Energy from this Pokémon.",,Wx2,None,2,5.0,11.92,40.0,9.89,11.98,Holofoil,"<strong>Ability — Burning Fighter</strong>
<br>When you play this Pokémon from your hand to evolve 1 of your Pokémon during your turn, you may discard the top 5 cards of your deck. If any of those cards are Fire Energy cards, attach them to this Pokemon.",
197762,Alolan Vulpix,Alolan Vulpix,https://tcgplayer-cdn.tcgplayer.com/product/197762_200w.jpg,3,2594,https://cpt.tcgcsv.com/g7C2,2024-05-22T08:48:19.083,1,SV8/SV94,Shiny Holo Rare,Water,60,Basic,"[0] Beacon 
<br>Search your deck for up to 2 Pokemon, reveal them, and put them into your hand. Then, shuffle your deck.",,Mx2,None,1,5.95,7.06,14.99,7.11,9.4,Holofoil,,
197763,Wooper,Wooper,https://tcgplayer-cdn.tcgplayer.com/product/197763_200w.jpg,3,2594,https://cpt.tcgcsv.com/h7C2,2022-08-15T12:42:39.357,1,SV9/SV94,Shiny Holo Rare,Water,70,Basic,[1] Ram (10),[1W] Rain Splash (20),Gx2,None,1,9.0,10.95,16.7,10.32,,Holofoil,,
197764,Quagsire,Quagsire,https://tcgplayer-cdn.tcgplayer.com/product/197764_200w.jpg,3,2594,https://cpt.tcgcsv.com/j7C2,2022-07-21T13:58:57.273,1,SV10/SV94,Shiny Holo Rare,Water,120,Stage 1,"[3] Hydro Pump (60+)
<br>This attack does 20 more damage for each Water Energy attached to this Pokemon.",,Gx2,None,2,5.0,7.59,14.99,7.21,8.95,Holofoil,"<strong>Ability — Wash Out</strong>
<br>As often as you like during your turn <em>(before your attack)</em>, you may move a Water Energy from 1 of your Benched Pokemon to your Active Pokemon.",
197765,Froakie,Froakie,https://tcgplayer-cdn.tcgplayer.com/product/197765_200w.jpg,3,2594,https://cpt.tcgcsv.com/k7C2,2022-06-18T11:11:40.553,1,SV11/SV94,Shiny Holo Rare,Water,50,Basic,[2] Flop (20),,Gx2,None,1,2.17,4.21,14.55,4.19,9.66,Holofoil,"<strong>Ability — Frubbles</strong>
<br>If this Pokémon has any Water Energy attached to it, it has no Retreat Cost.",
197766,Frogadier,Frogadier,https://tcgplayer-cdn.tcgplayer.com/product/197766_200w.jpg,3,2594,https://cpt.tcgcsv.com/l7C2,2024-05-26T09:16:12.34,1,SV12/SV94,Shiny Holo Rare,Water,80,Stage 1,[W] Water Drip (20),,Gx2,None,1,2.09,3.1,8.99,3.1,4.69,Holofoil,"<strong>Ability — Gale Shuriken</strong>
<br>When you play this Pokémon from your hand to evolve 1 of your Pokémon during your turn, you may put 2 damage counters on 1 of your opponent's Pokémon.",
197767,Voltorb,Voltorb,https://tcgplayer-cdn.tcgplayer.com/product/197767_200w.jpg,3,2594,https://cpt.tcgcsv.com/m7C2,2019-12-27T16:22:01.67,1,SV13/SV94,Shiny Holo Rare,Lightning,50,Basic,"[1L] Thunder Shock (20)
<br>Flip a coin. If heads, your opponent's Active Pokémon is now Paralyzed.",,Fx2,M-20,1,1.5,2.76,9.99,2.5,2.97,Holofoil,"<strong>Ability — Floating Electrons</strong>
<br>If this Pokémon has any Energy attached to it, it has no Retreat Cost.",
197768,Xurkitree,Xurkitree,https://tcgplayer-cdn.tcgplayer.com/product/197768_200w.jpg,3,2594,https://cpt.tcgcsv.com/n7C2,2022-05-11T15:21:02.523,1,SV14/SV94,Shiny Holo Rare,Lightning,120,Basic,"[L] Dazzle Blast (20)
<br>Your opponent's Active Pokémon is now Confused.","[1LL] Cablegram (100)
<br>If you have exactly 3 Prize cards remaining, your opponent's Active Pokémon is now Paralyzed.",Fx2,M-20,1,2.0,3.24,9.5,3.08,3.32,Holofoil,,
197769,Seviper,Seviper,https://tcgplayer-cdn.tcgplayer.com/product/197769_200w.jpg,3,2594,https://cpt.tcgcsv.com/p7C2,2021-09-14T13:21:17.48,1,SV15/SV94,Shiny Holo Rare,Psychic,100,Basic,"[2P] Venomous Fang (30)
<br>Your opponent's active Pokemon is now Poisoned.",,Px2,None,2,0.99,1.98,9.95,1.77,1.99,Holofoil,"<strong>Ability — More Poison</strong>
<br>Put 1 more damage counter on your opponent's Poisoned Pokemon between turns.",
197770,Leafeon GX,Leafeon GX,https://tcgplayer-cdn.tcgplayer.com/product/197770_200w.jpg,3,2594,https://cpt.tcgcsv.com/q7C2,2019-12-27T16:18:38.81,1,SV46/SV94,Shiny Holo Rare,Grass,200,Stage 1,[2G] Solar Beam (110),"<span style=""color:Teal""><strong>[G] Grand Bloom GX </strong>
<br>For each of your Benched Basic Pokemon, search your deck for a card that evolves from that Pokémon and put it onto that Pokémon to evolve it. Then, shuffle your deck. <em>(You can't use more than 1 GX attack in a game.)</em></span>",Rx2,None,2,50.0,59.98,149.99,57.47,59.97,Holofoil,"<strong>Ability — Breath of the Leaves</strong>
<br>If this Pokémon is your Active Pokemon, once during your turn <em>(before your attack)</em>, you may heal 50 damage from 1 of your Pokemon that has any Energy attached to it.",
197771,Shuppet,Shuppet,https://tcgplayer-cdn.tcgplayer.com/product/197771_200w.jpg,3,2594,https://cpt.tcgcsv.com/r7C2,2024-11-09T11:22:52.67,1,SV16/SV94,Shiny Holo Rare,Psychic,60,Basic,[1] Headbutt (10),[1P] Will-O-Wisp (20),Dx2,F-20,1,1.2,2.49,25.0,1.81,2.49,Holofoil,,
197772,Inkay,Inkay,https://tcgplayer-cdn.tcgplayer.com/product/197772_200w.jpg,3,2594,https://cpt.tcgcsv.com/s7C2,2022-09-15T04:33:44.723,1,SV17/SV94,Shiny Holo Rare,,60,Basic,"[P] Hypnosis
<br>Your opponent's Active Pokémon is now Asleep.",,Px2,None,1,1.0,1.97,7.9,1.69,2.39,Holofoil,,
197773,Malamar,Malamar,https://tcgplayer-cdn.tcgplayer.com/product/197773_200w.jpg,3,2594,https://cpt.tcgcsv.com/t7C2,2019-12-27T16:21:44.63,1,SV18/SV94,Shiny Holo Rare,Psychic,90,Stage 1,[1PP] Psychic Sphere (60),,Px2,None,2,1.52,2.12,20.0,2.01,2.04,Holofoil,"<strong>Ability — Psychic Recharge</strong>
<br>Once during your turn <em>(before your attack)</em>, you may attach a Psychic Energy card from your discard pile to 1 of your Benched Pokémon.",
197774,Decidueye GX,Decidueye GX,https://tcgplayer-cdn.tcgplayer.com/product/197774_200w.jpg,3,2594,https://cpt.tcgcsv.com/v7C2,2022-01-29T20:49:20.56,1,SV47/SV94,Shiny Holo Rare,Grass,240,Stage 2,[2G] Razor Leaf (90),"<strong><span style=""color:teal"">[G] Hollow Hunt GX</strong>
<br>Put 3 cards from your discard pile into your hand. <em>(You can't use more than 1 GX attack in a game.)</em></span>",Rx2,None,2,14.25,18.8,39.68,17.23,16.3,Holofoil,"<strong>Ability — Feather Arrow</strong>
<br>Once during your turn <em>(before your attack)</em>, you may put 2 damage counters on 1 of your opponent's Pokemon.",
197775,Poipole,Poipole,https://tcgplayer-cdn.tcgplayer.com/product/197775_200w.jpg,3,2594,https://cpt.tcgcsv.com/w7C2,2022-08-01T19:06:10.733,1,SV19/SV94,Shiny Holo Rare,Psychic,70,Basic,"[1] Spit Poison 
<br>Your opponent's Active Pokémon is now Poisoned.","[1P] Knockout Reviver 
<br>During your opponent's next turn, if this Pokémon is Knocked Out, your opponent can't take any Prize cards for it.",Px2,None,1,2.25,3.66,10.0,3.71,5.5,Holofoil,,
197776,Golisopod GX,Golisopod GX,https://tcgplayer-cdn.tcgplayer.com/product/197776_200w.jpg,3,2594,https://cpt.tcgcsv.com/x7C2,2019-12-27T16:17:52.847,1,SV48/SV94,Shiny Holo Rare,Grass,210,Stage 1,"[G] First Impression (30+)
<br>If this Pokemon was on the Bench and became your Active Pokemon this turn, this attack does 90 more damage.","[2G] Armor Press (100)
<br>During your opponent's next turn, this Pokemon takes 20 less damage from attacks <em>(after applying Weakness and Resistance)</em>.",Rx2,None,3,4.99,8.95,19.99,7.72,9.6,Holofoil,,"<span style=""color:Teal"">[2G] Crossing Cut GX (150)
<br>Switch this Pokemon with 1 of your Benched Pokemon. <em>(You can't use more than 1 GX attack in a game.)</em></span>"
197777,Sudowoodo,Sudowoodo,https://tcgplayer-cdn.tcgplayer.com/product/197777_200w.jpg,3,2594,https://cpt.tcgcsv.com/z7C2,2024-12-19T11:58:45.16,1,SV20/SV94,Shiny Holo Rare,Fighting,100,Basic,[1F] Rock Throw (40),,Wx2,None,2,1.75,2.84,25.0,2.74,4.98,Holofoil,"<strong>Ability — Roadblock</strong>
<br>Your opponent can't have more than 4 Benched Pokemon. If they have 5 or more Benched Pokemon, they discard Benched Pokemon until they have 4 Pokemon on the Bench. If more than one effect changes the number of Benched Pokemon allowed, use the smaller number.",
197778,Riolu,Riolu,https://tcgplayer-cdn.tcgplayer.com/product/197778_200w.jpg,3,2594,https://cpt.tcgcsv.com/B7C2,2021-10-01T20:06:12.443,1,SV21/SV94,Shiny Holo Rare,Fighting,70,Basic,"[1] Detect
<br>Flip a coin. If heads, prevent all effects of attacks, including damage, done to this Pokemon during your opponent's next turn.",[F] Jab (10),Px2,None,1,4.45,7.57,21.37,6.33,14.99,Holofoil,,
197779,Lucario,Lucario,https://tcgplayer-cdn.tcgplayer.com/product/197779_200w.jpg,3,2594,https://cpt.tcgcsv.com/C7C2,2024-07-31T11:48:48.563,1,SV22/SV94,Shiny Holo Rare,Fighting,110,Stage 1,"[1F] Missile Jab (70)
<br>This attack's damage isn't affected by Resistance.",,Px2,None,1,12.0,13.75,15.99,12.49,,Holofoil,"<strong>Ability — Precognitive Aura</strong>
<br>Once during your turn <em>(before your attack)</em>, if you have Garchomp in play, you may search your deck for a card and put it into your hand. Then, shuffle your deck.",
197780,Charizard GX,Charizard GX,https://tcgplayer-cdn.tcgplayer.com/product/197780_200w.jpg,3,2594,https://cpt.tcgcsv.com/D7C2,2022-10-19T15:25:33.74,1,SV49/SV94,Shiny Holo Rare,Fire,250,Stage 2,[3] Wing Attack (70),"[2RRR] Crimson Storm (300)
<br> Discard 3 Fire Energy from this Pokemon.",Wx2,None,2,475.0,531.77,700.0,515.14,599.99,Holofoil,,"<span style=""color:Teal"">[2R] Raging Out GX
<br>Discard the top 10 cards of your opponent's deck. <em>(You can't use more than 1 GX attack in a game.)</em></span>"
197781,Rockruff,Rockruff,https://tcgplayer-cdn.tcgplayer.com/product/197781_200w.jpg,3,2594,https://cpt.tcgcsv.com/F7C2,2022-07-14T06:19:02.703,1,SV23/SV94,Shiny Holo Rare,Fighting,70,Basic,"[1F] Surprise Attack (50)
<br>Flip a coin. If tails, this attack does nothing.",,Gx2,None,1,1.0,2.73,19.99,2.49,,Holofoil,,
197782,Ho-Oh GX,Ho Oh GX,https://tcgplayer-cdn.tcgplayer.com/product/197782_200w.jpg,3,2594,https://cpt.tcgcsv.com/G7C2,2022-11-30T16:45:37.053,1,SV50/SV94,Shiny Holo Rare,Fire,190,Basic,"[2R] Sacred Fire
<br>This attack does 50 damage to 1 of your opponent's Pokemon. <em>(Don't apply Weakness and Resistance for Benched Pokemon.)</em>","[1RRR] Phoenix Burn (180)
<br>This Pokemon can't use Phoenix Burn during your next turn.",Lx2,F-20,2,28.71,40.95,57.4,32.29,41.9,Holofoil,,"<span style=""color:Teal"">[2R] Eternal Flame GX
<br>Put 3 in any combination of Fire Pokemon-GX or Fire Pokemon-EX from your discard pile onto your Bench. <em>(You can't use more than 1 GX attack in a game.)</em></span>"
197783,Buzzwole,Buzzwole,https://tcgplayer-cdn.tcgplayer.com/product/197783_200w.jpg,3,2594,https://cpt.tcgcsv.com/H7C2,2021-06-09T12:36:29.01,1,SV24/SV94,Shiny Holo Rare,Fighting,130,Basic,"[F] Sledgehammer (30+)
<br>If your opponent has exactly 4 Prize cards remaining, this attack does 90 more damage.","[1FF] Swing Around (80+)
<br>Flip 2 coins. This attack does 20 more damage for each heads.",Px2,None,2,1.99,3.33,9.7,3.34,,Holofoil,,
197784,Zorua,Zorua,https://tcgplayer-cdn.tcgplayer.com/product/197784_200w.jpg,3,2594,https://cpt.tcgcsv.com/J7C2,2022-07-26T04:24:02.133,1,SV25/SV94,Shiny Holo Rare,Darkness,60,Basic,[D] Stampede (10),[2] Ram (20),Fx2,P-20,1,6.27,8.5,29.99,7.96,9.82,Holofoil,,
197785,Reshiram GX,Reshiram GX,https://tcgplayer-cdn.tcgplayer.com/product/197785_200w.jpg,3,2594,https://cpt.tcgcsv.com/K7C2,2022-07-11T04:59:05.527,1,SV51/SV94,Shiny Holo Rare,Fire,180,Basic,"[1] Flame Charge
<br>Search your deck for 2 basic Fire Energy card and attach them to this Pokemon. Then, shuffle your deck.","[1RRR] Scorching Pillar (110)
<br>Your opponent’s Active Pokemon is now Burned.",Wx2,None,2,51.0,66.99,180.0,55.76,52.0,Holofoil,,"<span style=""color:Teal""><strong>[1RRR] Vermilion GX (180)</strong>
<br>You may attach up to 5 Fire Energy from your hand to your Pokemon in any way you like.<em> (You can't use more than 1 GX attack in a game.)</em></span>"
197786,Guzzlord,Guzzlord,https://tcgplayer-cdn.tcgplayer.com/product/197786_200w.jpg,3,2594,https://cpt.tcgcsv.com/L7C2,2019-12-27T16:21:05.047,1,SV26/SV94,Shiny Holo Rare,Darkness,160,Basic,"[DDDD] Lord's Valley (160)
<br>If you have exactly 2, 4, or 6 Prize cards remaining, discard the top 10 cards of your deck.",,Fx2,P-20,4,2.45,3.01,25.0,2.87,,Holofoil,,
197787,Turtonator GX,Turtonator GX,https://tcgplayer-cdn.tcgplayer.com/product/197787_200w.jpg,3,2594,https://cpt.tcgcsv.com/M7C2,2020-12-28T21:05:46.687,1,SV52/SV94,Shiny Holo Rare,Fire,190,Basic,"[2] Shell Trap (20)
<br>During your opponent's next turn, if this Pokemon is damaged by an attack <i>(even if this Pokemon is Knocked Out)</i>, put 8 damage counters on the Attacking Pokemon.","[1RR] Bright Flame (160)
<br>Discard 2 Fire Energy from this Pokemon.",Wx2,None,3,4.99,7.0,20.0,6.64,9.98,Holofoil,,"<b><font color=""teal"">[R] Nitro Tank GX</b>
<br>Attach 5 Fire Energy cards from your discard pile to your Pokemon in any way you like. <i>(You can't use more than 1 GX attack in a game.)</i></font>"
197788,Magnemite,Magnemite,https://tcgplayer-cdn.tcgplayer.com/product/197788_200w.jpg,3,2594,https://cpt.tcgcsv.com/N7C2,2024-07-22T09:26:34.617,1,SV27/SV94,Shiny Holo Rare,Metal,60,Basic,"[1] Searching Magnet
<br>Search your deck for up to 3 Metal Energy cards, reveal them, and put them into your hand. Then, shuffle your deck.",[M] Tackle (10),Rx2,P-20,1,1.13,2.03,9.5,1.98,1.75,Holofoil,,
197789,Alolan Ninetales GX,Alolan Ninetales GX,https://tcgplayer-cdn.tcgplayer.com/product/197789_200w.jpg,3,2594,https://cpt.tcgcsv.com/P7C2,2020-12-28T21:31:30.913,1,SV53/SV94,Shiny Holo Rare,Water,210,Stage 1,"[2] Ice Blade 
<br>This attack does 50 damage to 1 of your opponent's Pokemon. <i>(Don't apply Weakness and Resistance for Benched Pokemon.)</i>","[1WW] Blizzard Edge (160)
<br>Discard 2 Energy from this Pokemon.",Mx2,None,1,31.9,44.18,79.69,35.26,35.26,Holofoil,,"<b><font color=""teal"">[2] Ice Path GX</b>
<br>Move all damage counters from this Pokemon to your opponent's Active Pokemon.<i>(You can't use more than 1 GX attack in a game.)</i></font>"
197790,Magneton,Magneton,https://tcgplayer-cdn.tcgplayer.com/product/197790_200w.jpg,3,2594,https://cpt.tcgcsv.com/Q7C2,2023-06-05T11:45:49.52,1,SV28/SV94,Shiny Holo Rare,Metal,90,Stage 1,[M] Ram (20),"[1MM] Zap Cannon (80)
<br>This Pokemon can't use Zap Cannon during your next turn.",Rx2,P-20,2,1.89,2.99,6.97,2.87,3.97,Holofoil,,
197791,Articuno GX,Articuno GX,https://tcgplayer-cdn.tcgplayer.com/product/197791_200w.jpg,3,2594,https://cpt.tcgcsv.com/R7C2,2022-06-29T13:07:40,1,SV54/SV94,Shiny Holo Rare,Water,170,Basic,[1WW] Ice Wing (130),"<span style=""color:Teal""><strong>[W] Cold Crush GX</strong>
<br>Discard all Energy from both Active Pokémon. <em>(You can't use more than 1 GX attack in a game.)</em></span>",Mx2,None,2,30.95,36.0,88.0,32.98,33.99,Holofoil,"<strong>Ability — Legendary Ascent</strong>
<br>When you play this Pokémon from your hand onto your Bench during your turn, you may switch it with your Active Pokémon. If you do, move any number of Water Energy from your other Pokémon to this Pokémon.",
197792,Magnezone,Magnezone,https://tcgplayer-cdn.tcgplayer.com/product/197792_200w.jpg,3,2594,https://cpt.tcgcsv.com/S7C2,2020-11-22T14:58:58.527,1,SV29/SV94,Shiny Holo Rare,Metal,150,Stage 2,"[1MMM] Zap Cannon (130)
<br>This Pokemon can't use Zap Cannon during your next turn.",,Rx2,P-20,2,1.89,2.75,9.69,2.52,2.99,Holofoil,"<strong>Ability — Magnetic Circuit</strong>
<br>As often as you like during your turn <em>(before your attack)</em>, you may attach a Metal Energy card from your hand to 1 of your Pokemon.",
197793,Beldum,Beldum,https://tcgplayer-cdn.tcgplayer.com/product/197793_200w.jpg,3,2594,https://cpt.tcgcsv.com/T7C2,2021-06-09T12:36:12.11,1,SV30/SV94,Shiny Holo Rare,Metal,60,Basic,"[M] Core Beam (20)
<br>Discard a Metal Energy from this Pokemon.",,Rx2,P-20,1,1.0,2.0,9.95,2.0,2.47,Holofoil,,
197794,Metang,Metang,https://tcgplayer-cdn.tcgplayer.com/product/197794_200w.jpg,3,2594,https://cpt.tcgcsv.com/V7C2,2023-10-27T21:24:56.093,1,SV31/SV94,Shiny Holo Rare,Metal,90,Stage 1,[1] Ram (20),"[1MM] Core Beam (80)
<br>Discard a Metal Energy from this Pokemon.",Rx2,P-20,3,1.74,2.9,9.95,2.76,2.62,Holofoil,,
197795,Glaceon GX,Glaceon GX,https://tcgplayer-cdn.tcgplayer.com/product/197795_200w.jpg,3,2594,https://cpt.tcgcsv.com/W7C2,2019-12-27T16:17:27.337,1,SV55/SV94,Shiny Holo Rare,Water,200,Stage 1,"[2W] Frost Bullet (90)
<br>This attack does 30 damage to 1 of your opponent's Benched Pokemon. <em>(Don't apply Weakness and Resistance for Benched Pokemon.)</em>","<span style=""color:Teal""><strong>[2W] Polar Spear GX (50x)</strong>
<br>This attack does 50 damage for each damage counter on your opponent's Active Pokemon. <em>(You can't use more than 1 GX attack in a game.)</em></span>",Mx2,None,2,34.36,42.97,99.99,39.73,42.97,Holofoil,"<strong>Ability — Freezing Gaze</strong>
<br>As long as this Pokemon is your Active Pokemon, your opponent's Pokemon GX and Pokemon EX in play, in their hand, and in their discard pile have no Abilities, except for Freezing Gaze.",
197796,Celesteela,Celesteela,https://tcgplayer-cdn.tcgplayer.com/product/197796_200w.jpg,3,2594,https://cpt.tcgcsv.com/X7C2,2022-09-15T14:47:20.763,1,SV32/SV94,Shiny Holo Rare,Metal,140,Basic,"[4M] Moonraker (160)
<br>If the total of both players’ remaining Prize cards is 6, this attack’s cost is Metal.",,Lx2,F-20,4,1.64,2.9,9.69,3.7,,Holofoil,,
197797,Greninja GX,Greninja GX,https://tcgplayer-cdn.tcgplayer.com/product/197797_200w.jpg,3,2594,https://cpt.tcgcsv.com/Z7C2,2022-11-25T17:19:48.767,1,SV56/SV94,Shiny Holo Rare,Water,230,Stage 2,"[2W] Haze Slash (110)
<br>You may shuffle this Pokémon and all cards attached to it into your deck.","<span style=""color:Teal""><strong>[2W] Shadowy Hunter GX</strong>
<br>This attack does 130 damage to 1 of your opponent's Benched Pokémon. <em>(Don't apply Weakness and Resistance for Benched Pokémon.) (You can't use more than 1 GX attack in a game.)</em></span>",Gx2,None,2,72.93,92.5,188.0,72.58,80.07,Holofoil,"<strong>Ability — Shuriken Flurry</strong>
<br>When you play this Pokémon from your hand to evolve 1 of your Pokémon during your turn, you may put 3 damage counters on 1 of your opponent's Pokémon.",
197798,Kartana,Kartana,https://tcgplayer-cdn.tcgplayer.com/product/197798_200w.jpg,3,2594,https://cpt.tcgcsv.com/-7C2,2021-11-14T17:43:53.193,1,SV33/SV94,Shiny Holo Rare,Metal,60,Basic,"[MM] Kamikaze (40+)
<br>If your opponent has 6 Prize cards remaining, this attack does 90 more damage.",,Rx2,P-20,1,1.5,2.81,5.28,2.81,,Holofoil,,
197799,Ralts,Ralts,https://tcgplayer-cdn.tcgplayer.com/product/197799_200w.jpg,3,2594,https://cpt.tcgcsv.com/_7C2,2020-08-24T12:03:54.423,1,SV34/SV94,Shiny Holo Rare,Fairy,60,Basic,"[Y] Draining Kiss (10)
<br>Heal 10 damage from this Pokemon.",,Mx2,D-20,1,2.5,3.84,12.0,3.53,5.0,Holofoil,,
197800,Electrode GX,Electrode GX,https://tcgplayer-cdn.tcgplayer.com/product/197800_200w.jpg,3,2594,https://cpt.tcgcsv.com/08C2,2021-06-09T12:38:07.687,1,SV57/SV94,Shiny Holo Rare,Lightning,190,Stage 1,[1L] Electro Ball (50),"<span style=""color:Teal""><strong>[1L] Crush and Burn GX (30+)</strong>
<br>Discard any amount of Energy from your Pokémon. This attack does 50 more damage for each card you discarded in this way.  <em>(You can't use more than 1 GX attack in a game.)</em></span>",Fx2,M-20,1,10.5,13.26,29.99,12.9,11.68,Holofoil,"<strong>Ability — Extra Energy Bomb</strong>
<br>Once during your turn <em>(before your attack)</em>, you may attach 5 Energy cards from your discard pile to your Pokémon, except Pokémon-GX or Pokémon-EX, in any way you like. If you do, this Pokémon is Knocked Out.",
197801,Kirlia,Kirlia,https://tcgplayer-cdn.tcgplayer.com/product/197801_200w.jpg,3,2594,https://cpt.tcgcsv.com/28C2,2023-10-27T21:24:38.62,1,SV35/SV94,Shiny Holo Rare,Fairy,80,Stage 1,[1] Smack (20),[1Y] Magical Shot (30),Mx2,D-20,1,3.38,3.99,8.85,3.9,,Holofoil,,
197802,Diancie,Diancie,https://tcgplayer-cdn.tcgplayer.com/product/197802_200w.jpg,3,2594,https://cpt.tcgcsv.com/38C2,2021-12-31T20:47:46.72,1,SV36/SV94,Shiny Holo Rare,Fairy,90,Basic,"[Y] Sparkling Wish
<br>Search your deck for a card that evolves from 1 of your Pokemon and put it onto that Pokemon to evolve it. Then, shuffle your deck.","[1Y] Diamond Storm (30)
<br>Heal 30 damage from each of your Fairy Pokemon.",Mx2,D-20,1,1.64,2.65,9.0,2.45,3.2,Holofoil,,
197803,Xurkitree GX,Xurkitree GX,https://tcgplayer-cdn.tcgplayer.com/product/197803_200w.jpg,3,2594,https://cpt.tcgcsv.com/58C2,2021-06-09T13:04:26.267,1,SV58/SV94,Shiny Holo Rare,Lightning,180,Basic,"[1LL] Rumbling Waves (100)
<br>Discard the top card of your opponent's deck.","<span style=""color:DarkRed""><strong>[L] Lighting GX</strong>
<br>Your opponent reveals their hand. Add a card you find there to their Prize cards face down. <em>(You can't use more than 1 GX attack in a game.)</em></span>",Fx2,M-20,2,10.05,15.93,34.85,15.4,15.86,Holofoil,"<strong>Ability — Flashing Head</strong>
<br>Prevent all damage done to this Pokemon by attacks from your opponent's Pokemon that have any Special Energy attached to them.",
197804,Altaria,Altaria,https://tcgplayer-cdn.tcgplayer.com/product/197804_200w.jpg,3,2594,https://cpt.tcgcsv.com/68C2,2022-08-13T05:16:12.043,1,SV37/SV94,Shiny Holo Rare,Dragon,80,Stage 1,[2] Pierce (20),,Yx2,None,1,3.0,4.88,9.99,4.19,5.47,Holofoil,"<strong>Ability — Fight Song</strong>
<br>Your Dragon Pokemon’s attacks do 20 more damage to your opponent’s Active Pokemon (before applying Weakness and Resistance).",
197805,Gible,Gible,https://tcgplayer-cdn.tcgplayer.com/product/197805_200w.jpg,3,2594,https://cpt.tcgcsv.com/78C2,2021-06-09T12:39:42.473,1,SV38/SV94,Shiny Holo Rare,Dragon,50,Basic,"[F] Ascension
<br>Search your deck for a card that evolves from this Pokemon and put it onto this Pokemon to evolve it. Then, shuffle your deck.",.,Yx2,None,1,1.99,3.32,8.0,2.93,4.46,Holofoil,,
197806,Mewtwo GX,Mewtwo GX,https://tcgplayer-cdn.tcgplayer.com/product/197806_200w.jpg,3,2594,https://cpt.tcgcsv.com/88C2,2023-04-10T10:58:16.05,1,SV59/SV94,Shiny Holo Rare,Psychic,190,Basic,"[P] Full Burst (30x)
<br>This attack does 30 damage times the amount of Energy attached to this Pokemon.","[1P] Super Absorption (60)
<br>Heal 30 damage from this Pokemon.",Px2,None,1,69.0,99.97,132.29,81.27,99.96,Holofoil,,"<span style=""color:Teal""><strong>[PPP] Psystrike GX (200)</strong>
<br>This attack's damage isn't affected by any effects on your opponent's Active Pokemon. <em>(You can't use more than 1 GX attack in a game.)</em></span>"
197807,Gabite,Gabite,https://tcgplayer-cdn.tcgplayer.com/product/197807_200w.jpg,3,2594,https://cpt.tcgcsv.com/98C2,2019-12-27T16:20:15.373,1,SV39/SV94,Shiny Holo Rare,Dragon,80,Stage 1,"[F] Ascension
<br>Search your deck for a card that evolves from this Pokemon and put it onto this Pokemon to evolve it. Then, shuffle your deck.",[2] Slash (40),Yx2,None,1,1.9,3.11,15.99,3.29,6.46,Holofoil,,
197808,Espeon GX,Espeon GX,https://tcgplayer-cdn.tcgplayer.com/product/197808_200w.jpg,3,2594,https://cpt.tcgcsv.com/b8C2,2021-05-19T12:36:52.653,1,SV60/SV94,Shiny Holo Rare,Psychic,200,Stage 1,"[1] Psybeam (30)
<br>Your opponent's Active Pokemon is now Confused.","[2P] Psychic (60+)
<br>Does 30 more damage for eachEnergy attached to your opponent's Active Pokemon.",Px2,None,1,100.0,122.47,500.0,110.43,,Holofoil,,"<b><font color=""teal"">[2P] Division GX</b>
<br>Put 10 damage counters on your opponent's Pokemon in any way you like. <i>(You can't use more than 1 GX attack in a game.)</i>
</font>"
197809,Garchomp,Garchomp,https://tcgplayer-cdn.tcgplayer.com/product/197809_200w.jpg,3,2594,https://cpt.tcgcsv.com/c8C2,2025-07-15T14:29:55.79,1,SV40/SV94,Shiny Holo Rare,Dragon,150,Stage 2,"[2] Quick Dive 
<br>This attack does 50 damage to 1 of your opponent's Pokemon. <em>(Don't apply Weakness and Resistance for Benched Pokémon)</em>","[2F] Royal Blades (100+)
<br>If you played Cynthia from your hand during this turn, this attack does 100 more damage.",Yx2,None,0,5.4,9.71,19.99,9.25,19.64,Holofoil,,
197810,Banette GX,Banette GX,https://tcgplayer-cdn.tcgplayer.com/product/197810_200w.jpg,3,2594,https://cpt.tcgcsv.com/d8C2,2022-05-22T14:02:08.187,1,SV61/SV94,Shiny Holo Rare,Psychic,190,Stage 1,"[P] Shadow Chant (30+)
<br>This attack does 10 more damage for each Supporter card in your discard pile. You can’t add more than 100 damage in this way.","<span style=""color:Teal""><strong>[P] Tomb Hunter GX</strong>
<br>Put 3 cards from your discard pile into your hand.  <em>(You can't use more than 1 GX attack in a game.)</em></span>",Dx2,F-20,1,6.0,11.82,21.89,9.85,11.9,Holofoil,"<strong>Ability — Shady Move</strong>
<br>Once during your turn <em>(before your attack)</em>, if this Pokemon is your Active Pokemon, you may move 1 damage counter from either player’s Pokemon to another Pokemon (yours or your opponent’s).",
197811,Eevee,Eevee,https://tcgplayer-cdn.tcgplayer.com/product/197811_200w.jpg,3,2594,https://cpt.tcgcsv.com/f8C2,2023-03-21T15:24:36.583,1,SV41/SV94,Shiny Holo Rare,Colorless,60,Basic,"[1] Quick Draw 
<br>Flip a coin. If heads, draw 1 card.",,Fx2,None,2,25.5,34.99,99.99,34.14,38.0,Holofoil,"<strong>Ability — Energy Evolution</strong>
<br>When you attach a basic Energy card from your hand to this Pokémon during your turn, you may search your deck for a card that evolves from this Pokémon that is the same type as that Energy card and put it onto this Pokémon to evolve it. Then, shuffle your deck.",
197812,Nihilego GX,Nihilego GX,https://tcgplayer-cdn.tcgplayer.com/product/197812_200w.jpg,3,2594,https://cpt.tcgcsv.com/g8C2,2024-06-11T15:10:05.593,1,SV62/SV94,Shiny Holo Rare,Psychic,180,Basic,"[PPP] Lock Up (120)
<br>The Defending Pokemon can't retreat during your opponent's next turn.","<span style=""color:DarkRed""><strong>[PPP] Symbiont GX</strong>
<br>Add the top 2 cards of your opponent's deck to their Prize cards.<em> (You can't use more than 1 GX attack in a game.)</em></span>",Px2,None,2,12.74,16.66,317.0,15.85,16.22,Holofoil,"<strong>Ability — Empty Light</strong>
<br>When you play this Pokemon from your hand onto your Bench during your turn, you may leave both Active Pokemon Confused and Poisoned.",
197813,Swablu,Swablu,https://tcgplayer-cdn.tcgplayer.com/product/197813_200w.jpg,3,2594,https://cpt.tcgcsv.com/h8C2,2019-12-27T16:19:02.213,1,SV42/SV94,Shiny Holo Rare,Colorless,50,Basic,"[1] Collect
<br>Draw a card.",[2] Peck (20),Lx2,F-20,1,2.0,3.85,12.0,3.8,4.91,Holofoil,,
197814,Naganadel GX,Naganadel GX,https://tcgplayer-cdn.tcgplayer.com/product/197814_200w.jpg,3,2594,https://cpt.tcgcsv.com/j8C2,2022-04-20T11:14:46.98,1,SV63/SV94,Shiny Holo Rare,Psychic,210,Stage 1,"[1] Beast Raid (20×)
<br>This attack does 20 damage for each of your Ultra Beasts in play.","[2P] Jet Needle (110)
<br>This attack's damage isn't affected by Weakness or Resistance.",Px2,None,1,8.0,10.95,24.89,10.37,10.65,Holofoil,,"<span style=""color:DarkRed""><strong>[3] Stinger GX</strong>
<br>Both players shuffle their Prize cards into their decks. Then, each player puts the top 3 cards of their deck face down as their Prize cards. <em>(You can't use more than 1 GX attack in a game.)</em></span>"
197815,Noibat,Noibat,https://tcgplayer-cdn.tcgplayer.com/product/197815_200w.jpg,3,2594,https://cpt.tcgcsv.com/k8C2,2021-10-15T15:02:10.97,1,SV43/SV94,Shiny Holo Rare,Colorless,50,Basic,"[1] Agility (10)
<br>Flip a coin. If heads, prevent all effects of attacks, including damage, done to this Pokemon during your opponent's next turn.",,Lx2,F-20,1,1.5,2.98,61.97,2.91,61.97,Holofoil,,
197816,Lucario GX,Lucario GX,https://tcgplayer-cdn.tcgplayer.com/product/197816_200w.jpg,3,2594,https://cpt.tcgcsv.com/l8C2,2022-10-01T17:18:12.09,1,SV64/SV94,Shiny Holo Rare,Fighting,210,Stage 1,"[F] Aura Strike: (30+) 
<br>If this Pokemon evolved from Riolu during this turn, this attack does 90 more damage.",[1FF] Cyclone Kick (130),Px2,None,2,19.95,72.46,99.99,60.31,72.46,Holofoil,,"<span style=""color:Teal"">[2] Cantankerous Beatdown GX (30x)
<br>This attack does 30 damage for each damage counter on this Pokemon.<em>(You can't use more than 1 GX attack in a game.)</em></span>"
197817,Oranguru,Oranguru,https://tcgplayer-cdn.tcgplayer.com/product/197817_200w.jpg,3,2594,https://cpt.tcgcsv.com/m8C2,2024-08-28T21:26:37.47,1,SV44/SV94,Shiny Holo Rare,Colorless,120,Basic,"[3] Psychic (60+) 
<br>This attack does 20 more damage for each Energy attached to your opponent's Active Pokemon.",,Fx2,None,2,1.0,1.81,6.95,1.64,2.44,Holofoil,"<strong>Ability — Instruct</strong>
<br>Once during your turn <em>(before your attack)</em>, you may draw cards until you have 3 cards in your hand.",
197818,Zygarde GX,Zygarde GX,https://tcgplayer-cdn.tcgplayer.com/product/197818_200w.jpg,3,2594,https://cpt.tcgcsv.com/n8C2,2025-02-19T14:35:52.36,1,SV65/SV94,Shiny Holo Rare,Fighting,200,Basic,"[2] Cell Connector (50)
<br>Attach 2 Fighting Energy cards from your discard pile to this Pokémon.",[2FF] Land's Wrath (130),Gx2,None,3,38.75,55.89,100.0,29.12,38.75,Holofoil,,"<span style=""color:Teal""><strong>[2FF] Verdict GX (150)</strong>
<br>Prevent all damage done to this Pokémon by attacks from Pokémon-GX and Pokémon-EX during your opponent's next turn. <em>(You can't use more than 1 GX attack in a game.)</em></span>"
197819,Type: Null,Type Null,https://tcgplayer-cdn.tcgplayer.com/product/197819_200w.jpg,3,2594,https://cpt.tcgcsv.com/p8C2,2021-06-09T13:03:49.133,1,SV45/SV94,Shiny Holo Rare,Colorless,110,Basic,"[2] Armor Press (30)
<br>During your opponent's next turn, this Pokemon takes 30 less damage from attacks <em>(after applying Weakness and Resistance)</em>.",[3] Slashing Claw (70),Fx2,None,2,2.0,3.18,4.99,3.12,,Holofoil,,
197820,Lycanroc GX (SV66),Lycanroc GX SV66,https://tcgplayer-cdn.tcgplayer.com/product/197820_200w.jpg,3,2594,https://cpt.tcgcsv.com/q8C2,2022-01-25T18:51:40.263,1,SV66/SV94,Shiny Holo Rare,Fighting,200,Stage 1,[2F] Claw Slash (110),"<strong><span style=""color:teal"">[1F] Dangerous Rogue GX (50x)</strong>
<br>This attack does 50 damage for each of your opponent's Benched Pokemon. <em>(You can't use more than 1 GX attack in a game.)</em></span>",Gx2,None,2,11.0,13.02,24.89,13.02,11.21,Holofoil,"<strong>Ability — Bloodthirsty Eyes</strong>
<br>When you play this Pokemon from your hand to evolve 1 of your Pokemon during your turn, you may switch 1 of your opponent's Benched Pokemon with their Active Pokemon.",
197821,Lycanroc GX (SV67),Lycanroc GX SV67,https://tcgplayer-cdn.tcgplayer.com/product/197821_200w.jpg,3,2594,https://cpt.tcgcsv.com/r8C2,2021-06-09T12:56:05.837,1,SV67/SV94,Shiny Holo Rare,Fighting,200,Stage 1,[2F] Accelerock (120),"<span style=""color:Teal""><strong>[F] Splintered Shards GX (30x)</strong>
<br>This attack does 30 damage for each Energy card in your opponent's discard pile. <em>(You can't use more than 1 GX attack in a game.)</em></span>",Gx2,None,2,11.0,15.11,27.89,14.47,17.23,Holofoil,"<strong>Ability — Twilight Eyes</strong>
<br>When you play this Pokemon from your hand to evolve 1 of your Pokemon during your turn, you may discard an Energy attached to your opponent's Active Pokemon.",
197822,Buzzwole GX,Buzzwole GX,https://tcgplayer-cdn.tcgplayer.com/product/197822_200w.jpg,3,2594,https://cpt.tcgcsv.com/s8C2,2023-10-17T14:44:59.56,1,SV68/SV94,Shiny Holo Rare,Fighting,190,Basic,"[F] Jet Punch (30)
<br>This attack does 30 damage to 1 of your opponent's Benched Pokemon. <em>(Don't apply Weakness and Resistance for Benched Pokemon.)</em>","[FFF] Knuckle Impact (160)
<br>This Pokemon can't attack during your next turn.",Px2,None,2,8.98,13.22,24.95,10.93,11.54,Holofoil,,"<span style=""color:DarkRed""><strong>[FFF] Absorption GX</strong>
<br>This attack does 40 damage for each of your remaining Prize cards.<em> (You can't use more than 1 GX attack in a game.)</em></span>"
197823,Umbreon GX,Umbreon GX,https://tcgplayer-cdn.tcgplayer.com/product/197823_200w.jpg,3,2594,https://cpt.tcgcsv.com/t8C2,2023-02-12T21:17:10.467,1,SV69/SV94,Shiny Holo Rare,Darkness,200,Stage 1,[D] Strafe (30) <br>You may switch this Pokemon with 1 of your Benched Pokemon.,[D2] Shadow Bullet (90) <br>This attack does 30 damage to 1 of your opponent's Benched Pokemon. <i>(Don't apply Weakness or Resistance for Benched Pokemon.)</i>,Fx2,P-20,2,199.0,269.99,1000.0,219.97,279.98,Holofoil,,"<b><font color=""teal"">[D1] Dark Call GX</b>
<br>Discard 2 Energy attached to your opponent's Pokemon in play. <i>(You can't use more than 1 GX attack in a game.)</i></font>"
197824,Darkrai GX,Darkrai GX,https://tcgplayer-cdn.tcgplayer.com/product/197824_200w.jpg,3,2594,https://cpt.tcgcsv.com/v8C2,2021-05-19T12:34:13.683,1,SV70/SV94,Shiny Holo Rare,Darkness,180,Basic,"[1DD] Dark Cleave (130)
<br>This attack's damage isn't affected by Resistance.","<span style=""color:Teal"">[1DD] Dead End GX
<br>If your opponent's Active Pokemon is affected by a Special Condition, that Pokemon is Knocked Out. <em>(You can't use more than 1 GX attack in a game.)</em></span>",Fx2,P-20,2,47.31,66.04,124.89,45.06,69.98,Holofoil,"<strong>Ability — Restoration</strong>
<br> Once during your turn <em>(before your attack)</em>, if this Pokemon is in your discard pile, you may put it onto your Bench. Then, attach a Darkness Energy card from your discard pile to this Pokemon.",
197825,Guzzlord GX,Guzzlord GX,https://tcgplayer-cdn.tcgplayer.com/product/197825_200w.jpg,3,2594,https://cpt.tcgcsv.com/w8C2,2022-07-08T19:35:15.84,1,SV71/SV94,Shiny Holo Rare,Darkness,210,Basic,"[D] Eat Sloppily
<br>Discard the top 5 cards of your deck. If any of those cards are Energy cards, attach them to this Pokemon.",[2DDD] Tyrannical Hole (180),Fx2,P-20,4,10.0,12.98,110.0,11.8,17.97,Holofoil,,"<span style=""color:DarkRed""><strong>[DDDDD] Glutton GX (100)</strong>
<br>If your opponent's Pokemon is Knocked Out by damage from this attack, take 2 more Prize cards.
<em> (You can't use more than 1 GX attack in a game.)</em></span>"
197826,Scizor GX,Scizor GX,https://tcgplayer-cdn.tcgplayer.com/product/197826_200w.jpg,3,2594,https://cpt.tcgcsv.com/x8C2,2019-12-27T16:13:09.217,1,SV72/SV94,Shiny Holo Rare,Metal,210,Stage 1,"[1M] Steel Wing (80)
<br>During your opponent’s next turn, any damage done this Pokemon by attacks is reduced by 30.","<span style=""color:Teal""><strong>[3] Cross Cut GX (100)</strong>
<br>If your opponent’s Active Pokemon is an Evolved Pokemon, this attack does 100 more damage.  <em>(You can't use more than 1 GX attack in a game.)</em></span>",Rx2,P-20,1,57.18,79.96,138.76,54.46,69.99,Holofoil,"<strong>Ability — Danger Perception</strong>
<br>As long as this Pokemon’s remaining HP is 100 or less, this Pokemon’s attacks do 80 more damage to your opponent’s Active Pokemon <em>(before applying Weakness and Resistance)</em>.",
197827,Kartana GX,Kartana GX,https://tcgplayer-cdn.tcgplayer.com/product/197827_200w.jpg,3,2594,https://cpt.tcgcsv.com/z8C2,2024-05-22T12:08:17.527,1,SV73/SV94,Shiny Holo Rare,Metal,170,Basic,"[2M] Gale Blade (70)
<br>You may shuffle this Pokemon and all cards attached to it into your deck.","<span style=""color:DarkRed""><strong>[M] Blade GX</strong>
<br>Take a Prize card.<em> (You can't use more than 1 GX attack in a game.)</em></span>",Rx2,P-20,1,5.3,9.0,21.89,8.53,9.95,Holofoil,"<strong>Ability — Slice Off</strong>
<br>When you play this Pokemon from your hand onto your Bench during your turn, you may discard a Special Energy from your opponent's Pokemon.",
197828,Stakataka GX,Stakataka GX,https://tcgplayer-cdn.tcgplayer.com/product/197828_200w.jpg,3,2594,https://cpt.tcgcsv.com/B8C2,2019-12-27T16:13:02.683,1,SV74/SV94,Shiny Holo Rare,Metal,180,Basic,[1MM] Gigaton Stamp (120),"<span style=""color:DarkRed""><strong>[1MM] Assembly GX (50+)</strong>
<br>This attack does 50 more damage for each Prize card you have taken. <em>(You can't use more than 1 GX attack in a game.)</em></span>",Rx2,P-20,3,7.56,9.09,19.89,9.0,9.0,Holofoil,"<strong>Ability — Ultra Wall</strong>
<br>Any damage done to your Ultra Beasts by an opponent’s attack is reduced by 10 <em>(after applying Weakness and Resistance)</em>.",
197829,Gardevoir GX,Gardevoir GX,https://tcgplayer-cdn.tcgplayer.com/product/197829_200w.jpg,3,2594,https://cpt.tcgcsv.com/C8C2,2021-10-09T12:50:55.303,1,SV75/SV94,Shiny Holo Rare,Fairy,230,Stage 2,"[Y] Infinite Force (30x)
<br>This attack does 30 damage times the amount of Energy attached to both Active Pokemon.","<span style=""color:Teal"">[Y] Twilight GX
<br>Shuffle 10 cards from your discard pile into your deck. <em>(You can't use more than 1 GX attack in a game.)</em></span>",Mx2,D-20,2,38.0,44.99,111.0,39.05,44.98,Holofoil,"<strong>Ability — Secret Spring</strong>
<br> Once during your turn <em>(before your attack)</em>, you may attach a Fairy Energy card from your hand to 1 of your Pokemon.",
197830,Sylveon GX,Sylveon GX,https://tcgplayer-cdn.tcgplayer.com/product/197830_200w.jpg,3,2594,https://cpt.tcgcsv.com/D8C2,2023-02-12T21:17:04.48,1,SV76/SV94,Shiny Holo Rare,Fairy,200,Stage 1,"[Y] Magical Ribbon
<br>Search your deck for up to 3 cards and put them into your hand. Then shuffle your deck.",[2Y] Fairy Wind (110),Mx2,D-20,2,160.0,193.99,205.0,155.7,199.69,Holofoil,,"<b><font color=""teal"">[2Y] Plea GX</b>
<br>Put 2 of your opponent's Benched Pokemon and all cards attached to them into your opponent's hand. <i>(You can't use more than 1 GX attack in a game.)</i></font>"
197831,Altaria GX,Altaria GX,https://tcgplayer-cdn.tcgplayer.com/product/197831_200w.jpg,3,2594,https://cpt.tcgcsv.com/F8C2,2024-12-01T10:50:25.72,1,SV77/SV94,Shiny Holo Rare,Dragon,200,Stage 1,"[1Y] Bright Tone (50)
<br>During your opponent’s next turn, this Pokemon can’t be damaged by attacks from your opponent’s Pokemon-GX and Pokemon-EX.","[1WY] Sonic Edge (110)
<br>This attack’s damage isn’t affected by effects on your opponent’s Active Pokemon.",Yx2,None,1,23.46,30.03,39.99,19.7,23.46,Holofoil,,"<span style=""color:Teal""><strong>[1Y] Euphoria GX</strong>
<br>Your opponent’s Active Pokemon is now Asleep. Heal all damage from all of your Pokemon in play. <em>(You can't use more than 1 GX attack in a game.)</em></span>"
197832,Noivern GX,Noivern GX,https://tcgplayer-cdn.tcgplayer.com/product/197832_200w.jpg,3,2594,https://cpt.tcgcsv.com/G8C2,2021-06-09T13:01:49.24,1,SV78/SV94,Shiny Holo Rare,Dragon,200,Stage 1,"[1D] Distort (50)
<br>Your opponent can't play any Item cards from their hand during their next turn.","[1PD] Sonic Volume (120)
<br>Your opponent can't play any Special Energy cards from their hand during their next turn.",Yx2,None,0,10.3,12.85,19.69,12.81,12.99,Holofoil,,"<span style=""color:Teal"">[1PD] Boomburst GX
<br>This attack does 50 damage to each of your opponent's Pokemon. <em>(Don't apply Weakness and Resistance for Benched Pokemon.) (You can't use more than 1 GX attack in a game.)</em></span>"
197833,Silvally GX,Silvally GX,https://tcgplayer-cdn.tcgplayer.com/product/197833_200w.jpg,3,2594,https://cpt.tcgcsv.com/H8C2,2023-01-13T11:19:40.66,1,SV79/SV94,Shiny Holo Rare,Colorless,210,Stage 1,"[3] Turbo Drive (120)
<br>Attach a basic Energy card from your discard pile to 1 of your Benched Pokemon.","<span style=""color:Teal""><strong>[3] Rebel GX (50x)</strong>
<br>This attack does 50 damage for each of your opponent's Benched Pokemon.<em> (You can't use more than 1 GX attack in a game.)</em></span>",Fx2,None,2,7.69,9.97,24.89,9.72,9.23,Holofoil,"<strong>Ability — Gyro Unit</strong>
<br>Your Basic Pokemon in play have no Retreat Cost.",
197834,Drampa GX,Drampa GX,https://tcgplayer-cdn.tcgplayer.com/product/197834_200w.jpg,3,2594,https://cpt.tcgcsv.com/J8C2,2019-12-27T16:12:23.85,1,SV80/SV94,Shiny Holo Rare,Colorless,180,Basic,"[1] Righteous Edge (20)
<br>Discard a Special Energy from your opponent's Active Pokemon.","[3] Berserk (80+)
<br>If your Benched Pokemon have any damage counters on them, this attack does 70 more damage.",Fx2,None,3,6.0,8.0,24.99,7.21,6.64,Holofoil,,"<b><font color=""teal"">[1] Big Wheel GX</b>
<br>Shuffle your hand into your deck. Then, draw 10 cards. <i>(You can't use more than 1 GX attack in a game.)</i></font>"
197835,Aether Foundation Employee,Aether Foundation Employee,https://tcgplayer-cdn.tcgplayer.com/product/197835_200w.jpg,3,2594,https://cpt.tcgcsv.com/K8C2,2023-01-08T12:16:19.46,1,SV81/SV94,Shiny Holo Rare,Supporter,,,,,,,,8.0,9.63,29.99,8.29,12.96,Holofoil,"Put 3 Pokemon that have ""Alolan"" in their names from your discard pile into your hand.",
197836,Cynthia,Cynthia,https://tcgplayer-cdn.tcgplayer.com/product/197836_200w.jpg,3,2594,https://cpt.tcgcsv.com/L8C2,2022-08-07T08:06:38.167,1,SV82/SV94,Shiny Holo Rare,Supporter,,,,,,,,143.46,175.0,300.0,153.81,148.42,Holofoil,"Shuffle your hand into your deck. Then, draw 6 cards.",
197837,Fisherman,Fisherman,https://tcgplayer-cdn.tcgplayer.com/product/197837_200w.jpg,3,2594,https://cpt.tcgcsv.com/M8C2,2023-01-06T06:27:31.303,1,SV83/SV94,Shiny Holo Rare,Supporter,,,,,,,,2.0,5.0,35.0,4.88,5.94,Holofoil,"You can play only one Supporter card each turn.  When you play this card, put it next to your Active Pokemon.  When your turn ends, discard this card.
<br>
<br>Choose 4 basic Energy cards from your discard pile <em>(if there are fewer basic Energy cards than 4, take all of them)</em>, show them to your opponent, and put them into your hand.",
197838,Guzma,Guzma,https://tcgplayer-cdn.tcgplayer.com/product/197838_200w.jpg,3,2594,https://cpt.tcgcsv.com/N8C2,2022-07-02T14:59:02.163,1,SV84/SV94,Shiny Holo Rare,Supporter,,,,,,,,19.67,22.49,50.89,21.4,24.5,Holofoil,"Switch 1 of your opponent's Benched Pokemon with their Active Pokemon. If you do, switch your Active Pokemon with 1 of your Benched Pokemon.",
197839,Hiker,Hiker,https://tcgplayer-cdn.tcgplayer.com/product/197839_200w.jpg,3,2594,https://cpt.tcgcsv.com/P8C2,2019-12-27T16:11:13.93,1,SV85/SV94,Shiny Holo Rare,Supporter,,,,,,,,2.0,3.5,23.0,3.03,4.45,Holofoil,"Look at the top 5 cards of either your deck or your opponent’s deck and choose 1 card. Shuffle the remaining cards back into that deck, then put the card you chose on top of that deck.",
197840,Lady,Lady,https://tcgplayer-cdn.tcgplayer.com/product/197840_200w.jpg,3,2594,https://cpt.tcgcsv.com/Q8C2,2022-11-14T06:48:36.207,1,SV86/SV94,Shiny Holo Rare,Supporter,,,,,,,,12.0,15.01,39.69,13.95,13.12,Holofoil,"Search your deck for up to 4 basic Energy cards, reveal them, and put them into your hand. Then, shuffle your deck.",
197841,Aether Paradise Conservation Area,Aether Paradise Conservation Area,https://tcgplayer-cdn.tcgplayer.com/product/197841_200w.jpg,3,2594,https://cpt.tcgcsv.com/R8C2,2023-11-26T18:09:33.58,1,SV87/SV94,Shiny Holo Rare,Stadium,,,,,,,,5.89,7.94,19.69,6.94,,Holofoil,Basic Grass Pokemon and Basic Lightning Pokemon <em>(both yours and your opponent's)</em> take 30 less damage from the opponent's attacks <em>(after applying Weakness and Resistance)</em>.,
197842,Brooklet Hill,Brooklet Hill,https://tcgplayer-cdn.tcgplayer.com/product/197842_200w.jpg,3,2594,https://cpt.tcgcsv.com/S8C2,2020-07-07T13:11:53.707,1,SV88/SV94,Shiny Holo Rare,Stadium,,,,,,,,12.0,15.0,34.95,13.14,14.69,Holofoil,"Once during each player's turn, that player may search their deck for a Basic Water Pokemon or Basic Fighting Pokemon, put it onto their Bench, and shuffle their deck.",
197843,Mt. Coronet,Mt Coronet,https://tcgplayer-cdn.tcgplayer.com/product/197843_200w.jpg,3,2594,https://cpt.tcgcsv.com/T8C2,2019-12-27T16:11:03.48,1,SV89/SV94,Shiny Holo Rare,Stadium,,,,,,,,7.99,9.52,19.69,8.32,9.17,Holofoil,"Once during each player's turn, that player may put 2 Metal Energy cards from their discard pile into their hand.",
197844,Shrine of Punishment,Shrine of Punishment,https://tcgplayer-cdn.tcgplayer.com/product/197844_200w.jpg,3,2594,https://cpt.tcgcsv.com/V8C2,2023-01-08T12:14:12.05,1,SV90/SV94,Shiny Holo Rare,Stadium,,,,,,,,3.5,5.3,50.0,5.32,6.65,Holofoil,"Between turns, put 1 damage counter on each Pokemon-GX and Pokemon-EX (both yours and your opponent’s).",
197845,Tapu Bulu GX,Tapu Bulu GX,https://tcgplayer-cdn.tcgplayer.com/product/197845_200w.jpg,3,2594,https://cpt.tcgcsv.com/W8C2,2019-12-27T16:10:45.453,1,SV91/SV94,Shiny Holo Rare,Grass,180,Basic,[G] Horn Attack (30),"[1GG] Nature's Judgment (120+)
<br>You may discard all Energy from this Pokemon. If you do, this attack does 60 more damage.",None,None,3,10.73,13.39,29.89,13.83,,Holofoil,,"<strong><span style=""color:teal"">[1GG] Tapu Wilderness GX (150)</strong>
<br>Heal all damage from this Pokemon. <em>(You can't use more than 1 GX attack in a game.)</em></span>"
197846,Tapu Fini GX,Tapu Fini GX,https://tcgplayer-cdn.tcgplayer.com/product/197846_200w.jpg,3,2594,https://cpt.tcgcsv.com/X8C2,2021-10-09T12:51:46.133,1,SV92/SV94,Shiny Holo Rare,Water,170,Basic,"[1] Aqua Ring (20)
<br>You may switch this Pokemon with 1 of your Benched Pokemon.","[1WW] Hydro Shot
<br>Discard 2 Water Energy from this Pokemon. This attack does 120 damage to 1 of your opponent's Pokemon. <em>(Don't apply Weakness or Resistance for Benched Pokemon.)</em>",None,None,1,18.47,24.47,160.99,18.47,,Holofoil,,"<span style=""color:Teal"">[W] Tapu Storm GX
<br>Shuffle your opponent's Active Pokemon and all cards attached to it into their deck. If your opponent has no Benched Pokemon, this attack does nothing. <em>(You can't use more than 1 GX attack in a game.)</em></span>"
197847,Tapu Koko GX,Tapu Koko GX,https://tcgplayer-cdn.tcgplayer.com/product/197847_200w.jpg,3,2594,https://cpt.tcgcsv.com/Z8C2,2019-12-27T16:07:57.717,1,SV93/SV94,Shiny Holo Rare,Lightning,170,Basic,[1LL] Sky-High Claws (130),"<strong><span style=""color:teal"">[1LL] Tapu Thunder GX (50x)</strong>
<br>This attack does 50 damage times the amount of Energy attached to all of your opponent's Pokemon. <em>(You can't use more than 1 GX attack in a game.)</em></span>",None,None,2,15.83,17.9,34.69,15.99,,Holofoil,"<strong>Ability — Aero Trail</strong>
<br>When you play this Pokemon from your hand onto your Bench during your turn, you may move any number of Lightning Energy from your other Pokemon to this Pokemon. If you do, switch this Pokemon with your Active Pokemon.",
197848,Tapu Lele GX,Tapu Lele GX,https://tcgplayer-cdn.tcgplayer.com/product/197848_200w.jpg,3,2594,https://cpt.tcgcsv.com/-8C2,2023-08-13T13:25:44.117,1,SV94/SV94,Shiny Holo Rare,Psychic,170,Basic,"[2] Energy Drive (20x)
<br>This attack does 20 damage times the amount of Energy attached to both Active Pokemon. This damage isn't affect by Weakness or Resistance.","<strong><span style=""teal"">[P] Tapu Cure GX</strong>
<br>Heal all damage from 2 of your Benched Pokemon. <em>(You can't use more than 1 GX attack in a game.)</em></span>",None,None,1,16.36,21.4,79.99,16.36,,Holofoil,"<strong>Ability — Wonder Tag</strong>
<br>When you play this Pokemon from your hand onto your Bench during your turn, you may search your deck for a Supporter card, reveal it, and put it into your hand. Then, shuffle your deck.",
