productId,name,cleanName,imageUrl,categoryId,groupId,url,modifiedOn,imageCount,extNumber,extRarity,extCardType,extHP,extStage,extAttack1,extAttack2,extWeakness,extResistance,extRetreatCost,lowPrice,midPrice,highPrice,marketPrice,directLowPrice,subTypeName,extCardText
83452,Absol,Absol,https://tcgplayer-cdn.tcgplayer.com/product/83452_200w.jpg,3,1379,https://cpt.tcgcsv.com/3pH,2024-04-11T17:54:54.317,1,18/110,Rare,Darkness,70,Basic,[1] Foresight - Look at the top 5 cards of either player's deck and put them back on top of that player's deck in any order.,[1D] Overrun (10) Choose 1 of your opponent's Benched Pokemon.  This attack does 20 damage to that Pokemon.  (Don't apply Weakness and Resistance for Benched Pokemon.),F,P,1,2.0,4.0,6.38,4.28,,Normal,
83452,Absol,Absol,https://tcgplayer-cdn.tcgplayer.com/product/83452_200w.jpg,3,1379,https://cpt.tcgcsv.com/3pH,2024-04-11T17:54:54.317,1,18/110,Rare,Darkness,70,Basic,[1] Foresight - Look at the top 5 cards of either player's deck and put them back on top of that player's deck in any order.,[1D] Overrun (10) Choose 1 of your opponent's Benched Pokemon.  This attack does 20 damage to that Pokemon.  (Don't apply Weakness and Resistance for Benched Pokemon.),F,P,1,16.8,46.41,48.56,31.93,,Reverse Holofoil,
83472,Aerodactyl (Delta Species),Aerodactyl Delta Species,https://tcgplayer-cdn.tcgplayer.com/product/83472_200w.jpg,3,1379,https://cpt.tcgcsv.com/spH,2024-04-11T17:54:54.35,1,35/110,Uncommon,Fire,70,Stage 1,"[1R] Granite Head (30) During your opponent's next turn, any damage done to Aerodactyl by attacks is reduced by 10 (after applying Weakness and Resistance).",,L,F,0,2.75,4.5,7.65,5.37,,Normal,"Primal Light - Once during your turn (before your attack), you may search your deck for a basic Energy card, show it to your opponent, and put it into your hand.  Shuffle your deck afterward.  This power can't be used if Aerodactyl is affected by a Special Condition.  (Poke-POWER)"
83472,Aerodactyl (Delta Species),Aerodactyl Delta Species,https://tcgplayer-cdn.tcgplayer.com/product/83472_200w.jpg,3,1379,https://cpt.tcgcsv.com/spH,2024-04-11T17:54:54.35,1,35/110,Uncommon,Fire,70,Stage 1,"[1R] Granite Head (30) During your opponent's next turn, any damage done to Aerodactyl by attacks is reduced by 10 (after applying Weakness and Resistance).",,L,F,0,16.2,24.29,32.37,43.49,,Reverse Holofoil,"Primal Light - Once during your turn (before your attack), you may search your deck for a basic Energy card, show it to your opponent, and put it into your hand.  Shuffle your deck afterward.  This power can't be used if Aerodactyl is affected by a Special Condition.  (Poke-POWER)"
83562,Anorith (Delta Species),Anorith Delta Species,https://tcgplayer-cdn.tcgplayer.com/product/83562_200w.jpg,3,1379,https://cpt.tcgcsv.com/grH,2024-04-11T17:54:54.38,1,57/110,Common,Metal,70,Stage 1,[M] Metal Claw (20),"[3] Rising Lunge (30+) Flip a coin.  If heads, this attack does 30 damage plus 20 more damage.",G,,1,0.15,0.51,6.28,0.52,,Normal,
83562,Anorith (Delta Species),Anorith Delta Species,https://tcgplayer-cdn.tcgplayer.com/product/83562_200w.jpg,3,1379,https://cpt.tcgcsv.com/grH,2024-04-11T17:54:54.38,1,57/110,Common,Metal,70,Stage 1,[M] Metal Claw (20),"[3] Rising Lunge (30+) Flip a coin.  If heads, this attack does 30 damage plus 20 more damage.",G,,1,3.99,4.05,12.99,12.44,,Reverse Holofoil,
83622,Armaldo (Delta Species),Armaldo Delta Species,https://tcgplayer-cdn.tcgplayer.com/product/83622_200w.jpg,3,1379,https://cpt.tcgcsv.com/ssH,2024-04-11T17:54:54.427,1,1/110,Holo Rare,Fighting Metal,110,Stage 2,"[1M] Delta Edge (70) If you have any supporter cards in play, this attack's base damage is 20 instead of 70.","[2F] Fossil Charge (50) You may discard a Claw Fossil, Mysterious Fossil, Root Fossil, or Holon Fossil from your hand.  If you do, choose 1 of your opponent's Benched Pokemon and do 30 damage to that Pokemon.  (Don't apply Weakness and Resistance for Benched Pokemon.)",G,,3,8.59,11.07,99.99,12.31,,Holofoil,
83622,Armaldo (Delta Species),Armaldo Delta Species,https://tcgplayer-cdn.tcgplayer.com/product/83622_200w.jpg,3,1379,https://cpt.tcgcsv.com/ssH,2024-04-11T17:54:54.427,1,1/110,Holo Rare,Fighting Metal,110,Stage 2,"[1M] Delta Edge (70) If you have any supporter cards in play, this attack's base damage is 20 instead of 70.","[2F] Fossil Charge (50) You may discard a Claw Fossil, Mysterious Fossil, Root Fossil, or Holon Fossil from your hand.  If you do, choose 1 of your opponent's Benched Pokemon and do 30 damage to that Pokemon.  (Don't apply Weakness and Resistance for Benched Pokemon.)",G,,3,24.51,67.76,111.0,31.25,,Reverse Holofoil,
83633,Aron,Aron,https://tcgplayer-cdn.tcgplayer.com/product/83633_200w.jpg,3,1379,https://cpt.tcgcsv.com/HsH,2024-04-11T17:54:54.46,1,58/110,Common,Metal,40,Basic,[1] Mud Slap (10),[1M] Metal Claw (20),R,G,1,0.12,0.35,1.99,0.55,0.2,Normal,
83633,Aron,Aron,https://tcgplayer-cdn.tcgplayer.com/product/83633_200w.jpg,3,1379,https://cpt.tcgcsv.com/HsH,2024-04-11T17:54:54.46,1,58/110,Common,Metal,40,Basic,[1] Mud Slap (10),[1M] Metal Claw (20),R,G,1,4.47,5.22,9.99,5.4,,Reverse Holofoil,
83714,Baltoy,Baltoy,https://tcgplayer-cdn.tcgplayer.com/product/83714_200w.jpg,3,1379,https://cpt.tcgcsv.com/jvH,2024-04-11T17:54:54.51,1,59/110,Common,Psychic,50,Basic,[1] Ram (10),[1P] Doubleslap (20x) Flip 2 coins.  This attack does 20 damage times the number of heads.,P,,1,0.08,0.25,1.99,0.22,0.13,Normal,
83714,Baltoy,Baltoy,https://tcgplayer-cdn.tcgplayer.com/product/83714_200w.jpg,3,1379,https://cpt.tcgcsv.com/jvH,2024-04-11T17:54:54.51,1,59/110,Common,Psychic,50,Basic,[1] Ram (10),[1P] Doubleslap (20x) Flip 2 coins.  This attack does 20 damage times the number of heads.,P,,1,2.2,2.65,14.99,2.79,,Reverse Holofoil,
83728,Barboach,Barboach,https://tcgplayer-cdn.tcgplayer.com/product/83728_200w.jpg,3,1379,https://cpt.tcgcsv.com/BvH,2024-04-11T17:54:54.577,1,60/110,Common,Fighting,50,Basic,[1] Waterfall (10),[F] Flail (10x) Does 10 damage times the number of damage counters on Barboach.,G,,1,0.04,0.25,1.99,0.24,0.2,Normal,
83728,Barboach,Barboach,https://tcgplayer-cdn.tcgplayer.com/product/83728_200w.jpg,3,1379,https://cpt.tcgcsv.com/BvH,2024-04-11T17:54:54.577,1,60/110,Common,Fighting,50,Basic,[1] Waterfall (10),[F] Flail (10x) Does 10 damage times the number of damage counters on Barboach.,G,,1,2.22,3.0,5.23,2.8,,Reverse Holofoil,
83803,Bellossom (Delta Species),Bellossom Delta Species,https://tcgplayer-cdn.tcgplayer.com/product/83803_200w.jpg,3,1379,https://cpt.tcgcsv.com/5xH,2024-04-11T17:54:54.657,1,19/110,Rare,Water,100,Stage 2,"[1W] Aqua Flower (40) During your opponent's next turn, Bellossom has no Weakness.",,R,G,1,2.48,3.0,4.99,2.74,,Normal,"Fellowship - Bellossom can use the attacks of all Oddish, Gloom, Vileplume, Vileplume ex, or other Bellossom you have in play as its own.  (You still need all the necessary Energy to use each attack.)  (Poke-BODY)"
83803,Bellossom (Delta Species),Bellossom Delta Species,https://tcgplayer-cdn.tcgplayer.com/product/83803_200w.jpg,3,1379,https://cpt.tcgcsv.com/5xH,2024-04-11T17:54:54.657,1,19/110,Rare,Water,100,Stage 2,"[1W] Aqua Flower (40) During your opponent's next turn, Bellossom has no Weakness.",,R,G,1,12.0,14.99,15.99,17.11,,Reverse Holofoil,"Fellowship - Bellossom can use the attacks of all Oddish, Gloom, Vileplume, Vileplume ex, or other Bellossom you have in play as its own.  (You still need all the necessary Energy to use each attack.)  (Poke-BODY)"
83907,Blaziken,Blaziken,https://tcgplayer-cdn.tcgplayer.com/product/83907_200w.jpg,3,1379,https://cpt.tcgcsv.com/9BH,2024-04-11T17:54:54.72,1,20/110,Rare,Fire,100,Stage 2,[R] Combustion (30),"[1RR] Blaze Kick (40+) Flip a coin.  If heads, this attack does 40 damage plus 20 more damage.  If tails, the Defending Pokemon is Burned.",W,,2,1.25,2.8,7.99,2.98,,Normal,
83907,Blaziken,Blaziken,https://tcgplayer-cdn.tcgplayer.com/product/83907_200w.jpg,3,1379,https://cpt.tcgcsv.com/9BH,2024-04-11T17:54:54.72,1,20/110,Rare,Fire,100,Stage 2,[R] Combustion (30),"[1RR] Blaze Kick (40+) Flip a coin.  If heads, this attack does 40 damage plus 20 more damage.  If tails, the Defending Pokemon is Burned.",W,,2,16.97,40.0,69.69,22.28,,Reverse Holofoil,
84091,Camerupt,Camerupt,https://tcgplayer-cdn.tcgplayer.com/product/84091_200w.jpg,3,1379,https://cpt.tcgcsv.com/RFH,2024-04-11T17:54:54.797,1,36/110,Uncommon,Fire,90,Stage 1,[2] Magnitude (20) Does 10 damage to each Benched Pokemon (both yours and your opponent's).  (Don't apply Weakness and Resistance for Benched Pokemon.),[2R] Take Down (60) Camerupt does 10 damage to itself.,W,,2,0.2,0.55,1.99,0.55,,Normal,
84091,Camerupt,Camerupt,https://tcgplayer-cdn.tcgplayer.com/product/84091_200w.jpg,3,1379,https://cpt.tcgcsv.com/RFH,2024-04-11T17:54:54.797,1,36/110,Uncommon,Fire,90,Stage 1,[2] Magnitude (20) Does 10 damage to each Benched Pokemon (both yours and your opponent's).  (Don't apply Weakness and Resistance for Benched Pokemon.),[2R] Take Down (60) Camerupt does 10 damage to itself.,W,,2,4.2,5.13,8.06,5.41,,Reverse Holofoil,
84118,Carvanha (Delta Species),Carvanha Delta Species,https://tcgplayer-cdn.tcgplayer.com/product/84118_200w.jpg,3,1379,https://cpt.tcgcsv.com/nGH,2024-04-11T17:54:54.86,1,61/110,Common,Fighting,40,Basic,[1] Bite (10),"[1F] Reckless Charge (30) Flip a coin.  If tails, Carvanha does 10 damage to itself.",L,,1,0.05,0.35,5.0,0.35,0.2,Normal,
84118,Carvanha (Delta Species),Carvanha Delta Species,https://tcgplayer-cdn.tcgplayer.com/product/84118_200w.jpg,3,1379,https://cpt.tcgcsv.com/nGH,2024-04-11T17:54:54.86,1,61/110,Common,Fighting,40,Basic,[1] Bite (10),"[1F] Reckless Charge (30) Flip a coin.  If tails, Carvanha does 10 damage to itself.",L,,1,5.45,8.5,9.58,9.0,,Reverse Holofoil,
84297,Chimecho (Delta Species),Chimecho Delta Species,https://tcgplayer-cdn.tcgplayer.com/product/84297_200w.jpg,3,1379,https://cpt.tcgcsv.com/ZKH,2024-04-11T17:54:54.97,1,37/110,Uncommon,Metal,60,Basic,[2] Hook (20),,P,,1,0.74,1.21,1.99,1.21,,Normal,"Delta Support - Once during your turn (before your attack), if you have a Supporter card with Holon in its name in play, you may search your discard pile for a basic Energy card or a Delta Species Rainbow Energy card, show it to your opponent, and put it into your hand.  This power can't be used if Chimecho is affected by a Special Condition.  (Poke-POWER)"
84297,Chimecho (Delta Species),Chimecho Delta Species,https://tcgplayer-cdn.tcgplayer.com/product/84297_200w.jpg,3,1379,https://cpt.tcgcsv.com/ZKH,2024-04-11T17:54:54.97,1,37/110,Uncommon,Metal,60,Basic,[2] Hook (20),,P,,1,14.89,17.19,19.99,11.6,,Reverse Holofoil,"Delta Support - Once during your turn (before your attack), if you have a Supporter card with Holon in its name in play, you may search your discard pile for a basic Energy card or a Delta Species Rainbow Energy card, show it to your opponent, and put it into your hand.  This power can't be used if Chimecho is affected by a Special Condition.  (Poke-POWER)"
84330,Claw Fossil,Claw Fossil,https://tcgplayer-cdn.tcgplayer.com/product/84330_200w.jpg,3,1379,https://cpt.tcgcsv.com/DLH,2024-04-11T17:54:55.017,1,91/110,Common,Item,40,Item,,,,,,0.1,0.25,2.21,0.24,0.18,Normal,"Play Claw Fossil as if it were a Basic Pokemon.  While in play, Claw Fossil counts as a C Pokemon (as well as a Trainer card).  Claw Fossil has no attacks of its own, can't retreat, and can't be affected by any Special Conditions.  If Claw Fossil is Knocked Out, it doesn't count as a Knocked Out Pokemon.  (Discard it anyway.) At any time during your turn before your attack, you may discard Claw Fossil from play.

<br>
<br><b>Poke-BODY</b> Jagged Stone  
<br>If Claw Fossil is your Active Pokemon and is damaged by an opponent's attack (even if Claw Fossil is Knocked Out), put 1 damage counter on the Attacking Pokemon."
84330,Claw Fossil,Claw Fossil,https://tcgplayer-cdn.tcgplayer.com/product/84330_200w.jpg,3,1379,https://cpt.tcgcsv.com/DLH,2024-04-11T17:54:55.017,1,91/110,Common,Item,40,Item,,,,,,1.86,4.98,18.97,3.99,,Reverse Holofoil,"Play Claw Fossil as if it were a Basic Pokemon.  While in play, Claw Fossil counts as a C Pokemon (as well as a Trainer card).  Claw Fossil has no attacks of its own, can't retreat, and can't be affected by any Special Conditions.  If Claw Fossil is Knocked Out, it doesn't count as a Knocked Out Pokemon.  (Discard it anyway.) At any time during your turn before your attack, you may discard Claw Fossil from play.

<br>
<br><b>Poke-BODY</b> Jagged Stone  
<br>If Claw Fossil is your Active Pokemon and is damaged by an opponent's attack (even if Claw Fossil is Knocked Out), put 1 damage counter on the Attacking Pokemon."
84336,Claydol,Claydol,https://tcgplayer-cdn.tcgplayer.com/product/84336_200w.jpg,3,1379,https://cpt.tcgcsv.com/LLH,2024-04-11T17:54:55.077,1,38/110,Uncommon,Psychic,80,Stage 1,"[1] Wide Laser 
<br>Does 10 damage to each of your opponent's Pokemon.  <i>(Don't apply Weakness and Resistance for Benched Pokemon.)</i>","[2P] Hyper Beam (40) 
<br>Flip a coin.  If heads, discard an Energy card attached to the Defending Pokemon.",P,,1,0.07,0.43,1.99,0.4,0.2,Normal,
84336,Claydol,Claydol,https://tcgplayer-cdn.tcgplayer.com/product/84336_200w.jpg,3,1379,https://cpt.tcgcsv.com/LLH,2024-04-11T17:54:55.077,1,38/110,Uncommon,Psychic,80,Stage 1,"[1] Wide Laser 
<br>Does 10 damage to each of your opponent's Pokemon.  <i>(Don't apply Weakness and Resistance for Benched Pokemon.)</i>","[2P] Hyper Beam (40) 
<br>Flip a coin.  If heads, discard an Energy card attached to the Defending Pokemon.",P,,1,3.09,5.49,13.0,5.85,,Reverse Holofoil,
84406,Combusken,Combusken,https://tcgplayer-cdn.tcgplayer.com/product/84406_200w.jpg,3,1379,https://cpt.tcgcsv.com/8NH,2024-04-11T17:54:55.123,1,39/110,Uncommon,Fire,70,Stage 1,[2] Slash (20),"[2R] Super Singe (40) 
<br>The Defending Pokemon is now Burned.",Wx2,None,1,0.23,0.69,1.99,0.71,,Normal,
84406,Combusken,Combusken,https://tcgplayer-cdn.tcgplayer.com/product/84406_200w.jpg,3,1379,https://cpt.tcgcsv.com/8NH,2024-04-11T17:54:55.123,1,39/110,Uncommon,Fire,70,Stage 1,[2] Slash (20),"[2R] Super Singe (40) 
<br>The Defending Pokemon is now Burned.",Wx2,None,1,11.47,13.1,14.11,13.19,,Reverse Holofoil,
84433,Corphish - 062/110,Corphish 062 110,https://tcgplayer-cdn.tcgplayer.com/product/84433_200w.jpg,3,1379,https://cpt.tcgcsv.com/HNH,2024-04-11T17:54:55.18,1,62/110,Common,Water,50,Basic,[1] Corkscrew Punch (10),[3] Guillotine (30),L,,1,0.1,0.25,1.99,0.26,,Normal,
84433,Corphish - 062/110,Corphish 062 110,https://tcgplayer-cdn.tcgplayer.com/product/84433_200w.jpg,3,1379,https://cpt.tcgcsv.com/HNH,2024-04-11T17:54:55.18,1,62/110,Common,Water,50,Basic,[1] Corkscrew Punch (10),[3] Guillotine (30),L,,1,4.2,6.99,9.98,5.78,,Reverse Holofoil,
84434,Corphish - 063/110,Corphish 063 110,https://tcgplayer-cdn.tcgplayer.com/product/84434_200w.jpg,3,1379,https://cpt.tcgcsv.com/JNH,2024-04-11T17:54:55.223,1,63/110,Common,Water,40,Basic,"[1] Flail (10x) 
<br>Does 10 damage times the number of damage counters on Corphish.",[W] Crabhammer (10),L,,1,0.15,0.3,1.99,0.28,,Normal,
84434,Corphish - 063/110,Corphish 063 110,https://tcgplayer-cdn.tcgplayer.com/product/84434_200w.jpg,3,1379,https://cpt.tcgcsv.com/JNH,2024-04-11T17:54:55.223,1,63/110,Common,Water,40,Basic,"[1] Flail (10x) 
<br>Does 10 damage times the number of damage counters on Corphish.",[W] Crabhammer (10),L,,1,4.84,5.37,5.52,4.44,,Reverse Holofoil,
84456,Cradily (Delta Species),Cradily Delta Species,https://tcgplayer-cdn.tcgplayer.com/product/84456_200w.jpg,3,1379,https://cpt.tcgcsv.com/8PH,2024-04-11T17:54:55.263,1,2/110,Holo Rare,Darkness Metal,100,Stage 2,"[1D] Harsh Fluid (20) 
<br>Put 5 damage counters on the Defending Pokemon at the end of your opponent's next turn.","[2M] Poison Tentacles (50) 
<br>The Defending Pokemon is now Poisoned.",Rx2,None,2,7.0,12.0,49.99,8.83,8.07,Holofoil,
84456,Cradily (Delta Species),Cradily Delta Species,https://tcgplayer-cdn.tcgplayer.com/product/84456_200w.jpg,3,1379,https://cpt.tcgcsv.com/8PH,2024-04-11T17:54:55.263,1,2/110,Holo Rare,Darkness Metal,100,Stage 2,"[1D] Harsh Fluid (20) 
<br>Put 5 damage counters on the Defending Pokemon at the end of your opponent's next turn.","[2M] Poison Tentacles (50) 
<br>The Defending Pokemon is now Poisoned.",Rx2,None,2,8.96,10.06,39.97,20.0,,Reverse Holofoil,
84465,Crawdaunt ex,Crawdaunt ex,https://tcgplayer-cdn.tcgplayer.com/product/84465_200w.jpg,3,1379,https://cpt.tcgcsv.com/kPH,2024-04-11T17:54:55.307,1,99/110,Ultra Rare,Water,110,Stage 1,"[1W] Power Blow (20x) 
<br>Does 20 damage times the amount of Energy attached to Crawdaunt ex.",,Lx2,None,2,21.9,34.61,66.0,50.25,,Holofoil,"<b>Poke-POWER</b> Splash Back
<br>Once during your turn (before your attack), if your opponent has 4 or more Benched Pokemon, you may choose 1 of them and return that Pokemon and all cards attached to it to his or her hand.  This power can't be used if Crawdaunt ex is affected by a Special Condition."
84629,Dark Metal Energy,Dark Metal Energy,https://tcgplayer-cdn.tcgplayer.com/product/84629_200w.jpg,3,1379,https://cpt.tcgcsv.com/CSH,2024-04-11T17:54:55.387,1,97/110,Uncommon,Special Energy,0,,,,,,,1.22,2.0,3.3,2.01,,Normal,"Attach Dark Metal Energy to 1 of your Pokemon.  While in play, Dark Metal Energy provides D Energy and M Energy, but provides only 1 Energy at a time. <em> (Doesn't count as a basic Energy card when not in play and has no effect other than providing Energy.)</em>"
84629,Dark Metal Energy,Dark Metal Energy,https://tcgplayer-cdn.tcgplayer.com/product/84629_200w.jpg,3,1379,https://cpt.tcgcsv.com/CSH,2024-04-11T17:54:55.387,1,97/110,Uncommon,Special Energy,0,,,,,,,11.5,13.24,999.0,11.65,,Reverse Holofoil,"Attach Dark Metal Energy to 1 of your Pokemon.  While in play, Dark Metal Energy provides D Energy and M Energy, but provides only 1 Energy at a time. <em> (Doesn't count as a basic Energy card when not in play and has no effect other than providing Energy.)</em>"
84687,Darkness Energy (Special),Darkness Energy Special,https://tcgplayer-cdn.tcgplayer.com/product/84687_200w.jpg,3,1379,https://cpt.tcgcsv.com/MTH,2024-04-11T17:54:55.523,1,94/110,Rare,Energy,0,Special Energy,"If the Pokemon Darkness Energy is attached to attacks, the attack does 10 more damage to the Active Pokemon (before applying Weakness and Resistance).  Ignore this effect unless the Attacking Pokemon is D or has Dark in its name.  Darkness Energy provides D Energy.  (Doesn't count as a basic Energy card.)",,,,,0.73,1.29,10.38,1.49,,Normal,
84687,Darkness Energy (Special),Darkness Energy Special,https://tcgplayer-cdn.tcgplayer.com/product/84687_200w.jpg,3,1379,https://cpt.tcgcsv.com/MTH,2024-04-11T17:54:55.523,1,94/110,Rare,Energy,0,Special Energy,"If the Pokemon Darkness Energy is attached to attacks, the attack does 10 more damage to the Active Pokemon (before applying Weakness and Resistance).  Ignore this effect unless the Attacking Pokemon is D or has Dark in its name.  Darkness Energy provides D Energy.  (Doesn't count as a basic Energy card.)",,,,,3.7,5.88,14.99,4.89,,Reverse Holofoil,
84754,Delta Rainbow Energy,Delta Rainbow Energy,https://tcgplayer-cdn.tcgplayer.com/product/84754_200w.jpg,3,1379,https://cpt.tcgcsv.com/6WH,2024-04-11T17:54:55.687,1,98/110,Uncommon,Special Energy,,,,,,,,0.4,0.86,4.64,1.07,,Normal,"Delta Species Rainbow Energy provides Colorless Energy.  While attached to a Pokemon that has Delta Species on its card, Delta Species Rainbow Energy provides every type of Energy but provides only 1 Energy at a time.  <em>(Has no effect other than providing Energy.)</em>"
84754,Delta Rainbow Energy,Delta Rainbow Energy,https://tcgplayer-cdn.tcgplayer.com/product/84754_200w.jpg,3,1379,https://cpt.tcgcsv.com/6WH,2024-04-11T17:54:55.687,1,98/110,Uncommon,Special Energy,,,,,,,,9.4,12.5,23.03,15.12,,Reverse Holofoil,"Delta Species Rainbow Energy provides Colorless Energy.  While attached to a Pokemon that has Delta Species on its card, Delta Species Rainbow Energy provides every type of Energy but provides only 1 Energy at a time.  <em>(Has no effect other than providing Energy.)</em>"
84760,Deoxys (Delta Species - Attack Forme),Deoxys Delta Species Attack Forme,https://tcgplayer-cdn.tcgplayer.com/product/84760_200w.jpg,3,1379,https://cpt.tcgcsv.com/dWH,2024-04-11T17:54:55.733,1,3/110,Holo Rare,Darkness,70,Basic,"[2D] Energy Loop (60) 
<br>Return 2 Energy attached to Deoxys to your hand.",,Px2,None,1,35.0,37.68,78.99,44.0,,Holofoil,"<b>Poke-POWER</b> Form Change 
<br>Once during your turn (before your attack), you may search your deck for another Deoxys and switch it with Deoxys. <em> (Any cards attached to Deoxys, damage counters, Special Conditions, and effects on it are now on the new Pokemon.) </em> If you do, put Deoxys on top of your deck.  Shuffle your deck afterward.  You can't use more than 1 Form Change Poke-Power each turn."
84760,Deoxys (Delta Species - Attack Forme),Deoxys Delta Species Attack Forme,https://tcgplayer-cdn.tcgplayer.com/product/84760_200w.jpg,3,1379,https://cpt.tcgcsv.com/dWH,2024-04-11T17:54:55.733,1,3/110,Holo Rare,Darkness,70,Basic,"[2D] Energy Loop (60) 
<br>Return 2 Energy attached to Deoxys to your hand.",,Px2,None,1,31.29,54.99,149.99,97.92,,Reverse Holofoil,"<b>Poke-POWER</b> Form Change 
<br>Once during your turn (before your attack), you may search your deck for another Deoxys and switch it with Deoxys. <em> (Any cards attached to Deoxys, damage counters, Special Conditions, and effects on it are now on the new Pokemon.) </em> If you do, put Deoxys on top of your deck.  Shuffle your deck afterward.  You can't use more than 1 Form Change Poke-Power each turn."
84762,Deoxys (Delta Species - Defense Forme),Deoxys Delta Species Defense Forme,https://tcgplayer-cdn.tcgplayer.com/product/84762_200w.jpg,3,1379,https://cpt.tcgcsv.com/gWH,2024-04-11T17:54:55.78,1,4/110,Holo Rare,Metal,70,Basic,"[1M] Delta Reduction (30) 
<br>During your opponent's next turn, any damage done to Deoxys by attacks is reduced by 30 (before applying Weakness and Resistance).",,P,,2,34.3,40.78,42.81,24.1,,Holofoil,"<b>Poke-POWER</b> Form Change
<br>Once during your turn <em>(before your attack)</em>, you may search your deck for another Deoxys and switch it with Deoxys.  <em>(Any cards attached to Deoxys, damage counters, Special Conditions, and effects on it are now on the new Pokemon.)</em>  If you do, put Deoxys on top of your deck.  Shuffle your deck afterward.  You can't use more than 1 Form Change Poke-Power each turn."
84762,Deoxys (Delta Species - Defense Forme),Deoxys Delta Species Defense Forme,https://tcgplayer-cdn.tcgplayer.com/product/84762_200w.jpg,3,1379,https://cpt.tcgcsv.com/gWH,2024-04-11T17:54:55.78,1,4/110,Holo Rare,Metal,70,Basic,"[1M] Delta Reduction (30) 
<br>During your opponent's next turn, any damage done to Deoxys by attacks is reduced by 30 (before applying Weakness and Resistance).",,P,,2,39.99,59.84,279.99,40.75,,Reverse Holofoil,"<b>Poke-POWER</b> Form Change
<br>Once during your turn <em>(before your attack)</em>, you may search your deck for another Deoxys and switch it with Deoxys.  <em>(Any cards attached to Deoxys, damage counters, Special Conditions, and effects on it are now on the new Pokemon.)</em>  If you do, put Deoxys on top of your deck.  Shuffle your deck afterward.  You can't use more than 1 Form Change Poke-Power each turn."
84764,Deoxys (Delta Species - Normal Forme),Deoxys Delta Species Normal Forme,https://tcgplayer-cdn.tcgplayer.com/product/84764_200w.jpg,3,1379,https://cpt.tcgcsv.com/jWH,2024-04-11T17:54:55.843,1,5/110,Holo Rare,Colorless,70,Basic,"[2] Crystal Laser (20) 
<br>During your next turn, Deoxys's attacks do 40 more damage to the Defending Pokemon <i>(before applying Weakness and Resistance).",,P,,1,22.0,26.88,58.91,44.64,,Holofoil,"<b>Poke-POIWER</b> Form Change
<br>Once during your turn <em>(before your attack)</em>, you may search your deck for another Deoxys and switch it with Deoxys.  <em>(Any cards attached to Deoxys, damage counters, Special Conditions, and effects on it are now on the new Pokemon.)</em>  If you do, put Deoxys on top of your deck.  Shuffle your deck afterward.  You can't use more than 1 Form Change Poke-Power each turn."
84764,Deoxys (Delta Species - Normal Forme),Deoxys Delta Species Normal Forme,https://tcgplayer-cdn.tcgplayer.com/product/84764_200w.jpg,3,1379,https://cpt.tcgcsv.com/jWH,2024-04-11T17:54:55.843,1,5/110,Holo Rare,Colorless,70,Basic,"[2] Crystal Laser (20) 
<br>During your next turn, Deoxys's attacks do 40 more damage to the Defending Pokemon <i>(before applying Weakness and Resistance).",,P,,1,49.99,72.11,499.99,50.9,,Reverse Holofoil,"<b>Poke-POIWER</b> Form Change
<br>Once during your turn <em>(before your attack)</em>, you may search your deck for another Deoxys and switch it with Deoxys.  <em>(Any cards attached to Deoxys, damage counters, Special Conditions, and effects on it are now on the new Pokemon.)</em>  If you do, put Deoxys on top of your deck.  Shuffle your deck afterward.  You can't use more than 1 Form Change Poke-Power each turn."
84767,Deoxys (Delta Species - Speed Forme),Deoxys Delta Species Speed Forme,https://tcgplayer-cdn.tcgplayer.com/product/84767_200w.jpg,3,1379,https://cpt.tcgcsv.com/mWH,2024-08-07T14:06:53.873,1,6/110,Holo Rare,Lightning,60,Basic,"[L] Teleportation Burst (20) 
<br>Switch Deoxys with 1 of your Benched Pokemon.",,P,,1,40.0,63.67,100.0,32.97,,Holofoil,"<b>Poke-POWER</b> Form Change 
<br>Once during your turn <em>(before your attack)</em>, you may search your deck for another Deoxys and switch it with Deoxys.  <em>(Any cards attached to Deoxys, damage counters, Special Conditions, and effects on it are now on the new Pokemon.)</em>  If you do, put Deoxys on top of your deck.  Shuffle your deck afterward.  You can't use more than 1 Form Change Poke-Power each turn."
84767,Deoxys (Delta Species - Speed Forme),Deoxys Delta Species Speed Forme,https://tcgplayer-cdn.tcgplayer.com/product/84767_200w.jpg,3,1379,https://cpt.tcgcsv.com/mWH,2024-08-07T14:06:53.873,1,6/110,Holo Rare,Lightning,60,Basic,"[L] Teleportation Burst (20) 
<br>Switch Deoxys with 1 of your Benched Pokemon.",,P,,1,34.98,44.34,61.45,79.8,,Reverse Holofoil,"<b>Poke-POWER</b> Form Change 
<br>Once during your turn <em>(before your attack)</em>, you may search your deck for another Deoxys and switch it with Deoxys.  <em>(Any cards attached to Deoxys, damage counters, Special Conditions, and effects on it are now on the new Pokemon.)</em>  If you do, put Deoxys on top of your deck.  Shuffle your deck afterward.  You can't use more than 1 Form Change Poke-Power each turn."
84875,Donphan,Donphan,https://tcgplayer-cdn.tcgplayer.com/product/84875_200w.jpg,3,1379,https://cpt.tcgcsv.com/wZH,2024-04-11T17:54:55.92,1,40/110,Uncommon,Fighting,80,Stage 1,[F] Rock Hurl (20) This attack's damage isn't affected by Resistance.,[3] Double Spin (50x) Flip 2 coins.  This attack does 50 damage times the number of heads.,G,,1,0.21,0.69,3.23,0.65,,Normal,
84875,Donphan,Donphan,https://tcgplayer-cdn.tcgplayer.com/product/84875_200w.jpg,3,1379,https://cpt.tcgcsv.com/wZH,2024-04-11T17:54:55.92,1,40/110,Uncommon,Fighting,80,Stage 1,[F] Rock Hurl (20) This attack's damage isn't affected by Resistance.,[3] Double Spin (50x) Flip 2 coins.  This attack does 50 damage times the number of heads.,G,,1,11.99,14.98,20.6,12.49,,Reverse Holofoil,
85137,Electrike,Electrike,https://tcgplayer-cdn.tcgplayer.com/product/85137_200w.jpg,3,1379,https://cpt.tcgcsv.com/M3J,2024-04-11T17:54:56.15,1,64/110,Common,Lightning,40,Basic,"[1] Thundershock (10) Flip a coin.  If heads, the Defending Pokemon is now Paralyzed.",,F,M,1,0.09,0.3,1.99,0.3,,Normal,
85137,Electrike,Electrike,https://tcgplayer-cdn.tcgplayer.com/product/85137_200w.jpg,3,1379,https://cpt.tcgcsv.com/M3J,2024-04-11T17:54:56.15,1,64/110,Common,Lightning,40,Basic,"[1] Thundershock (10) Flip a coin.  If heads, the Defending Pokemon is now Paralyzed.",,F,M,1,2.49,4.73,8.51,5.7,,Reverse Holofoil,
85352,Exeggcute (Delta Species),Exeggcute Delta Species,https://tcgplayer-cdn.tcgplayer.com/product/85352_200w.jpg,3,1379,https://cpt.tcgcsv.com/39J,2024-04-11T17:54:56.23,1,65/110,Common,Fighting,50,Basic,[1] Rollout (10),"[1F] Pebble Throw 
<br>Choose 1 of your opponent's Benched Pokemon.  This attack does 20 damage to that Pokemon.  <i>(Don't apply Weakness and Resistance for Benched Pokemon.)</i>",P,,1,0.15,0.49,5.35,0.51,0.35,Normal,
85352,Exeggcute (Delta Species),Exeggcute Delta Species,https://tcgplayer-cdn.tcgplayer.com/product/85352_200w.jpg,3,1379,https://cpt.tcgcsv.com/39J,2024-04-11T17:54:56.23,1,65/110,Common,Fighting,50,Basic,[1] Rollout (10),"[1F] Pebble Throw 
<br>Choose 1 of your opponent's Benched Pokemon.  This attack does 20 damage to that Pokemon.  <i>(Don't apply Weakness and Resistance for Benched Pokemon.)</i>",P,,1,2.2,2.99,15.0,9.41,,Reverse Holofoil,
85364,Exeggutor (Delta Species),Exeggutor Delta Species,https://tcgplayer-cdn.tcgplayer.com/product/85364_200w.jpg,3,1379,https://cpt.tcgcsv.com/j9J,2024-04-11T17:54:56.303,1,41/110,Uncommon,Fighting,80,Stage 1,"[2] Delta Circle (10+) 
<br>Does 10 damage plus 10 more damage for each Pokemon you have in play that has Delta Species on its card.","[2F] Split Bomb 
<br>Choose 2 of your opponent's Pokemon.  This attack does 30 damage to each of them.  <i>(Don't apply Weakness and Resistance for Benched Pokemon.)</i>",P,,1,1.25,2.2,12.97,2.2,,Normal,
85364,Exeggutor (Delta Species),Exeggutor Delta Species,https://tcgplayer-cdn.tcgplayer.com/product/85364_200w.jpg,3,1379,https://cpt.tcgcsv.com/j9J,2024-04-11T17:54:56.303,1,41/110,Uncommon,Fighting,80,Stage 1,"[2] Delta Circle (10+) 
<br>Does 10 damage plus 10 more damage for each Pokemon you have in play that has Delta Species on its card.","[2F] Split Bomb 
<br>Choose 2 of your opponent's Pokemon.  This attack does 30 damage to each of them.  <i>(Don't apply Weakness and Resistance for Benched Pokemon.)</i>",P,,1,17.59,24.99,47.0,19.23,,Reverse Holofoil,
85440,Fighting Energy,Fighting Energy,https://tcgplayer-cdn.tcgplayer.com/product/85440_200w.jpg,3,1379,https://cpt.tcgcsv.com/QbJ,2024-04-11T17:54:56.43,1,110/110,Holo Rare,Energy,0,Energy,,,,,,4.1,6.23,19.99,6.23,,Holofoil,
85461,Fire Energy,Fire Energy,https://tcgplayer-cdn.tcgplayer.com/product/85461_200w.jpg,3,1379,https://cpt.tcgcsv.com/fcJ,2024-04-11T17:54:56.517,1,106/110,Holo Rare,Energy,0,Energy,,,,,,8.37,11.0,19.95,10.65,,Holofoil,
85529,Flygon (Delta Species),Flygon Delta Species,https://tcgplayer-cdn.tcgplayer.com/product/85529_200w.jpg,3,1379,https://cpt.tcgcsv.com/CdJ,2024-04-11T17:54:56.583,1,7/110,Holo Rare,Grass Metal,110,Stage 2,"[1GM] Swift (60) 
<br>This attack's damage isn't affected by Weakness, Resistance, Poke-Powers, Poke-Bodies, or any other effects on the Defending Pokemon.",,Cx2,LF-30,2,39.99,45.0,49.99,26.13,,Holofoil,"<b>Poke-POWER</b> Delta Supply 
<br>Once during your turn <em>(before your attack)</em>, you may attach a basic Energy card or a Delta Species Rainbow Energy card from your hand to 1 of your Pokemon that has Delta Species on its card.  This power can't be used if Flygon is affected by a Special Condition."
85529,Flygon (Delta Species),Flygon Delta Species,https://tcgplayer-cdn.tcgplayer.com/product/85529_200w.jpg,3,1379,https://cpt.tcgcsv.com/CdJ,2024-04-11T17:54:56.583,1,7/110,Holo Rare,Grass Metal,110,Stage 2,"[1GM] Swift (60) 
<br>This attack's damage isn't affected by Weakness, Resistance, Poke-Powers, Poke-Bodies, or any other effects on the Defending Pokemon.",,Cx2,LF-30,2,58.0,58.99,59.6,52.5,,Reverse Holofoil,"<b>Poke-POWER</b> Delta Supply 
<br>Once during your turn <em>(before your attack)</em>, you may attach a basic Energy card or a Delta Species Rainbow Energy card from your hand to 1 of your Pokemon that has Delta Species on its card.  This power can't be used if Flygon is affected by a Special Condition."
85788,Gloom (Delta Species),Gloom Delta Species,https://tcgplayer-cdn.tcgplayer.com/product/85788_200w.jpg,3,1379,https://cpt.tcgcsv.com/NkJ,2024-04-11T17:54:56.647,1,42/110,Uncommon,Psychic,70,Stage 1,[1] Drool (20),"[1P] Acid (30) 
<br>The Defending Pokemon can't retreat during your opponent's next turn.",P,,1,0.69,1.31,5.0,1.46,,Normal,
85788,Gloom (Delta Species),Gloom Delta Species,https://tcgplayer-cdn.tcgplayer.com/product/85788_200w.jpg,3,1379,https://cpt.tcgcsv.com/NkJ,2024-04-11T17:54:56.647,1,42/110,Uncommon,Psychic,70,Stage 1,[1] Drool (20),"[1P] Acid (30) 
<br>The Defending Pokemon can't retreat during your opponent's next turn.",P,,1,8.64,18.82,28.99,9.0,,Reverse Holofoil,
85820,Golduck (Delta Species),Golduck Delta Species,https://tcgplayer-cdn.tcgplayer.com/product/85820_200w.jpg,3,1379,https://cpt.tcgcsv.com/qlJ,2024-04-11T17:54:56.693,1,43/110,Uncommon,Lightning,70,Stage 1,"[1L] Mind Play (30+) 
<br>Choose 1 card from your opponent's hand without looking.  Look at the card you chose.  If that card is a Trainer card, this attack does 30 damage plus 30 more damage, and discard that card.  If that card is not a Trainer card, return it to your opponent's hand.",,Lx2,None,1,1.04,1.51,6.05,1.58,,Normal,"<b>Poke-BODY</b> Delta Block
<br>As long as any Stadium card with Holon in its name is in play, your opponent can't play any Stadium cards from his or her hand."
85820,Golduck (Delta Species),Golduck Delta Species,https://tcgplayer-cdn.tcgplayer.com/product/85820_200w.jpg,3,1379,https://cpt.tcgcsv.com/qlJ,2024-04-11T17:54:56.693,1,43/110,Uncommon,Lightning,70,Stage 1,"[1L] Mind Play (30+) 
<br>Choose 1 card from your opponent's hand without looking.  Look at the card you chose.  If that card is a Trainer card, this attack does 30 damage plus 30 more damage, and discard that card.  If that card is not a Trainer card, return it to your opponent's hand.",,Lx2,None,1,3.51,14.21,15.5,13.61,,Reverse Holofoil,"<b>Poke-BODY</b> Delta Block
<br>As long as any Stadium card with Holon in its name is in play, your opponent can't play any Stadium cards from his or her hand."
85876,Grass Energy,Grass Energy,https://tcgplayer-cdn.tcgplayer.com/product/85876_200w.jpg,3,1379,https://cpt.tcgcsv.com/xmJ,2024-04-11T17:54:56.927,1,105/110,Holo Rare,Energy,0,Energy,,,,,,4.9,9.99,19.98,8.09,,Holofoil,
86002,Gyarados (Delta Species),Gyarados Delta Species,https://tcgplayer-cdn.tcgplayer.com/product/86002_200w.jpg,3,1379,https://cpt.tcgcsv.com/3qJ,2024-04-11T17:54:56.973,1,8/110,Holo Rare,Lightning Metal,90,Stage 1,"[1M] Hyper Beam (20) 
<br>Flip a coin.  If heads, discard an Energy card attached to the Defending Pokemon.",[3LM] Heavy Impact (80),L,,2,124.99,147.49,500.0,102.26,,Holofoil,"<b>Poke-BODY</b> Delta Reactor 
<br>As long as any Stadium card with Holon in its name is in play, each of your Pokemon that has Delta Species on its card does 10 more damage to the Defending Pokemon<em> (before applying Weakness and Resistance).</em>"
86002,Gyarados (Delta Species),Gyarados Delta Species,https://tcgplayer-cdn.tcgplayer.com/product/86002_200w.jpg,3,1379,https://cpt.tcgcsv.com/3qJ,2024-04-11T17:54:56.973,1,8/110,Holo Rare,Lightning Metal,90,Stage 1,"[1M] Hyper Beam (20) 
<br>Flip a coin.  If heads, discard an Energy card attached to the Defending Pokemon.",[3LM] Heavy Impact (80),L,,2,250.0,250.99,312.41,120.0,,Reverse Holofoil,"<b>Poke-BODY</b> Delta Reactor 
<br>As long as any Stadium card with Holon in its name is in play, each of your Pokemon that has Delta Species on its card does 10 more damage to the Defending Pokemon<em> (before applying Weakness and Resistance).</em>"
86003,Gyarados Star (Delta Species),Gyarados Star Delta Species,https://tcgplayer-cdn.tcgplayer.com/product/86003_200w.jpg,3,1379,https://cpt.tcgcsv.com/5qJ,2024-04-11T17:54:57.037,1,102/110,Ultra Rare,Fire,80,Basic,"[1R] Spiral Growth (20) 
<br>Flip a coin until you get tails.  For each heads, search your discard pile for a basic Energy card and attach it to Gyarados Star.","[RRRR] All-Out Blast (50+) 
<br>Discard cards from the top of your deck until you have 1 card left.  This attack does 50 damage plus 20 more damage for each Energy card you discarded in this way.",Lx2,None,2,1699.99,1699.99,1699.99,750.0,,Holofoil,
86134,Holon Adventurer,Holon Adventurer,https://tcgplayer-cdn.tcgplayer.com/product/86134_200w.jpg,3,1379,https://cpt.tcgcsv.com/JsJ,2024-04-11T17:54:57.09,1,85/110,Uncommon,Supporter,,,,,,,,0.45,0.75,1.99,0.75,,Normal,"You can play only one supporter card each turn.  When you play this card, put it next to your Active Pokemon.  When your turn ends, discard this card.
<br>
<br>Discard a card from your hand.  If you can't discard a card from your hand, you can't play this card.  Draw 3 cards.  If you discarded a Pokemon that has Delta Species on its card, draw 4 cards instead."
86134,Holon Adventurer,Holon Adventurer,https://tcgplayer-cdn.tcgplayer.com/product/86134_200w.jpg,3,1379,https://cpt.tcgcsv.com/JsJ,2024-04-11T17:54:57.09,1,85/110,Uncommon,Supporter,,,,,,,,5.76,9.6,12.97,7.94,,Reverse Holofoil,"You can play only one supporter card each turn.  When you play this card, put it next to your Active Pokemon.  When your turn ends, discard this card.
<br>
<br>Discard a card from your hand.  If you can't discard a card from your hand, you can't play this card.  Draw 3 cards.  If you discarded a Pokemon that has Delta Species on its card, draw 4 cards instead."
86143,Holon Fossil,Holon Fossil,https://tcgplayer-cdn.tcgplayer.com/product/86143_200w.jpg,3,1379,https://cpt.tcgcsv.com/TsJ,2024-04-11T17:54:57.15,1,86/110,Uncommon,Item,0,,,,,,,0.19,0.59,4.64,0.56,,Normal,"Flip a coin.  If heads, search your deck for an Omanyte, Kabuto, Aerodactyl, Aerodactyl ex, Lileep, or Anorith and put it onto your Bench.  Shuffle your deck afterward.  If tails, put an Omanyte, Kabuto, Aerodactyl, Aerodactyl ex, Lileep, or Anorith from your hand onto your Bench.  Treat the new Benched Pokemon as a Basic Pokemon."
86143,Holon Fossil,Holon Fossil,https://tcgplayer-cdn.tcgplayer.com/product/86143_200w.jpg,3,1379,https://cpt.tcgcsv.com/TsJ,2024-04-11T17:54:57.15,1,86/110,Uncommon,Item,0,,,,,,,3.21,4.72,5.14,5.14,,Reverse Holofoil,"Flip a coin.  If heads, search your deck for an Omanyte, Kabuto, Aerodactyl, Aerodactyl ex, Lileep, or Anorith and put it onto your Bench.  Shuffle your deck afterward.  If tails, put an Omanyte, Kabuto, Aerodactyl, Aerodactyl ex, Lileep, or Anorith from your hand onto your Bench.  Treat the new Benched Pokemon as a Basic Pokemon."
86144,Holon Lake,Holon Lake,https://tcgplayer-cdn.tcgplayer.com/product/86144_200w.jpg,3,1379,https://cpt.tcgcsv.com/VsJ,2024-04-11T17:54:57.197,1,87/110,Uncommon,Stadium,,,"[1] Delta Call 
<br>Search your deck for a Pokemon that has Delta Species on its card, show it to your opponent, and put it into your hand.  Shuffle your deck afterward.",,,,,0.1,0.35,1.99,0.35,0.2,Normal,"This card stays in play when you play it.  Discard this card if another Stadium card comes into play.  If another card with the same name is in play, you can't play this card.
<br>
<br>Each player's Pokemon that has Delta Species on its card can use attacks on this card instead of its own."
86144,Holon Lake,Holon Lake,https://tcgplayer-cdn.tcgplayer.com/product/86144_200w.jpg,3,1379,https://cpt.tcgcsv.com/VsJ,2024-04-11T17:54:57.197,1,87/110,Uncommon,Stadium,,,"[1] Delta Call 
<br>Search your deck for a Pokemon that has Delta Species on its card, show it to your opponent, and put it into your hand.  Shuffle your deck afterward.",,,,,5.0,6.52,44.99,5.49,,Reverse Holofoil,"This card stays in play when you play it.  Discard this card if another Stadium card comes into play.  If another card with the same name is in play, you can't play this card.
<br>
<br>Each player's Pokemon that has Delta Species on its card can use attacks on this card instead of its own."
86154,Holon's Castform,Holons Castform,https://tcgplayer-cdn.tcgplayer.com/product/86154_200w.jpg,3,1379,https://cpt.tcgcsv.com/6tJ,2024-04-11T17:54:57.307,1,44/110,Uncommon,Colorless,50,Basic,"[1] Delta Draw 
<br>Count the number of Pokemon you have in play that has Delta Species on its card.  Draw up to that many cards.",,Fx2,None,1,4.5,4.92,14.0,4.92,,Normal,"<em>You may attach this as an Energy card from your hand to 1 of your Pokemon that already has an Energy card attached to it.  When you attach this card, return an Energy card attached to that Pokemon to your hand.  While attached, this card is a Special Energy card and provides every type of Energy but 2 Energy at a time.  (Has no effect other than providing Energy.)</em>"
86154,Holon's Castform,Holons Castform,https://tcgplayer-cdn.tcgplayer.com/product/86154_200w.jpg,3,1379,https://cpt.tcgcsv.com/6tJ,2024-04-11T17:54:57.307,1,44/110,Uncommon,Colorless,50,Basic,"[1] Delta Draw 
<br>Count the number of Pokemon you have in play that has Delta Species on its card.  Draw up to that many cards.",,Fx2,None,1,20.0,29.48,41.4,32.47,,Reverse Holofoil,"<em>You may attach this as an Energy card from your hand to 1 of your Pokemon that already has an Energy card attached to it.  When you attach this card, return an Energy card attached to that Pokemon to your hand.  While attached, this card is a Special Energy card and provides every type of Energy but 2 Energy at a time.  (Has no effect other than providing Energy.)</em>"
86194,Horsea (Delta Species),Horsea Delta Species,https://tcgplayer-cdn.tcgplayer.com/product/86194_200w.jpg,3,1379,https://cpt.tcgcsv.com/VtJ,2024-04-11T17:54:57.37,1,66/110,Common,Fire,50,Basic,[1] Ram (10),[1R] Steady Firebreathing (20),L,,1,0.2,0.55,1.99,0.55,,Normal,
86194,Horsea (Delta Species),Horsea Delta Species,https://tcgplayer-cdn.tcgplayer.com/product/86194_200w.jpg,3,1379,https://cpt.tcgcsv.com/VtJ,2024-04-11T17:54:57.37,1,66/110,Common,Fire,50,Basic,[1] Ram (10),[1R] Steady Firebreathing (20),L,,1,12.27,16.13,19.99,9.01,,Reverse Holofoil,
86388,Kabuto (Delta Species),Kabuto Delta Species,https://tcgplayer-cdn.tcgplayer.com/product/86388_200w.jpg,3,1379,https://cpt.tcgcsv.com/NzJ,2024-04-11T17:54:57.417,1,67/110,Common,Lightning,70,Stage 1,"[L] Eerie Light 
<br>The Defending Pokemon is now Confused.",[2] Shell Attack (20),Gx2,None,2,0.17,0.58,4.45,0.54,,Normal,
86388,Kabuto (Delta Species),Kabuto Delta Species,https://tcgplayer-cdn.tcgplayer.com/product/86388_200w.jpg,3,1379,https://cpt.tcgcsv.com/NzJ,2024-04-11T17:54:57.417,1,67/110,Common,Lightning,70,Stage 1,"[L] Eerie Light 
<br>The Defending Pokemon is now Confused.",[2] Shell Attack (20),Gx2,None,2,4.0,7.98,11.98,14.97,,Reverse Holofoil,
86401,Kabutops (Delta Species),Kabutops Delta Species,https://tcgplayer-cdn.tcgplayer.com/product/86401_200w.jpg,3,1379,https://cpt.tcgcsv.com/2BJ,2024-04-11T17:54:57.463,1,9/110,Holo Rare,Lightning,100,Stage 2,"[1L] Vital Drain (30) 
<br>If the Defending Pokemon is Knocked Out by this attack, remove all Special Conditions and 7 damage counters from Kabutops <i>(all if there are less than 7).</i>","[3] Thunderous Blow (40+)
<br>Does 40 damage plus 10 more damage for each Lightning Energy attached to Kabutops.",Gx2,None,1,24.98,32.7,99.99,24.24,30.19,Holofoil,
86401,Kabutops (Delta Species),Kabutops Delta Species,https://tcgplayer-cdn.tcgplayer.com/product/86401_200w.jpg,3,1379,https://cpt.tcgcsv.com/2BJ,2024-04-11T17:54:57.463,1,9/110,Holo Rare,Lightning,100,Stage 2,"[1L] Vital Drain (30) 
<br>If the Defending Pokemon is Knocked Out by this attack, remove all Special Conditions and 7 damage counters from Kabutops <i>(all if there are less than 7).</i>","[3] Thunderous Blow (40+)
<br>Does 40 damage plus 10 more damage for each Lightning Energy attached to Kabutops.",Gx2,None,1,51.41,64.99,77.0,48.45,,Reverse Holofoil,
86450,Kingdra (Delta Species),Kingdra Delta Species,https://tcgplayer-cdn.tcgplayer.com/product/86450_200w.jpg,3,1379,https://cpt.tcgcsv.com/0CJ,2024-04-11T17:54:57.51,1,10/110,Holo Rare,Fire Metal,110,Stage 2,"[1R] Extra Flame (30+) 
<br>If the Defending Pokemon is Pokemon-ex, this attack does 30 damage plus 30 more damage.",[2MR] Heat Blast (80),Lx2,None,2,38.98,40.69,49.99,28.7,,Holofoil,"<b>Poke-POWER</b> Dragon Curse 
<br>Once during your turn<em> (before your attack)</em>, if Kingdra is your Active Pokemon, you may put 2 damage counters on 1 of your opponent's Pokemon with Delta Species on its card.  This power can't be used if Kingdra is affected by a Special Condition."
86450,Kingdra (Delta Species),Kingdra Delta Species,https://tcgplayer-cdn.tcgplayer.com/product/86450_200w.jpg,3,1379,https://cpt.tcgcsv.com/0CJ,2024-04-11T17:54:57.51,1,10/110,Holo Rare,Fire Metal,110,Stage 2,"[1R] Extra Flame (30+) 
<br>If the Defending Pokemon is Pokemon-ex, this attack does 30 damage plus 30 more damage.",[2MR] Heat Blast (80),Lx2,None,2,39.29,60.0,91.18,51.65,,Reverse Holofoil,"<b>Poke-POWER</b> Dragon Curse 
<br>Once during your turn<em> (before your attack)</em>, if Kingdra is your Active Pokemon, you may put 2 damage counters on 1 of your opponent's Pokemon with Delta Species on its card.  This power can't be used if Kingdra is affected by a Special Condition."
86577,Lairon,Lairon,https://tcgplayer-cdn.tcgplayer.com/product/86577_200w.jpg,3,1379,https://cpt.tcgcsv.com/zFJ,2024-04-11T17:54:57.55,1,45/110,Uncommon,Metal,80,Stage 1,[2] Tackle (20),"[3] Iron Head (30x) 
<br>Flip a coin until you get tails.  This attack does 30 damage times the number of heads.",R,G,2,0.24,0.63,3.98,0.6,,Normal,
86577,Lairon,Lairon,https://tcgplayer-cdn.tcgplayer.com/product/86577_200w.jpg,3,1379,https://cpt.tcgcsv.com/zFJ,2024-04-11T17:54:57.55,1,45/110,Uncommon,Metal,80,Stage 1,[2] Tackle (20),"[3] Iron Head (30x) 
<br>Flip a coin until you get tails.  This attack does 30 damage times the number of heads.",R,G,2,6.32,6.74,7.61,6.85,,Reverse Holofoil,
86656,Latias - 011/110 (Delta Species),Latias 011 110 Delta Species,https://tcgplayer-cdn.tcgplayer.com/product/86656_200w.jpg,3,1379,https://cpt.tcgcsv.com/8HJ,2024-04-11T17:54:57.597,1,11/110,Holo Rare,Fire,70,Basic,"[1] Spearhead 
<br>Draw a card.",[2R] Dragon Claw (40),C,FP,1,35.01,45.0,69.99,44.52,41.06,Holofoil,"<b>Poke-BODY</b> Dual Aura 
<br>As long as you have Latios or Latios ex in play, each player's Evolved Pokemon <em>(excluding Pokemon-ex) </em>can't use any Poke-Bodies."
86656,Latias - 011/110 (Delta Species),Latias 011 110 Delta Species,https://tcgplayer-cdn.tcgplayer.com/product/86656_200w.jpg,3,1379,https://cpt.tcgcsv.com/8HJ,2024-04-11T17:54:57.597,1,11/110,Holo Rare,Fire,70,Basic,"[1] Spearhead 
<br>Draw a card.",[2R] Dragon Claw (40),C,FP,1,32.58,38.0,60.24,74.97,,Reverse Holofoil,"<b>Poke-BODY</b> Dual Aura 
<br>As long as you have Latios or Latios ex in play, each player's Evolved Pokemon <em>(excluding Pokemon-ex) </em>can't use any Poke-Bodies."
86657,Latias (Delta Species),Latias Delta Species,https://tcgplayer-cdn.tcgplayer.com/product/86657_200w.jpg,3,1379,https://cpt.tcgcsv.com/9HJ,2024-04-11T17:54:57.66,1,21/110,Rare,Fire,70,Basic,[1R] Combustion (20),"[1RR] Super Singe (40) 
<br>Flip a coin.  If heads, the Defending Pokemon is now Burned.",Cx2,FP,1,4.18,7.89,12.1,5.41,,Normal,
86657,Latias (Delta Species),Latias Delta Species,https://tcgplayer-cdn.tcgplayer.com/product/86657_200w.jpg,3,1379,https://cpt.tcgcsv.com/9HJ,2024-04-11T17:54:57.66,1,21/110,Rare,Fire,70,Basic,[1R] Combustion (20),"[1RR] Super Singe (40) 
<br>Flip a coin.  If heads, the Defending Pokemon is now Burned.",Cx2,FP,1,44.99,72.49,99.99,58.13,,Reverse Holofoil,
86670,Latios - 012/110 (Delta Species),Latios 012 110 Delta Species,https://tcgplayer-cdn.tcgplayer.com/product/86670_200w.jpg,3,1379,https://cpt.tcgcsv.com/qHJ,2024-04-11T17:54:57.707,1,12/110,Holo Rare,Water,80,Basic,[1] Dive (10),"[2W] Aqua Blast (50) 
<br>Discard a Water Energy attached to Latios.",C,FG,1,38.0,59.97,130.99,31.58,59.95,Holofoil,"<b>Poke-BODY</b> Dual Aura 
<br>As long as you have Latias or Latias ex in play, each player's Evolved Pokemon <em>(excluding Pokemon-ex) </em>can't use any Poke-Bodies."
86670,Latios - 012/110 (Delta Species),Latios 012 110 Delta Species,https://tcgplayer-cdn.tcgplayer.com/product/86670_200w.jpg,3,1379,https://cpt.tcgcsv.com/qHJ,2024-04-11T17:54:57.707,1,12/110,Holo Rare,Water,80,Basic,[1] Dive (10),"[2W] Aqua Blast (50) 
<br>Discard a Water Energy attached to Latios.",C,FG,1,106.8,128.4,199.0,76.5,,Reverse Holofoil,"<b>Poke-BODY</b> Dual Aura 
<br>As long as you have Latias or Latias ex in play, each player's Evolved Pokemon <em>(excluding Pokemon-ex) </em>can't use any Poke-Bodies."
86671,Latios (Delta Species),Latios Delta Species,https://tcgplayer-cdn.tcgplayer.com/product/86671_200w.jpg,3,1379,https://cpt.tcgcsv.com/rHJ,2024-04-11T17:54:57.753,1,22/110,Rare,Water,80,Basic,"[2] Aqua Wave (10+) 
<br>Flip a coin.  If heads, this attack does 10 damage plus 20 more damage.","[1WW] Dragonbreath (50) 
<br>Flip a coin.  If tails, this attack does nothing.  If heads, the Defending Pokemon is now Paralyzed.",Cx2,FG,2,11.0,16.0,25.0,5.21,,Normal,
86671,Latios (Delta Species),Latios Delta Species,https://tcgplayer-cdn.tcgplayer.com/product/86671_200w.jpg,3,1379,https://cpt.tcgcsv.com/rHJ,2024-04-11T17:54:57.753,1,22/110,Rare,Water,80,Basic,"[2] Aqua Wave (10+) 
<br>Flip a coin.  If heads, this attack does 10 damage plus 20 more damage.","[1WW] Dragonbreath (50) 
<br>Flip a coin.  If tails, this attack does nothing.  If heads, the Defending Pokemon is now Paralyzed.",Cx2,FG,2,29.21,99.99,104.99,74.98,,Reverse Holofoil,
86765,Lightning Energy,Lightning Energy,https://tcgplayer-cdn.tcgplayer.com/product/86765_200w.jpg,3,1379,https://cpt.tcgcsv.com/kKJ,2024-04-11T17:54:57.823,1,108/110,Holo Rare,Energy,,,,,,,,6.0,8.03,19.99,8.3,,Holofoil,
86791,Lileep (Delta Species),Lileep Delta Species,https://tcgplayer-cdn.tcgplayer.com/product/86791_200w.jpg,3,1379,https://cpt.tcgcsv.com/RKJ,2024-04-11T17:54:57.87,1,68/110,Common,Darkness,80,Stage 1,"[D] Poison Tentacles 
<br>The Defending Pokemon is now Poisoned.",[2] Mud Shot (20),Rx2,None,2,0.22,0.5,2.24,0.63,0.26,Normal,
86791,Lileep (Delta Species),Lileep Delta Species,https://tcgplayer-cdn.tcgplayer.com/product/86791_200w.jpg,3,1379,https://cpt.tcgcsv.com/RKJ,2024-04-11T17:54:57.87,1,68/110,Common,Darkness,80,Stage 1,"[D] Poison Tentacles 
<br>The Defending Pokemon is now Poisoned.",[2] Mud Shot (20),Rx2,None,2,5.8,6.5,15.0,12.74,,Reverse Holofoil,
87038,Magikarp (Delta Species),Magikarp Delta Species,https://tcgplayer-cdn.tcgplayer.com/product/87038_200w.jpg,3,1379,https://cpt.tcgcsv.com/NQJ,2024-04-11T17:54:57.9,1,69/110,Common,Metal,30,Basic,[M] Splash (10),,Lx2,None,1,0.85,2.37,7.0,2.66,,Normal,
87038,Magikarp (Delta Species),Magikarp Delta Species,https://tcgplayer-cdn.tcgplayer.com/product/87038_200w.jpg,3,1379,https://cpt.tcgcsv.com/NQJ,2024-04-11T17:54:57.9,1,69/110,Common,Metal,30,Basic,[M] Splash (10),,Lx2,None,1,52.5,54.45,129.99,42.95,129.99,Reverse Holofoil,
87158,Manectric,Manectric,https://tcgplayer-cdn.tcgplayer.com/product/87158_200w.jpg,3,1379,https://cpt.tcgcsv.com/bTJ,2024-04-11T17:54:57.95,1,46/110,Uncommon,Lightning,80,Stage 1,[1] Plasma (20) Search your discard pile for a L Energy card and attach it to Manectric.,"[2L] Quick Blow (40+) Flip a coin.  If heads, this attack does 40 damage plus 20 more damage.",Fx2,M-30,1,0.39,0.89,1.99,0.87,,Normal,
87158,Manectric,Manectric,https://tcgplayer-cdn.tcgplayer.com/product/87158_200w.jpg,3,1379,https://cpt.tcgcsv.com/bTJ,2024-04-11T17:54:57.95,1,46/110,Uncommon,Lightning,80,Stage 1,[1] Plasma (20) Search your discard pile for a L Energy card and attach it to Manectric.,"[2L] Quick Blow (40+) Flip a coin.  If heads, this attack does 40 damage plus 20 more damage.",Fx2,M-30,1,9.95,10.49,14.89,9.77,,Reverse Holofoil,
87178,Mankey (Delta Species),Mankey Delta Species,https://tcgplayer-cdn.tcgplayer.com/product/87178_200w.jpg,3,1379,https://cpt.tcgcsv.com/BTJ,2024-04-11T17:54:57.997,1,70/110,Common,Fire,50,Basic,"[1] Paralyzing Gaze 
<br>Flip a coin.  If heads, the Defending Pokemon is now Paralyzed.",[1R] Low Kick (20),Px2,None,1,0.12,0.44,501.5,0.44,0.25,Normal,
87178,Mankey (Delta Species),Mankey Delta Species,https://tcgplayer-cdn.tcgplayer.com/product/87178_200w.jpg,3,1379,https://cpt.tcgcsv.com/BTJ,2024-04-11T17:54:57.997,1,70/110,Common,Fire,50,Basic,"[1] Paralyzing Gaze 
<br>Flip a coin.  If heads, the Defending Pokemon is now Paralyzed.",[1R] Low Kick (20),Px2,None,1,5.23,6.0,11.0,11.39,,Reverse Holofoil,
87247,Masquerain,Masquerain,https://tcgplayer-cdn.tcgplayer.com/product/87247_200w.jpg,3,1379,https://cpt.tcgcsv.com/ZVJ,2024-04-11T17:54:58.063,1,47/110,Uncommon,Grass,70,Stage 1,"[1] Sweet Scent 
<br>Remove 2 damage counters from 1 of your Pokemon.","[1G] Quick Attack (30+) 
<br>Flip a coin.  If heads, this attack does 30 damage plus 10 more damage.",Rx2,None,0,0.2,0.76,4.64,0.77,,Normal,
87247,Masquerain,Masquerain,https://tcgplayer-cdn.tcgplayer.com/product/87247_200w.jpg,3,1379,https://cpt.tcgcsv.com/ZVJ,2024-04-11T17:54:58.063,1,47/110,Uncommon,Grass,70,Stage 1,"[1] Sweet Scent 
<br>Remove 2 damage counters from 1 of your Pokemon.","[1G] Quick Attack (30+) 
<br>Flip a coin.  If heads, this attack does 30 damage plus 10 more damage.",Rx2,None,0,4.35,4.97,7.99,5.09,,Reverse Holofoil,
87258,Mawile,Mawile,https://tcgplayer-cdn.tcgplayer.com/product/87258_200w.jpg,3,1379,https://cpt.tcgcsv.com/bWJ,2024-04-11T17:54:58.093,1,23/110,Rare,Metal,60,Basic,"[1] Feint Attack 
<br>Choose 1 of your opponent's Pokemon.  This attack does 10 damage to that Pokemon.  This attack's damage isn't affected by Weakness, Resistance, Poke-Powers, Poke-Bodies, or any other effects on that Pokemon.","[1M] Surprise (20) 
<br>Choose 1 card from your opponent's hand without looking.  Look at the card you chose, then have your opponent shuffle that card into his or her deck.",Rx2,G-30,1,1.5,2.24,2.82,2.19,2.73,Normal,
87258,Mawile,Mawile,https://tcgplayer-cdn.tcgplayer.com/product/87258_200w.jpg,3,1379,https://cpt.tcgcsv.com/bWJ,2024-04-11T17:54:58.093,1,23/110,Rare,Metal,60,Basic,"[1] Feint Attack 
<br>Choose 1 of your opponent's Pokemon.  This attack does 10 damage to that Pokemon.  This attack's damage isn't affected by Weakness, Resistance, Poke-Powers, Poke-Bodies, or any other effects on that Pokemon.","[1M] Surprise (20) 
<br>Choose 1 card from your opponent's hand without looking.  Look at the card you chose, then have your opponent shuffle that card into his or her deck.",Rx2,G-30,1,44.99,44.99,48.95,14.0,,Reverse Holofoil,
87329,Meowth (Delta Species),Meowth Delta Species,https://tcgplayer-cdn.tcgplayer.com/product/87329_200w.jpg,3,1379,https://cpt.tcgcsv.com/CXJ,2024-04-11T17:54:58.14,1,71/110,Common,Darkness Metal,50,Basic,[D] Slash (10),"[1M] Pay Day (10) 
<br>Draw a card.",F,,1,0.15,0.8,5.0,0.81,,Normal,
87329,Meowth (Delta Species),Meowth Delta Species,https://tcgplayer-cdn.tcgplayer.com/product/87329_200w.jpg,3,1379,https://cpt.tcgcsv.com/CXJ,2024-04-11T17:54:58.14,1,71/110,Common,Darkness Metal,50,Basic,[D] Slash (10),"[1M] Pay Day (10) 
<br>Draw a card.",F,,1,49.95,99.99,199.99,24.99,,Reverse Holofoil,
87360,Metal Energy (Special),Metal Energy Special,https://tcgplayer-cdn.tcgplayer.com/product/87360_200w.jpg,3,1379,https://cpt.tcgcsv.com/dZJ,2024-04-11T17:54:58.203,1,95/110,Rare,Special Metal Energy,,,,,,,,0.46,1.0,4.04,1.07,0.75,Normal,Damage done by attacks to the Pokemon that Metal Energy is attached to is reduced by 10 (after applying Weakness and Resistance).  Ignore this effect if the Pokemon that Metal Energy is attached to isn't M.  Metal Energy provides M Energy.  (Doesn't count as a basic Energy card.)
87360,Metal Energy (Special),Metal Energy Special,https://tcgplayer-cdn.tcgplayer.com/product/87360_200w.jpg,3,1379,https://cpt.tcgcsv.com/dZJ,2024-04-11T17:54:58.203,1,95/110,Rare,Special Metal Energy,,,,,,,,4.25,7.13,10.9,7.47,,Reverse Holofoil,Damage done by attacks to the Pokemon that Metal Energy is attached to is reduced by 10 (after applying Weakness and Resistance).  Ignore this effect if the Pokemon that Metal Energy is attached to isn't M.  Metal Energy provides M Energy.  (Doesn't count as a basic Energy card.)
87400,Mew,Mew,https://tcgplayer-cdn.tcgplayer.com/product/87400_200w.jpg,3,1379,https://cpt.tcgcsv.com/0-J,2024-04-11T17:54:58.297,1,111/110,Holo Rare,Psychic,50,Basic,"[1P] Super Psywave 
<br>Choose 1 of your opponent's Pokemon.  Count the amount of Energy attached to that Pokemon.  Put that many damage counters on the Pokemon.",,P,,1,148.88,153.14,189.95,173.19,,Holofoil,
87410,Mew ex,Mew ex,https://tcgplayer-cdn.tcgplayer.com/product/87410_200w.jpg,3,1379,https://cpt.tcgcsv.com/d-J,2024-04-11T17:54:58.343,1,100/110,Ultra Rare,Psychic,90,Basic,[2] Super Psy Bolt (30),"[2P] Devo Crush (50) 
<br>You may discard 2 Energy attached to Mew ex.  If you do, you may remove the highest Stage Evolution card from the Defending Pokemon and shuffle that card into your opponent's deck.",Px2,None,1,469.9,489.28,499.56,241.9,,Holofoil,"<b>Poke-POWER</b> Psychic Vision 
<br>Once during your turn<em> (before your attack)</em>, if Mew ex is on your Bench, you may look at your opponent's hand."
87426,Mewtwo (Delta Species),Mewtwo Delta Species,https://tcgplayer-cdn.tcgplayer.com/product/87426_200w.jpg,3,1379,https://cpt.tcgcsv.com/x-J,2024-04-11T17:54:58.437,1,24/110,Rare,Lightning,70,Basic,"[1] Psychic Erase 
<br>Choose 1 of the Defending Pokemon's attacks.  That Pokemon can't use that attack during your opponent's next turn.","[1LL] Swift (40) 
<br>This attack's damage isn't affected by Weakness, Resistance, Poke-Powers, Poke-Bodies, or any other effects on that Pokemon.",P,,1,18.0,20.14,33.95,19.95,,Normal,
87426,Mewtwo (Delta Species),Mewtwo Delta Species,https://tcgplayer-cdn.tcgplayer.com/product/87426_200w.jpg,3,1379,https://cpt.tcgcsv.com/x-J,2024-04-11T17:54:58.437,1,24/110,Rare,Lightning,70,Basic,"[1] Psychic Erase 
<br>Choose 1 of the Defending Pokemon's attacks.  That Pokemon can't use that attack during your opponent's next turn.","[1LL] Swift (40) 
<br>This attack's damage isn't affected by Weakness, Resistance, Poke-Powers, Poke-Bodies, or any other effects on that Pokemon.",P,,1,75.0,89.0,199.99,74.91,,Reverse Holofoil,
87427,Mewtwo Star,Mewtwo Star,https://tcgplayer-cdn.tcgplayer.com/product/87427_200w.jpg,3,1379,https://cpt.tcgcsv.com/z-J,2024-04-11T17:54:58.5,1,103/110,Ultra Rare,Psychic,80,Basic,"[1] Energy Absorption 
<br>Search your discard pile for an Energy card and attach it to Mewtwo *.","[LPR] Psychic Star (50+) 
<br>If the Defending Pokemon is an Evolved Pokemon, discard all Energy attached to Mewtwo Star and this attack does 50 damage plus 50 more damage.",P,,1,1700.0,4850.0,8000.0,1400.0,,Holofoil,
87451,Mightyena ex,Mightyena ex,https://tcgplayer-cdn.tcgplayer.com/product/87451_200w.jpg,3,1379,https://cpt.tcgcsv.com/2_J,2024-04-11T17:54:58.55,1,101/110,Ultra Rare,Darkness,100,Stage 1,[2] Sharp Fang (30),[2D] Hyper Claws (50+),Fx2,P-30,0,42.93,56.5,79.99,56.55,,Holofoil,"<b>Poke-POWER</b> Driving Howl 
<br>Once during your turn <em>(before your attack)</em>, you may choose 1 of the Defending Pokemon and switch it with 1 of your opponent's Benched Pokemon.  Your opponent chooses the Benched Pokemon to switch.  This power can't be used if Mightyena ex is affected by a Special Condition."
87601,Mr. Stone's Project,Mr Stones Project,https://tcgplayer-cdn.tcgplayer.com/product/87601_200w.jpg,3,1379,https://cpt.tcgcsv.com/23K,2024-04-11T17:54:58.613,1,88/110,Uncommon,Supporter,,,,,,,,0.32,0.6,3.0,0.64,,Normal,"You can play only one Supporter card each turn.  When you play this card, put it next to your Active Pokemon.  When your turn ends, discard this card.
<br>
<br>Search your deck for up to 2 basic Energy cards, show them to your opponent, and put them into your hand.  Shuffle your deck afterward.  Or, search your discard pile for up to 2 basic Energy cards, show them to your opponent, and put them into your hand."
87601,Mr. Stone's Project,Mr Stones Project,https://tcgplayer-cdn.tcgplayer.com/product/87601_200w.jpg,3,1379,https://cpt.tcgcsv.com/23K,2024-04-11T17:54:58.613,1,88/110,Uncommon,Supporter,,,,,,,,6.0,9.99,16.5,11.0,,Reverse Holofoil,"You can play only one Supporter card each turn.  When you play this card, put it next to your Active Pokemon.  When your turn ends, discard this card.
<br>
<br>Search your deck for up to 2 basic Energy cards, show them to your opponent, and put them into your hand.  Shuffle your deck afterward.  Or, search your discard pile for up to 2 basic Energy cards, show them to your opponent, and put them into your hand."
87632,Multi Energy,Multi Energy,https://tcgplayer-cdn.tcgplayer.com/product/87632_200w.jpg,3,1379,https://cpt.tcgcsv.com/G3K,2024-04-11T17:54:58.66,1,96/110,Rare,Special Energy,,,,,,,,0.99,1.99,7.1,2.3,,Normal,"Attach Multi Energy to 1 of your Pokemon.  While in play, Multi Energy provides every type of Energy but provides only 1 Energy at a time.  (Has no effect other than providing Energy.)  Multi Energy provides C Energy when attached to a Pokemon that already has Special Energy cards attached to it."
87632,Multi Energy,Multi Energy,https://tcgplayer-cdn.tcgplayer.com/product/87632_200w.jpg,3,1379,https://cpt.tcgcsv.com/G3K,2024-04-11T17:54:58.66,1,96/110,Rare,Special Energy,,,,,,,,3.5,4.49,6.99,4.76,,Reverse Holofoil,"Attach Multi Energy to 1 of your Pokemon.  While in play, Multi Energy provides every type of Energy but provides only 1 Energy at a time.  (Has no effect other than providing Energy.)  Multi Energy provides C Energy when attached to a Pokemon that already has Special Energy cards attached to it."
87664,Mysterious Fossil,Mysterious Fossil,https://tcgplayer-cdn.tcgplayer.com/product/87664_200w.jpg,3,1379,https://cpt.tcgcsv.com/j5K,2024-04-11T17:54:58.74,1,92/110,Common,Item,,,,,,,,0.1,0.29,1.99,0.29,0.2,Normal,"Play Mysterious Fossil as if it were a Basic Pokemon.  While in play, Mysterious Fossil counts as a Colorless Pokemon<em> (as well as a Trainer card).  </em>Mysterious Fossil has no attacks, can't retreat, and can't be Asleep, Confused, Paralyzed, or Poisoned.  If Mysterious Fossil is Knocked Out, it doesn't count as a Knocked Out Pokemon.  <em>(Discard it anyway.)</em> At any time during your turn before your attack, you may discard Mysterious Fossil from play."
87664,Mysterious Fossil,Mysterious Fossil,https://tcgplayer-cdn.tcgplayer.com/product/87664_200w.jpg,3,1379,https://cpt.tcgcsv.com/j5K,2024-04-11T17:54:58.74,1,92/110,Common,Item,,,,,,,,1.25,3.1,5.68,4.37,,Reverse Holofoil,"Play Mysterious Fossil as if it were a Basic Pokemon.  While in play, Mysterious Fossil counts as a Colorless Pokemon<em> (as well as a Trainer card).  </em>Mysterious Fossil has no attacks, can't retreat, and can't be Asleep, Confused, Paralyzed, or Poisoned.  If Mysterious Fossil is Knocked Out, it doesn't count as a Knocked Out Pokemon.  <em>(Discard it anyway.)</em> At any time during your turn before your attack, you may discard Mysterious Fossil from play."
87800,Nosepass,Nosepass,https://tcgplayer-cdn.tcgplayer.com/product/87800_200w.jpg,3,1379,https://cpt.tcgcsv.com/08K,2024-04-11T17:54:58.787,1,25/110,Rare,Fighting,60,Basic,"[1] Supersonic (10)  
<br>Flip a coin.  If heads, the Defending Pokemon is now Confused.","[1F] Rock Slide (20) 
<br>Does 10 damage to 2 of your opponent's Benched Pokemon.  (Don't apply Weakness and Resistance for Benched Pokemon.)",Wx2,None,1,0.21,0.64,1.99,0.6,,Normal,
87800,Nosepass,Nosepass,https://tcgplayer-cdn.tcgplayer.com/product/87800_200w.jpg,3,1379,https://cpt.tcgcsv.com/08K,2024-04-11T17:54:58.787,1,25/110,Rare,Fighting,60,Basic,"[1] Supersonic (10)  
<br>Flip a coin.  If heads, the Defending Pokemon is now Confused.","[1F] Rock Slide (20) 
<br>Does 10 damage to 2 of your opponent's Benched Pokemon.  (Don't apply Weakness and Resistance for Benched Pokemon.)",Wx2,None,1,2.99,4.52,5.06,4.74,,Reverse Holofoil,
87812,Numel,Numel,https://tcgplayer-cdn.tcgplayer.com/product/87812_200w.jpg,3,1379,https://cpt.tcgcsv.com/g8K,2024-04-11T17:54:58.837,1,72/110,Common,Fire,50,Basic,"[1] Singe 
<br>Flip a coin.  If heads, the Defending Pokemon is now Burned.",[1R] Flare (20),W,,1,0.04,0.28,1.99,0.27,,Normal,
87812,Numel,Numel,https://tcgplayer-cdn.tcgplayer.com/product/87812_200w.jpg,3,1379,https://cpt.tcgcsv.com/g8K,2024-04-11T17:54:58.837,1,72/110,Common,Fire,50,Basic,"[1] Singe 
<br>Flip a coin.  If heads, the Defending Pokemon is now Burned.",[1R] Flare (20),W,,1,1.79,3.42,133.99,2.56,16.74,Reverse Holofoil,
87847,Oddish (Delta Species),Oddish Delta Species,https://tcgplayer-cdn.tcgplayer.com/product/87847_200w.jpg,3,1379,https://cpt.tcgcsv.com/Z8K,2024-04-11T17:54:59.127,1,73/110,Common,Water,40,Basic,[1] Tackle (10),"[W] Blot (10) 
<br>Remove 2 damage counters from Oddish.",R,,1,0.32,0.85,13.2,0.93,,Normal,
87847,Oddish (Delta Species),Oddish Delta Species,https://tcgplayer-cdn.tcgplayer.com/product/87847_200w.jpg,3,1379,https://cpt.tcgcsv.com/Z8K,2024-04-11T17:54:59.127,1,73/110,Common,Water,40,Basic,[1] Tackle (10),"[W] Blot (10) 
<br>Remove 2 damage counters from Oddish.",R,,1,10.0,17.58,27.3,18.78,,Reverse Holofoil,
87862,Omanyte (Delta Species),Omanyte Delta Species,https://tcgplayer-cdn.tcgplayer.com/product/87862_200w.jpg,3,1379,https://cpt.tcgcsv.com/g9K,2024-07-26T19:24:44.923,1,74/110,Common,Psychic,70,Stage 1,"[P] Collect 
<br>Draw 3 cards.","[2] Water Arrow
<br>Choose 1 of your opponent's Pokemon.  This attack does 20 damage to that Pokemon. <i> (Don't apply Weakness and Resistance for Benched Pokemon.)</i>",L,,1,0.25,0.6,5.0,0.61,,Normal,
87862,Omanyte (Delta Species),Omanyte Delta Species,https://tcgplayer-cdn.tcgplayer.com/product/87862_200w.jpg,3,1379,https://cpt.tcgcsv.com/g9K,2024-07-26T19:24:44.923,1,74/110,Common,Psychic,70,Stage 1,"[P] Collect 
<br>Draw 3 cards.","[2] Water Arrow
<br>Choose 1 of your opponent's Pokemon.  This attack does 20 damage to that Pokemon. <i> (Don't apply Weakness and Resistance for Benched Pokemon.)</i>",L,,1,8.17,17.17,19.99,11.81,8.17,Reverse Holofoil,
87872,Omastar (Delta Species),Omastar Delta Species,https://tcgplayer-cdn.tcgplayer.com/product/87872_200w.jpg,3,1379,https://cpt.tcgcsv.com/s9K,2024-04-11T17:54:59.303,1,13/110,Holo Rare,Psychic,110,Stage 2,"[1P] Bind (30)
<br>Flip a coin.  If heads, the Defending Pokemon is now Paralyzed.","[2P] Vengeful Spikes (30+) 
<br>Does 30 damage plus 10 more damage for each Omanyte, Omastar, Kabuto, Kabutops, and Kabutops ex in your discard pile.  You can't add more than 60 damage in this way.",L,,2,12.8,15.5,29.12,8.8,,Holofoil,
87872,Omastar (Delta Species),Omastar Delta Species,https://tcgplayer-cdn.tcgplayer.com/product/87872_200w.jpg,3,1379,https://cpt.tcgcsv.com/s9K,2024-04-11T17:54:59.303,1,13/110,Holo Rare,Psychic,110,Stage 2,"[1P] Bind (30)
<br>Flip a coin.  If heads, the Defending Pokemon is now Paralyzed.","[2P] Vengeful Spikes (30+) 
<br>Does 30 damage plus 10 more damage for each Omanyte, Omastar, Kabuto, Kabutops, and Kabutops ex in your discard pile.  You can't add more than 60 damage in this way.",L,,2,13.0,14.0,15.0,15.12,,Reverse Holofoil,
87989,Persian (Delta Species),Persian Delta Species,https://tcgplayer-cdn.tcgplayer.com/product/87989_200w.jpg,3,1379,https://cpt.tcgcsv.com/PcK,2024-04-11T17:54:59.363,1,48/110,Uncommon,Darkness Metal,70,Stage 1,"[1D] Scratch and Draw (30) 
<br>If any Stadium card with Holon in its name is in play, draw 3 cards.","[1M] Deceive 
<br>Your opponent chooses 1 of his or her Pokemon.  Put 4 damage counters on that Pokemon.",F,,0,0.95,1.75,2.99,1.93,,Normal,
87989,Persian (Delta Species),Persian Delta Species,https://tcgplayer-cdn.tcgplayer.com/product/87989_200w.jpg,3,1379,https://cpt.tcgcsv.com/PcK,2024-04-11T17:54:59.363,1,48/110,Uncommon,Darkness Metal,70,Stage 1,"[1D] Scratch and Draw (30) 
<br>If any Stadium card with Holon in its name is in play, draw 3 cards.","[1M] Deceive 
<br>Your opponent chooses 1 of his or her Pokemon.  Put 4 damage counters on that Pokemon.",F,,0,9.93,14.47,19.0,19.75,,Reverse Holofoil,
88001,Phanpy,Phanpy,https://tcgplayer-cdn.tcgplayer.com/product/88001_200w.jpg,3,1379,https://cpt.tcgcsv.com/2dK,2024-04-11T17:54:59.527,1,75/110,Common,Fighting,50,Basic,"[1] Yawn 
<br>The Defending Pokemon is now Asleep.",[F] Mud Slap (10),G,,1,0.2,0.44,1.99,0.46,0.28,Normal,
88001,Phanpy,Phanpy,https://tcgplayer-cdn.tcgplayer.com/product/88001_200w.jpg,3,1379,https://cpt.tcgcsv.com/2dK,2024-04-11T17:54:59.527,1,75/110,Common,Fighting,50,Basic,"[1] Yawn 
<br>The Defending Pokemon is now Asleep.",[F] Mud Slap (10),G,,1,2.13,4.25,6.52,6.0,,Reverse Holofoil,
88023,Pichu (Delta Species),Pichu Delta Species,https://tcgplayer-cdn.tcgplayer.com/product/88023_200w.jpg,3,1379,https://cpt.tcgcsv.com/tdK,2024-04-11T17:54:59.613,1,76/110,Common,Metal,50,Basic,"[1] Paste 
<br>Search your discard pile for an Energy card and attach it to one of your Pokemon that has Delta Species on its card.",,Fx2,None,1,2.02,3.17,5.25,3.83,,Normal,"<b>Poke-POWER</b> Baby Evolution 
<br>Once during your turn (before your attack), you may put Pikachu from your hand onto Pichu (this counts as evolving Pichu) and remove all damage counters from Pichu."
88023,Pichu (Delta Species),Pichu Delta Species,https://tcgplayer-cdn.tcgplayer.com/product/88023_200w.jpg,3,1379,https://cpt.tcgcsv.com/tdK,2024-04-11T17:54:59.613,1,76/110,Common,Metal,50,Basic,"[1] Paste 
<br>Search your discard pile for an Energy card and attach it to one of your Pokemon that has Delta Species on its card.",,Fx2,None,1,15.95,26.13,36.31,33.42,,Reverse Holofoil,"<b>Poke-POWER</b> Baby Evolution 
<br>Once during your turn (before your attack), you may put Pikachu from your hand onto Pichu (this counts as evolving Pichu) and remove all damage counters from Pichu."
88036,Pidgeot (Delta Species),Pidgeot Delta Species,https://tcgplayer-cdn.tcgplayer.com/product/88036_200w.jpg,3,1379,https://cpt.tcgcsv.com/LdK,2024-04-11T17:54:59.69,1,14/110,Holo Rare,Lightning Metal,100,Stage 2,"[1LM] Rotating Claws (50)
<br>You may discard an Energy card attached to Pidgeot.  If you do, search your discard pile for an Energy card (excluding the one you discarded) and attach it to Pidgeot.",,L,F,1,14.14,25.0,29.99,15.73,,Holofoil,"<b>Poke-BODY</b> Delta Reverse  
<br>As long as Pidgeot has any Holon Energy cards attached to it, each player's Pokemon <em>(excluding Pokemon that has Delta Species on its card)</em> can't use any Poke-Powers."
88036,Pidgeot (Delta Species),Pidgeot Delta Species,https://tcgplayer-cdn.tcgplayer.com/product/88036_200w.jpg,3,1379,https://cpt.tcgcsv.com/LdK,2024-04-11T17:54:59.69,1,14/110,Holo Rare,Lightning Metal,100,Stage 2,"[1LM] Rotating Claws (50)
<br>You may discard an Energy card attached to Pidgeot.  If you do, search your discard pile for an Energy card (excluding the one you discarded) and attach it to Pidgeot.",,L,F,1,42.69,51.35,60.0,29.99,,Reverse Holofoil,"<b>Poke-BODY</b> Delta Reverse  
<br>As long as Pidgeot has any Holon Energy cards attached to it, each player's Pokemon <em>(excluding Pokemon that has Delta Species on its card)</em> can't use any Poke-Powers."
88044,Pidgeotto (Delta Species),Pidgeotto Delta Species,https://tcgplayer-cdn.tcgplayer.com/product/88044_200w.jpg,3,1379,https://cpt.tcgcsv.com/VdK,2024-04-11T17:54:59.783,1,49/110,Uncommon,Lightning,70,Stage 1,"[1L] Whirlwind (30)
<br> Your opponent switches the Defending Pokemon with 1of his or her Benched Pokemon.",,L,F,1,0.59,2.33,4.04,2.38,,Normal,
88044,Pidgeotto (Delta Species),Pidgeotto Delta Species,https://tcgplayer-cdn.tcgplayer.com/product/88044_200w.jpg,3,1379,https://cpt.tcgcsv.com/VdK,2024-04-11T17:54:59.783,1,49/110,Uncommon,Lightning,70,Stage 1,"[1L] Whirlwind (30)
<br> Your opponent switches the Defending Pokemon with 1of his or her Benched Pokemon.",,L,F,1,6.0,8.64,11.27,13.59,,Reverse Holofoil,
88053,Pidgey (Delta Species),Pidgey Delta Species,https://tcgplayer-cdn.tcgplayer.com/product/88053_200w.jpg,3,1379,https://cpt.tcgcsv.com/5fK,2024-04-11T17:54:59.88,1,77/110,Common,Lightning,40,Basic,[1] Wing Attack (10),,L,F,1,0.35,0.75,3.99,0.86,,Normal,
88053,Pidgey (Delta Species),Pidgey Delta Species,https://tcgplayer-cdn.tcgplayer.com/product/88053_200w.jpg,3,1379,https://cpt.tcgcsv.com/5fK,2024-04-11T17:54:59.88,1,77/110,Common,Lightning,40,Basic,[1] Wing Attack (10),,L,F,1,13.15,14.9,20.0,13.04,,Reverse Holofoil,
88082,Pikachu,Pikachu,https://tcgplayer-cdn.tcgplayer.com/product/88082_200w.jpg,3,1379,https://cpt.tcgcsv.com/GfK,2024-04-11T17:54:59.987,1,78/110,Common,Lightning,50,Basic,"[1] Thunder Wave 
<br>Flip a coin.  If heads, the Defending Pokemon is now Paralyzed.","[1L] Quick Attack (20+) 
<br>Flip a coin.  If heads, this attack does 20 damage plus 10 more damage.",Fx2,None,1,1.91,2.73,10.12,3.67,,Normal,
88082,Pikachu,Pikachu,https://tcgplayer-cdn.tcgplayer.com/product/88082_200w.jpg,3,1379,https://cpt.tcgcsv.com/GfK,2024-04-11T17:54:59.987,1,78/110,Common,Lightning,50,Basic,"[1] Thunder Wave 
<br>Flip a coin.  If heads, the Defending Pokemon is now Paralyzed.","[1L] Quick Attack (20+) 
<br>Flip a coin.  If heads, this attack does 20 damage plus 10 more damage.",Fx2,None,1,17.52,23.55,35.62,52.72,,Reverse Holofoil,
88108,Pikachu (Delta Species),Pikachu Delta Species,https://tcgplayer-cdn.tcgplayer.com/product/88108_200w.jpg,3,1379,https://cpt.tcgcsv.com/bgK,2024-04-11T17:55:00.137,1,79/110,Common,Metal,50,Basic,[1] Tail Whap (10),"[2M] Steel Headbutt (30+) 
<br>Flip a coin.  If heads, this attack does 30 damage plus 10 more damage.",F,,1,2.5,4.41,6.73,5.23,,Normal,
88108,Pikachu (Delta Species),Pikachu Delta Species,https://tcgplayer-cdn.tcgplayer.com/product/88108_200w.jpg,3,1379,https://cpt.tcgcsv.com/bgK,2024-04-11T17:55:00.137,1,79/110,Common,Metal,50,Basic,[1] Tail Whap (10),"[2M] Steel Headbutt (30+) 
<br>Flip a coin.  If heads, this attack does 30 damage plus 10 more damage.",F,,1,59.5,75.09,78.84,97.13,,Reverse Holofoil,
88111,Pikachu Star,Pikachu Star,https://tcgplayer-cdn.tcgplayer.com/product/88111_200w.jpg,3,1379,https://cpt.tcgcsv.com/fgK,2024-04-11T17:55:00.497,1,104/110,Ultra Rare,Lightning,60,Basic,"[1] Thundershock (10)
<br> Flip a coin.  If heads, the Defending Pokemon is now Paralyzed.","[2] Spring Back (20+)
<br> If your opponent has only 1 Prize card left, this attack does 20 damage plus 50 more damage.",F,,1,2498.0,2498.0,2498.0,2032.83,,Holofoil,
88298,Poochyena,Poochyena,https://tcgplayer-cdn.tcgplayer.com/product/88298_200w.jpg,3,1379,https://cpt.tcgcsv.com/-kK,2024-04-11T17:55:00.623,1,80/110,Common,Darkness,40,Basic,"[1] Paralyzing Gaze  
<br>Flip a coin.  If heads, the Defending Pokemon is now Paralyzed.",[2] Smash Kick (20),Fx2,P-30,1,0.1,0.37,3.0,0.37,,Normal,
88298,Poochyena,Poochyena,https://tcgplayer-cdn.tcgplayer.com/product/88298_200w.jpg,3,1379,https://cpt.tcgcsv.com/-kK,2024-04-11T17:55:00.623,1,80/110,Common,Darkness,40,Basic,"[1] Paralyzing Gaze  
<br>Flip a coin.  If heads, the Defending Pokemon is now Paralyzed.",[2] Smash Kick (20),Fx2,P-30,1,2.17,2.5,2.99,5.54,,Reverse Holofoil,
88367,Primeape (Delta Species),Primeape Delta Species,https://tcgplayer-cdn.tcgplayer.com/product/88367_200w.jpg,3,1379,https://cpt.tcgcsv.com/mmK,2024-04-11T17:55:00.863,1,50/110,Uncommon,Fire,70,Stage 1,"[1R] Wreck (30+) 
<br>If there is any Stadium card in play, this attack does 30 damage plus 30 more damage.  Discard that Stadium card.","[2R] Flames of Rage (10+) 
<br>Discard 2 Energy attached to Primeape.  This attack does 10 damage plus 20 more damage for each damage counter on Primeape.",Px2,,0,0.62,1.36,2.13,1.42,,Normal,
88367,Primeape (Delta Species),Primeape Delta Species,https://tcgplayer-cdn.tcgplayer.com/product/88367_200w.jpg,3,1379,https://cpt.tcgcsv.com/mmK,2024-04-11T17:55:00.863,1,50/110,Uncommon,Fire,70,Stage 1,"[1R] Wreck (30+) 
<br>If there is any Stadium card in play, this attack does 30 damage plus 30 more damage.  Discard that Stadium card.","[2R] Flames of Rage (10+) 
<br>Discard 2 Energy attached to Primeape.  This attack does 10 damage plus 20 more damage for each damage counter on Primeape.",Px2,,0,13.0,16.6,20.0,24.99,,Reverse Holofoil,
88386,Professor Cozmo's Discovery,Professor Cozmos Discovery,https://tcgplayer-cdn.tcgplayer.com/product/88386_200w.jpg,3,1379,https://cpt.tcgcsv.com/LmK,2024-04-11T17:55:00.94,1,89/110,Uncommon,Supporter,,,,,,,,0.09,0.35,1.99,0.35,0.14,Normal,"You can play only one supporter card each turn.  When you play this card, put it next to your Active Pokemon.  When your turn ends, discard this card.
<br>
<br>
Flip a coin.  If heads, draw the bottom 3 cards of your deck.  If tails, draw the top 2 cards of your deck."
88386,Professor Cozmo's Discovery,Professor Cozmos Discovery,https://tcgplayer-cdn.tcgplayer.com/product/88386_200w.jpg,3,1379,https://cpt.tcgcsv.com/LmK,2024-04-11T17:55:00.94,1,89/110,Uncommon,Supporter,,,,,,,,1.49,4.87,6.99,5.31,,Reverse Holofoil,"You can play only one supporter card each turn.  When you play this card, put it next to your Active Pokemon.  When your turn ends, discard this card.
<br>
<br>
Flip a coin.  If heads, draw the bottom 3 cards of your deck.  If tails, draw the top 2 cards of your deck."
88421,Psychic Energy,Psychic Energy,https://tcgplayer-cdn.tcgplayer.com/product/88421_200w.jpg,3,1379,https://cpt.tcgcsv.com/rnK,2024-04-11T17:55:01.057,1,109/110,Holo Rare,Basic Energy,,,,,,,,8.0,11.27,64.2,8.96,,Holofoil,
88443,Psyduck (Delta Species),Psyduck Delta Species,https://tcgplayer-cdn.tcgplayer.com/product/88443_200w.jpg,3,1379,https://cpt.tcgcsv.com/TnK,2024-04-11T17:55:01.533,1,81/110,Common,Lightning,50,Basic,[1] Scratch (10),"[L] Disable 
<br>Choose 1 of the Defending Pokemon's attacks.  That Pokemon can't use that attack during your opponent's next turn.",Lx2,None,1,3.35,7.39,15.0,8.22,,Normal,
88508,Raichu,Raichu,https://tcgplayer-cdn.tcgplayer.com/product/88508_200w.jpg,3,1379,https://cpt.tcgcsv.com/bqK,2024-04-11T17:55:01.603,1,51/110,Uncommon,Lightning,80,Stage 1,"[2] Thundershock (20)
<br>Flip a coin.  If heads, the Defending Pokemon is now Paralyzed.",[2L] Pika Bolt (50),Fx2,None,1,0.83,2.09,5.37,2.13,,Normal,
88508,Raichu,Raichu,https://tcgplayer-cdn.tcgplayer.com/product/88508_200w.jpg,3,1379,https://cpt.tcgcsv.com/bqK,2024-04-11T17:55:01.603,1,51/110,Uncommon,Lightning,80,Stage 1,"[2] Thundershock (20)
<br>Flip a coin.  If heads, the Defending Pokemon is now Paralyzed.",[2L] Pika Bolt (50),Fx2,None,1,38.3,49.15,60.0,41.5,,Reverse Holofoil,
88524,Raichu (Delta Species),Raichu Delta Species,https://tcgplayer-cdn.tcgplayer.com/product/88524_200w.jpg,3,1379,https://cpt.tcgcsv.com/vqK,2024-04-11T17:55:01.697,1,15/110,Holo Rare,Metal,70,Stage 1,"[1] Zzzap 
<br>Does 20 damage to each Pokemon that has any Poke-Powers or Poke-Bodies (both yours and your opponent's).  Don't apply Weakness or Resistance.","[1MM] Metallic Thunder (50) 
<br>You may discard 2 M Energy attached to Raichu.  If you do, this attack's base damage is 90 instead of 50.",F,,0,24.99,33.66,49.8,41.22,,Holofoil,
88524,Raichu (Delta Species),Raichu Delta Species,https://tcgplayer-cdn.tcgplayer.com/product/88524_200w.jpg,3,1379,https://cpt.tcgcsv.com/vqK,2024-04-11T17:55:01.697,1,15/110,Holo Rare,Metal,70,Stage 1,"[1] Zzzap 
<br>Does 20 damage to each Pokemon that has any Poke-Powers or Poke-Bodies (both yours and your opponent's).  Don't apply Weakness or Resistance.","[1MM] Metallic Thunder (50) 
<br>You may discard 2 M Energy attached to Raichu.  If you do, this attack's base damage is 90 instead of 50.",F,,0,289.0,337.29,399.99,59.19,,Reverse Holofoil,
88591,Rare Candy,Rare Candy,https://tcgplayer-cdn.tcgplayer.com/product/88591_200w.jpg,3,1379,https://cpt.tcgcsv.com/RrK,2024-04-11T17:55:01.853,1,90/110,Uncommon,Item,,,"Choose 1 of your Basic Pokemon in play.  If you have a Stage 1 or Stage 2 card that evolves from that Pokemon in your hand, put that card on the Basic Pokemon.  (This counts as evolving that Pokemon.)",,,,,6.53,11.71,19.99,10.67,,Normal,"Choose 1 of your Basic Pokemon in play.  If you have a Stage 1 or Stage 2 card that evolves from that Pokemon in your hand, put that card on the Basic Pokemon.  <em>(This counts as evolving that Pokemon.)</em>"
88591,Rare Candy,Rare Candy,https://tcgplayer-cdn.tcgplayer.com/product/88591_200w.jpg,3,1379,https://cpt.tcgcsv.com/RrK,2024-04-11T17:55:01.853,1,90/110,Uncommon,Item,,,"Choose 1 of your Basic Pokemon in play.  If you have a Stage 1 or Stage 2 card that evolves from that Pokemon in your hand, put that card on the Basic Pokemon.  (This counts as evolving that Pokemon.)",,,,,34.98,46.29,57.6,30.36,,Reverse Holofoil,"Choose 1 of your Basic Pokemon in play.  If you have a Stage 1 or Stage 2 card that evolves from that Pokemon in your hand, put that card on the Basic Pokemon.  <em>(This counts as evolving that Pokemon.)</em>"
88634,Rayquaza - 016/110 (Delta Species),Rayquaza 016 110 Delta Species,https://tcgplayer-cdn.tcgplayer.com/product/88634_200w.jpg,3,1379,https://cpt.tcgcsv.com/JsK,2024-04-11T17:55:02.297,1,16/110,Holo Rare,Water Metal,80,Basic,"[1] Delta Search 
<br>Search your deck for a Holon Energy card and attach it to Rayquaza.  Shuffle your deck afterward.",[2MW] Ozone Flare (60),Cx2,FW-30,2,167.0,171.1,299.99,117.92,299.99,Holofoil,"<b>Poke-BODY</b> Hydro Barrier 
<br>As long as Rayquaza has any Holon Energy cards attached to it, each of your W Pokemon has no Weakness."
88634,Rayquaza - 016/110 (Delta Species),Rayquaza 016 110 Delta Species,https://tcgplayer-cdn.tcgplayer.com/product/88634_200w.jpg,3,1379,https://cpt.tcgcsv.com/JsK,2024-04-11T17:55:02.297,1,16/110,Holo Rare,Water Metal,80,Basic,"[1] Delta Search 
<br>Search your deck for a Holon Energy card and attach it to Rayquaza.  Shuffle your deck afterward.",[2MW] Ozone Flare (60),Cx2,FW-30,2,299.99,299.99,299.99,310.0,,Reverse Holofoil,"<b>Poke-BODY</b> Hydro Barrier 
<br>As long as Rayquaza has any Holon Energy cards attached to it, each of your W Pokemon has no Weakness."
88635,Rayquaza - 026/110 (Delta Species),Rayquaza 026 110 Delta Species,https://tcgplayer-cdn.tcgplayer.com/product/88635_200w.jpg,3,1379,https://cpt.tcgcsv.com/KsK,2024-04-11T17:55:02.407,1,26/110,Rare,Fire,80,Basic,"[1R] Outrage (10+) 
<br>Flip a coin.  If tails, this attack does nothing.  If heads, this attack does 10 damage plus 10 more damage for each damage counter on Rayquaza.","[2R] Flamethrower (40) 
<br>Discard a R Energy attached to Rayquaza.",Cx2,None,2,19.99,27.0,80.0,23.32,,Normal,
88635,Rayquaza - 026/110 (Delta Species),Rayquaza 026 110 Delta Species,https://tcgplayer-cdn.tcgplayer.com/product/88635_200w.jpg,3,1379,https://cpt.tcgcsv.com/KsK,2024-04-11T17:55:02.407,1,26/110,Rare,Fire,80,Basic,"[1R] Outrage (10+) 
<br>Flip a coin.  If tails, this attack does nothing.  If heads, this attack does 10 damage plus 10 more damage for each damage counter on Rayquaza.","[2R] Flamethrower (40) 
<br>Discard a R Energy attached to Rayquaza.",Cx2,None,2,163.11,299.99,340.4,299.99,,Reverse Holofoil,
88656,Regice,Regice,https://tcgplayer-cdn.tcgplayer.com/product/88656_200w.jpg,3,1379,https://cpt.tcgcsv.com/8tK,2024-04-11T17:55:02.517,1,27/110,Rare,Water,80,Basic,"[1WW] Icy Wind (40) 
<br>Flip a coin.  If heads, the Defending Pokemon is now Asleep.",,Mx2,None,2,2.72,3.13,4.99,3.3,,Normal,"<b>Poke-BODY</b> Clear Body 
<br>Regice can't be affected by any Special Conditions."
88656,Regice,Regice,https://tcgplayer-cdn.tcgplayer.com/product/88656_200w.jpg,3,1379,https://cpt.tcgcsv.com/8tK,2024-04-11T17:55:02.517,1,27/110,Rare,Water,80,Basic,"[1WW] Icy Wind (40) 
<br>Flip a coin.  If heads, the Defending Pokemon is now Asleep.",,Mx2,None,2,21.47,35.0,49.99,29.2,,Reverse Holofoil,"<b>Poke-BODY</b> Clear Body 
<br>Regice can't be affected by any Special Conditions."
88671,Regirock,Regirock,https://tcgplayer-cdn.tcgplayer.com/product/88671_200w.jpg,3,1379,https://cpt.tcgcsv.com/rtK,2024-04-11T17:55:02.61,1,28/110,Rare,Fighting,80,Basic,"[1FF] Rock Slide (40) 
<br>Does 10 damage to 2 of your opponent's Benched Pokemon.  <i>(Don't apply Weakness and Resistance for Benched Pokemon.)</i>",,Wx2,None,2,1.71,2.54,4.79,2.6,,Normal,"<b>Poke-BODY</b> Clear Body 
<br>Regirock can't be affected by any Special Conditions."
88671,Regirock,Regirock,https://tcgplayer-cdn.tcgplayer.com/product/88671_200w.jpg,3,1379,https://cpt.tcgcsv.com/rtK,2024-04-11T17:55:02.61,1,28/110,Rare,Fighting,80,Basic,"[1FF] Rock Slide (40) 
<br>Does 10 damage to 2 of your opponent's Benched Pokemon.  <i>(Don't apply Weakness and Resistance for Benched Pokemon.)</i>",,Wx2,None,2,22.0,24.99,29.99,13.35,,Reverse Holofoil,"<b>Poke-BODY</b> Clear Body 
<br>Regirock can't be affected by any Special Conditions."
88676,Registeel,Registeel,https://tcgplayer-cdn.tcgplayer.com/product/88676_200w.jpg,3,1379,https://cpt.tcgcsv.com/xtK,2024-04-11T17:55:02.687,1,29/110,Rare,Metal,80,Basic,"[1MM] Hyper Beam (30) 
<br>Flip a coin.  If heads, discard an Energy card attached to the Defending Pokemon.",,Rx2,G-30,2,1.96,2.72,4.4,2.68,,Normal,"<b>Poke-BODY</b> Clear Body 
<br>Registeel can't be affected by any Special Conditions."
88676,Registeel,Registeel,https://tcgplayer-cdn.tcgplayer.com/product/88676_200w.jpg,3,1379,https://cpt.tcgcsv.com/xtK,2024-04-11T17:55:02.687,1,29/110,Rare,Metal,80,Basic,"[1MM] Hyper Beam (30) 
<br>Flip a coin.  If heads, discard an Energy card attached to the Defending Pokemon.",,Rx2,G-30,2,14.98,34.84,39.99,28.11,,Reverse Holofoil,"<b>Poke-BODY</b> Clear Body 
<br>Registeel can't be affected by any Special Conditions."
88686,Relicanth,Relicanth,https://tcgplayer-cdn.tcgplayer.com/product/88686_200w.jpg,3,1379,https://cpt.tcgcsv.com/LtK,2024-04-11T17:55:02.783,1,30/110,Rare,Water,70,Basic,"[2] Knock Away (20+) 
<br>Flip a coin.  If heads, this attack does 20 damage plus 10 more damage.",,Lx2,None,1,0.89,1.46,4.64,1.49,,Normal,"<b>Poke-BODY</b> Aqua Lift 
<br>If Relicanth has any W Energy attached to it, the Retreat Cost for Relicanth is 0."
88686,Relicanth,Relicanth,https://tcgplayer-cdn.tcgplayer.com/product/88686_200w.jpg,3,1379,https://cpt.tcgcsv.com/LtK,2024-04-11T17:55:02.783,1,30/110,Rare,Water,70,Basic,"[2] Knock Away (20+) 
<br>Flip a coin.  If heads, this attack does 20 damage plus 10 more damage.",,Lx2,None,1,9.65,14.99,40.0,12.4,,Reverse Holofoil,"<b>Poke-BODY</b> Aqua Lift 
<br>If Relicanth has any W Energy attached to it, the Retreat Cost for Relicanth is 0."
88812,Root Fossil,Root Fossil,https://tcgplayer-cdn.tcgplayer.com/product/88812_200w.jpg,3,1379,https://cpt.tcgcsv.com/gxK,2024-04-11T17:55:02.853,1,93/110,Common,Item,40,,,,,,,0.11,0.31,2.02,0.31,0.16,Normal,"Play Root Fossil as if it were a Basic Pokemon.  While in play, Root Fossil counts as a C Pokemon (as well as a Trainer card).  Root Fossil has no attacks of it's own, can't retreat, and can't be affected by any Special Conditions.  If Root Fossil is Knocked Out, it doesn't count as a Knocked Out Pokemon.  (Discard it anyway.) At any time during your turn before your attack, you may discard Root Fossil from play.
<br>
<br>

<b>Poke-BODY</b> Spongy Stone 
<br>At any time between turns, remove 1 damage counter from Root Fossil."
88812,Root Fossil,Root Fossil,https://tcgplayer-cdn.tcgplayer.com/product/88812_200w.jpg,3,1379,https://cpt.tcgcsv.com/gxK,2024-04-11T17:55:02.853,1,93/110,Common,Item,40,,,,,,,2.08,3.99,5.99,3.0,,Reverse Holofoil,"Play Root Fossil as if it were a Basic Pokemon.  While in play, Root Fossil counts as a C Pokemon (as well as a Trainer card).  Root Fossil has no attacks of it's own, can't retreat, and can't be affected by any Special Conditions.  If Root Fossil is Knocked Out, it doesn't count as a Knocked Out Pokemon.  (Discard it anyway.) At any time during your turn before your attack, you may discard Root Fossil from play.
<br>
<br>

<b>Poke-BODY</b> Spongy Stone 
<br>At any time between turns, remove 1 damage counter from Root Fossil."
88849,Sableye,Sableye,https://tcgplayer-cdn.tcgplayer.com/product/88849_200w.jpg,3,1379,https://cpt.tcgcsv.com/_xK,2024-04-11T17:55:02.947,1,31/110,Rare,Darkness,60,Basic,"[1] Paralyzing Gaze 
<br>Flip a coin.  If heads, the Defending Pokemon is now Paralyzed.","[1D] Knock Off (10) 
<br>Choose 1 card from your opponent's hand without looking and discard it.",None,C-30,1,1.0,1.71,3.5,1.58,,Normal,
88849,Sableye,Sableye,https://tcgplayer-cdn.tcgplayer.com/product/88849_200w.jpg,3,1379,https://cpt.tcgcsv.com/_xK,2024-04-11T17:55:02.947,1,31/110,Rare,Darkness,60,Basic,"[1] Paralyzing Gaze 
<br>Flip a coin.  If heads, the Defending Pokemon is now Paralyzed.","[1D] Knock Off (10) 
<br>Choose 1 card from your opponent's hand without looking and discard it.",None,C-30,1,9.99,11.0,12.0,27.99,,Reverse Holofoil,
89018,Seadra (Delta Species),Seadra Delta Species,https://tcgplayer-cdn.tcgplayer.com/product/89018_200w.jpg,3,1379,https://cpt.tcgcsv.com/nDK,2024-04-11T17:55:03.027,1,52/110,Uncommon,Fire,70,Stage 1,"[2] Searing Flame (10) 
<br>The Defending Pokemon is now Burned.",[2R] Combustion (40),Lx2,None,1,0.94,1.74,4.04,1.83,,Normal,
89018,Seadra (Delta Species),Seadra Delta Species,https://tcgplayer-cdn.tcgplayer.com/product/89018_200w.jpg,3,1379,https://cpt.tcgcsv.com/nDK,2024-04-11T17:55:03.027,1,52/110,Uncommon,Fire,70,Stage 1,"[2] Searing Flame (10) 
<br>The Defending Pokemon is now Burned.",[2R] Combustion (40),Lx2,None,1,5.15,8.92,12.68,30.33,,Reverse Holofoil,
89084,Seviper,Seviper,https://tcgplayer-cdn.tcgplayer.com/product/89084_200w.jpg,3,1379,https://cpt.tcgcsv.com/JFK,2024-04-11T17:55:03.343,1,32/110,Rare,Grass,70,Basic,"[1] Poison Fang 
<br>Flip a coin.  If heads, the Defending Pokemon is now Poisoned.",[2G] Bite (40),Px2,None,1,0.8,1.32,4.74,1.18,1.97,Normal,
89084,Seviper,Seviper,https://tcgplayer-cdn.tcgplayer.com/product/89084_200w.jpg,3,1379,https://cpt.tcgcsv.com/JFK,2024-04-11T17:55:03.343,1,32/110,Rare,Grass,70,Basic,"[1] Poison Fang 
<br>Flip a coin.  If heads, the Defending Pokemon is now Poisoned.",[2G] Bite (40),Px2,None,1,4.95,7.48,9.74,6.03,,Reverse Holofoil,
89102,Sharpedo (Delta Species),Sharpedo Delta Species,https://tcgplayer-cdn.tcgplayer.com/product/89102_200w.jpg,3,1379,https://cpt.tcgcsv.com/3GK,2024-04-11T17:55:03.45,1,53/110,Uncommon,Fighting,70,Stage 1,"[2] Brush Aside (30)
<br>If Sharpedo has any Holon Energy cards attached to it, choose 1 card from your opponent's hand without looking and discard it.","[2F] Swift Turn (50+) 
<br>If the Defending Pokemon has F Resistance, this attack does 50 damage plus 30 more damage.",L,,0,0.77,1.1,4.04,1.2,,Normal,
89102,Sharpedo (Delta Species),Sharpedo Delta Species,https://tcgplayer-cdn.tcgplayer.com/product/89102_200w.jpg,3,1379,https://cpt.tcgcsv.com/3GK,2024-04-11T17:55:03.45,1,53/110,Uncommon,Fighting,70,Stage 1,"[2] Brush Aside (30)
<br>If Sharpedo has any Holon Energy cards attached to it, choose 1 card from your opponent's hand without looking and discard it.","[2F] Swift Turn (50+) 
<br>If the Defending Pokemon has F Resistance, this attack does 50 damage plus 30 more damage.",L,,0,13.22,14.98,22.0,16.45,,Reverse Holofoil,
89649,Surskit,Surskit,https://tcgplayer-cdn.tcgplayer.com/product/89649_200w.jpg,3,1379,https://cpt.tcgcsv.com/_SK,2024-04-11T17:55:03.617,1,82/110,Common,Grass,40,Basic,"[1] Super Hypno Wave (10) 
<br>The Defending Pokemon is now Asleep.",,R,,1,0.15,0.28,1.99,0.33,0.15,Normal,
89649,Surskit,Surskit,https://tcgplayer-cdn.tcgplayer.com/product/89649_200w.jpg,3,1379,https://cpt.tcgcsv.com/_SK,2024-04-11T17:55:03.617,1,82/110,Common,Grass,40,Basic,"[1] Super Hypno Wave (10) 
<br>The Defending Pokemon is now Asleep.",,R,,1,2.42,3.3,4.95,2.16,,Reverse Holofoil,
89956,Torchic,Torchic,https://tcgplayer-cdn.tcgplayer.com/product/89956_200w.jpg,3,1379,https://cpt.tcgcsv.com/8_K,2024-04-11T17:55:03.773,1,83/110,Common,Fire,40,Basic,[1] Peck (10),[1R] Flare (20),W,,1,0.13,0.37,2.97,0.39,0.2,Normal,
89956,Torchic,Torchic,https://tcgplayer-cdn.tcgplayer.com/product/89956_200w.jpg,3,1379,https://cpt.tcgcsv.com/8_K,2024-04-11T17:55:03.773,1,83/110,Common,Fire,40,Basic,[1] Peck (10),[1R] Flare (20),W,,1,9.09,11.3,20.75,13.61,,Reverse Holofoil,
89969,Torkoal,Torkoal,https://tcgplayer-cdn.tcgplayer.com/product/89969_200w.jpg,3,1379,https://cpt.tcgcsv.com/p_K,2024-04-11T17:55:03.837,1,33/110,Rare,Fire,80,Basic,"[1] Grind (10x) 
<br>Does 10 damage times the amount of Energy attached to Torkoal.",[2R] Combustion (40),W,,2,0.51,1.18,3.89,1.03,,Normal,
89969,Torkoal,Torkoal,https://tcgplayer-cdn.tcgplayer.com/product/89969_200w.jpg,3,1379,https://cpt.tcgcsv.com/p_K,2024-04-11T17:55:03.837,1,33/110,Rare,Fire,80,Basic,"[1] Grind (10x) 
<br>Does 10 damage times the amount of Energy attached to Torkoal.",[2R] Combustion (40),W,,2,8.19,14.9,21.0,8.66,,Reverse Holofoil,
90026,Trapinch (Delta Species),Trapinch Delta Species,https://tcgplayer-cdn.tcgplayer.com/product/90026_200w.jpg,3,1379,https://cpt.tcgcsv.com/x0L,2024-04-11T17:55:03.9,1,84/110,Common,Grass,50,Basic,"[G] Big Bite (10) 
<br>The Defending Pokemon can't retreat during your opponent's next turn.",[2] Mud Slap (20),Gx2,None,1,0.3,0.69,8.64,0.68,,Normal,
90026,Trapinch (Delta Species),Trapinch Delta Species,https://tcgplayer-cdn.tcgplayer.com/product/90026_200w.jpg,3,1379,https://cpt.tcgcsv.com/x0L,2024-04-11T17:55:03.9,1,84/110,Common,Grass,50,Basic,"[G] Big Bite (10) 
<br>The Defending Pokemon can't retreat during your opponent's next turn.",[2] Mud Slap (20),Gx2,None,1,3.99,13.33,14.05,12.49,,Reverse Holofoil,
90340,Vibrava (Delta Species),Vibrava Delta Species,https://tcgplayer-cdn.tcgplayer.com/product/90340_200w.jpg,3,1379,https://cpt.tcgcsv.com/Q8L,2024-04-11T17:55:03.97,1,54/110,Uncommon,Grass,80,Stage 1,"[2] Knock Away (20+) 
<br>Flip a coin.  If heads, this attack does 20 damage plus 10 more damage.",[2G] Cutting Wind (40),Cx2,FL-30,1,0.82,1.36,2.99,1.44,,Normal,
90340,Vibrava (Delta Species),Vibrava Delta Species,https://tcgplayer-cdn.tcgplayer.com/product/90340_200w.jpg,3,1379,https://cpt.tcgcsv.com/Q8L,2024-04-11T17:55:03.97,1,54/110,Uncommon,Grass,80,Stage 1,"[2] Knock Away (20+) 
<br>Flip a coin.  If heads, this attack does 20 damage plus 10 more damage.",[2G] Cutting Wind (40),Cx2,FL-30,1,8.19,13.22,16.32,11.93,,Reverse Holofoil,
90383,Vileplume (Delta Species),Vileplume Delta Species,https://tcgplayer-cdn.tcgplayer.com/product/90383_200w.jpg,3,1379,https://cpt.tcgcsv.com/H9L,2024-10-18T17:42:43.277,1,17/110,Holo Rare,Psychic Metal,90,Stage 2,"[MP] Poltergeist (30+) 
<br>Look at your opponent's hand.  This attack does 30 damage plus 10 more damage for each Trainer card in your opponent's hand.",,Px2,None,1,5.99,14.34,19.35,10.83,12.67,Holofoil,"<b>Poke-POWER</b> Poison Pollen 
<br>Once during your turn <em>(before you attack)</em>, you may flip a coin.  If heads, choose 1 of the Defending Pokemon.  That Pokemon is now Poisoned.  This power can't be used if Vileplume is affected by a Special Condition."
90383,Vileplume (Delta Species),Vileplume Delta Species,https://tcgplayer-cdn.tcgplayer.com/product/90383_200w.jpg,3,1379,https://cpt.tcgcsv.com/H9L,2024-10-18T17:42:43.277,1,17/110,Holo Rare,Psychic Metal,90,Stage 2,"[MP] Poltergeist (30+) 
<br>Look at your opponent's hand.  This attack does 30 damage plus 10 more damage for each Trainer card in your opponent's hand.",,Px2,None,1,6.99,8.89,8.9,14.34,,Reverse Holofoil,"<b>Poke-POWER</b> Poison Pollen 
<br>Once during your turn <em>(before you attack)</em>, you may flip a coin.  If heads, choose 1 of the Defending Pokemon.  That Pokemon is now Poisoned.  This power can't be used if Vileplume is affected by a Special Condition."
90508,Water Energy,Water Energy,https://tcgplayer-cdn.tcgplayer.com/product/90508_200w.jpg,3,1379,https://cpt.tcgcsv.com/bdL,2024-04-11T17:55:04.547,1,107/110,Holo Rare,Basic Energy,,,,,,,,6.1,8.12,14.34,8.66,6.06,Holofoil,
90576,Whiscash,Whiscash,https://tcgplayer-cdn.tcgplayer.com/product/90576_200w.jpg,3,1379,https://cpt.tcgcsv.com/xfL,2024-04-11T17:55:04.68,1,55/110,Uncommon,Fighting,80,Stage 1,"[1] Pebble Hurl (20) 
<br>This attack's damage isn't affected by Resistance.","[2F] Earthquake (60) 
<br>Does 10 damage to each of your Benched Pokemon.  <i>(Don't apply Weakness and Resistance for Benched Pokemon.)</i>",G,,1,0.2,0.43,1.99,0.45,,Normal,
90576,Whiscash,Whiscash,https://tcgplayer-cdn.tcgplayer.com/product/90576_200w.jpg,3,1379,https://cpt.tcgcsv.com/xfL,2024-04-11T17:55:04.68,1,55/110,Uncommon,Fighting,80,Stage 1,"[1] Pebble Hurl (20) 
<br>This attack's damage isn't affected by Resistance.","[2F] Earthquake (60) 
<br>Does 10 damage to each of your Benched Pokemon.  <i>(Don't apply Weakness and Resistance for Benched Pokemon.)</i>",G,,1,3.16,9.99,11.99,5.36,,Reverse Holofoil,
90617,Wobbuffet,Wobbuffet,https://tcgplayer-cdn.tcgplayer.com/product/90617_200w.jpg,3,1379,https://cpt.tcgcsv.com/mgL,2024-04-11T17:55:04.82,1,56/110,Uncommon,Psychic,70,Basic,"[1] Call for Friends 
<br>Search your deck for up to 2 Basic Pokemon and put them onto your Bench.  Shuffle your deck afterward.","[1P] Retaliate (10x) 
<br>Does 10 damage times the number of damage counters on Wobbuffet.",Px2,None,2,0.3,0.84,1.99,0.79,,Normal,
90617,Wobbuffet,Wobbuffet,https://tcgplayer-cdn.tcgplayer.com/product/90617_200w.jpg,3,1379,https://cpt.tcgcsv.com/mgL,2024-04-11T17:55:04.82,1,56/110,Uncommon,Psychic,70,Basic,"[1] Call for Friends 
<br>Search your deck for up to 2 Basic Pokemon and put them onto your Bench.  Shuffle your deck afterward.","[1P] Retaliate (10x) 
<br>Does 10 damage times the number of damage counters on Wobbuffet.",Px2,None,2,8.8,15.06,24.99,7.08,,Reverse Holofoil,
90704,Zangoose,Zangoose,https://tcgplayer-cdn.tcgplayer.com/product/90704_200w.jpg,3,1379,https://cpt.tcgcsv.com/6jL,2024-04-11T17:55:04.913,1,34/110,Rare,Colorless,70,Basic,[1] Scratch (10),"[2] Fury Cutter (10+) 
<br>Flip 3 coins.  If 1 of them is heads, this attack does 10 damage plus 10 more damage.  If 2 of them are heads, this attack does 10 damage plus 20 more damage.  If all of them are heads, this attack does 10 damage plus 40 more damage.",Fx2,None,1,0.3,0.63,2.99,0.61,,Normal,
90704,Zangoose,Zangoose,https://tcgplayer-cdn.tcgplayer.com/product/90704_200w.jpg,3,1379,https://cpt.tcgcsv.com/6jL,2024-04-11T17:55:04.913,1,34/110,Rare,Colorless,70,Basic,[1] Scratch (10),"[2] Fury Cutter (10+) 
<br>Flip 3 coins.  If 1 of them is heads, this attack does 10 damage plus 10 more damage.  If 2 of them are heads, this attack does 10 damage plus 20 more damage.  If all of them are heads, this attack does 10 damage plus 40 more damage.",Fx2,None,1,10.0,15.0,19.99,8.8,,Reverse Holofoil,
98522,Holon Phantoms Booster Pack,Holon Phantoms Booster Pack,https://tcgplayer-cdn.tcgplayer.com/product/98522_200w.jpg,3,1379,https://cpt.tcgcsv.com/sqP,2017-07-22T16:59:40.117,1,,,,,,,,,,,,,,,,,
98523,Holon Phantoms Booster Box,Holon Phantoms Booster Box,https://tcgplayer-cdn.tcgplayer.com/product/98523_200w.jpg,3,1379,https://cpt.tcgcsv.com/tqP,2015-05-06T13:05:45.9,1,,,,,,,,,,,,,,,,,
232850,"Holon Phantoms Theme Deck - ""FireMist""",Holon Phantoms Theme Deck FireMist,https://tcgplayer-cdn.tcgplayer.com/product/232850_200w.jpg,3,1379,https://cpt.tcgcsv.com/09T2,2021-02-17T14:27:16.43,1,,,,,,,,,,,,,,,,,"Burn through your opponent's defenses with the FireMist theme deck. Your Fighting Pokmon will pound your opponent's Bench while Latias uses its mighty Super Singe attack to lead your Fire Pokmon to sure-fire victory!
<br><br><strong>Contents for each Deck:</strong>
<br> 1 60-card pre-constructed deck 
<br> Damage counters 
<br> 1 coin"
232851,"Holon Phantoms Theme Deck - ""FloodRush""",Holon Phantoms Theme Deck FloodRush,https://tcgplayer-cdn.tcgplayer.com/product/232851_200w.jpg,3,1379,https://cpt.tcgcsv.com/29T2,2021-02-17T14:28:44.617,1,,,,,,,,,,,,,,,,,"The tides will turn against your opponents when you surge through their defenses with the FloodRush theme deck. Your Psychic and Water Pokmon will brim with tricks while Latios's Aqua Wave attack washes away any Pokmon that stands in its way!
<br><br><strong>Contents for each Deck:</strong>
<br> 1 60-card pre-constructed deck 
<br> Damage counters 
<br> 1 coin"
