productId,name,cleanName,imageUrl,categoryId,groupId,url,modifiedOn,imageCount,extNumber,extRarity,extCardType,extHP,extStage,extAttack1,extAttack2,extWeakness,extResistance,lowPrice,midPrice,highPrice,marketPrice,directLowPrice,subTypeName,extRetreatCost,extCardText,extUPC
83767,Beedrill,Beedrill,https://tcgplayer-cdn.tcgplayer.com/product/83767_200w.jpg,3,1434,https://cpt.tcgcsv.com/mwH,2022-11-25T20:49:15.4,1,18/75,Rare,Grass,80,Stage 2,"[G] Triple Poison (10)
<br>Flip a coin. If heads, the Defending Pokémon is now Poisoned. Your opponent now puts 3 damage counters on it instead of 1 after each player's turn <em>(even if it was already Poisoned)</em>.","[1GG] Pin Missile (20x)
<br>Flip 4 coins. This attack does 20 times the number of heads.",R,F-30,15.98,17.5,23.4,18.21,,1st Edition,,,
83767,Beedrill,Beedrill,https://tcgplayer-cdn.tcgplayer.com/product/83767_200w.jpg,3,1434,https://cpt.tcgcsv.com/mwH,2022-11-25T20:49:15.4,1,18/75,Rare,Grass,80,Stage 2,"[G] Triple Poison (10)
<br>Flip a coin. If heads, the Defending Pokémon is now Poisoned. Your opponent now puts 3 damage counters on it instead of 1 after each player's turn <em>(even if it was already Poisoned)</em>.","[1GG] Pin Missile (20x)
<br>Flip 4 coins. This attack does 20 times the number of heads.",R,F-30,4.75,5.02,9.99,6.63,7.0,Unlimited,,,
84061,Butterfree,Butterfree,https://tcgplayer-cdn.tcgplayer.com/product/84061_200w.jpg,3,1434,https://cpt.tcgcsv.com/fFH,2022-11-25T20:50:55.063,1,19/75,Rare,Grass,80,Stage 2,"[1G] Magic Dust (20)
<br>Flip a coin. If heads, the Defending Pokémon is now either Asleep, Confused, Paralyzed, or Poisoned (your choice).","[1GG] Hyper Reverse
<br>Does 10 damage times the number of Energy attached to the Defending Pokémon. After doing damage, remove a number of damage counters from Butterfree equal to the amount of damage done to the Defending Pokémon <em>(after applying Weakness and Resistance)</em>.",R,F-30,7.99,11.1,16.2,11.08,,1st Edition,,,
84061,Butterfree,Butterfree,https://tcgplayer-cdn.tcgplayer.com/product/84061_200w.jpg,3,1434,https://cpt.tcgcsv.com/fFH,2022-11-25T20:50:55.063,1,19/75,Rare,Grass,80,Stage 2,"[1G] Magic Dust (20)
<br>Flip a coin. If heads, the Defending Pokémon is now either Asleep, Confused, Paralyzed, or Poisoned (your choice).","[1GG] Hyper Reverse
<br>Does 10 damage times the number of Energy attached to the Defending Pokémon. After doing damage, remove a number of damage counters from Butterfree equal to the amount of damage done to the Defending Pokémon <em>(after applying Weakness and Resistance)</em>.",R,F-30,1.96,2.63,4.79,2.66,,Unlimited,,,
84133,Caterpie,Caterpie,https://tcgplayer-cdn.tcgplayer.com/product/84133_200w.jpg,3,1434,https://cpt.tcgcsv.com/HGH,2025-02-05T21:10:32.86,1,53/75,Common,Grass,50,Basic,"[1] Spin Tackle (20)
<br>Caterpie does 10 damage to itself.",,R,,1.2,1.96,3.99,1.68,,1st Edition,1,,
84133,Caterpie,Caterpie,https://tcgplayer-cdn.tcgplayer.com/product/84133_200w.jpg,3,1434,https://cpt.tcgcsv.com/HGH,2025-02-05T21:10:32.86,1,53/75,Common,Grass,50,Basic,"[1] Spin Tackle (20)
<br>Caterpie does 10 damage to itself.",,R,,0.24,0.58,2.5,0.71,,Unlimited,1,,
84437,Corsola,Corsola,https://tcgplayer-cdn.tcgplayer.com/product/84437_200w.jpg,3,1434,https://cpt.tcgcsv.com/MNH,2023-06-26T09:59:34.023,1,37/75,Uncommon,Water,50,Basic,"[W] Recover
<br>Discard 1 Water Energy attached to Corsola or this attack does nothing. Remove all damage counters from Corsola.","[FF] Spike Cannon (30x)
<br>Flip 2 coins. This attack does 30 times the number of heads.",G,,2.0,2.69,4.23,2.95,,1st Edition,1,,
84437,Corsola,Corsola,https://tcgplayer-cdn.tcgplayer.com/product/84437_200w.jpg,3,1434,https://cpt.tcgcsv.com/MNH,2023-06-26T09:59:34.023,1,37/75,Uncommon,Water,50,Basic,"[W] Recover
<br>Discard 1 Water Energy attached to Corsola or this attack does nothing. Remove all damage counters from Corsola.","[FF] Spike Cannon (30x)
<br>Flip 2 coins. This attack does 30 times the number of heads.",G,,0.5,1.16,2.75,1.68,,Unlimited,1,,
85007,Dunsparce,Dunsparce,https://tcgplayer-cdn.tcgplayer.com/product/85007_200w.jpg,3,1434,https://cpt.tcgcsv.com/90J,2025-02-05T21:10:32.927,1,54/75,Common,Colorless,30,Basic,"[1] Glare (10)
<br>Flip a coin. If heads, the Defending Pokémon is now Paralyzed.",,F,P-30,0.56,1.27,2.5,1.25,,1st Edition,,,
85007,Dunsparce,Dunsparce,https://tcgplayer-cdn.tcgplayer.com/product/85007_200w.jpg,3,1434,https://cpt.tcgcsv.com/90J,2025-02-05T21:10:32.927,1,54/75,Common,Colorless,30,Basic,"[1] Glare (10)
<br>Flip a coin. If heads, the Defending Pokémon is now Paralyzed.",,F,P-30,0.2,0.49,2.5,0.51,,Unlimited,,,
85075,Eevee,Eevee,https://tcgplayer-cdn.tcgplayer.com/product/85075_200w.jpg,3,1434,https://cpt.tcgcsv.com/w2J,2025-05-21T10:41:06.32,1,38/75,Uncommon,Colorless,50,Basic,[1] Smash Kick (10),,F,P-30,11.5,14.2,25.0,15.07,,1st Edition,1,"<strong>Pokémon Power: Energy Evolution</strong>Whenever you attach an Energy card to Eevee, flip a coin. If heads, search your deck for a card that evolves from Eevee that is the same type as the Energy card you attached to Eevee. Attach that card to Eevee. This counts as evolving Eevee. Shuffle your deck afterward. This power can't be used if Eevee is Asleep, Confused, or Paralyzed.",
85075,Eevee,Eevee,https://tcgplayer-cdn.tcgplayer.com/product/85075_200w.jpg,3,1434,https://cpt.tcgcsv.com/w2J,2025-05-21T10:41:06.32,1,38/75,Uncommon,Colorless,50,Basic,[1] Smash Kick (10),,F,P-30,2.35,3.66,9.95,4.04,,Unlimited,1,"<strong>Pokémon Power: Energy Evolution</strong>Whenever you attach an Energy card to Eevee, flip a coin. If heads, search your deck for a card that evolves from Eevee that is the same type as the Energy card you attached to Eevee. Attach that card to Eevee. This counts as evolving Eevee. Shuffle your deck afterward. This power can't be used if Eevee is Asleep, Confused, or Paralyzed.",
85209,Energy Ark,Energy Ark,https://tcgplayer-cdn.tcgplayer.com/product/85209_200w.jpg,3,1434,https://cpt.tcgcsv.com/c6J,2025-02-05T21:10:32.97,1,75/75,Common,Trainer,,,,,,,0.2,0.55,4.99,0.55,,1st Edition,,"Flip 2 coins. For each heads, search your deck for a Basic Energy card. Show that card to your opponent, then put it into your hand. Shuffle your deck afterward.",
85209,Energy Ark,Energy Ark,https://tcgplayer-cdn.tcgplayer.com/product/85209_200w.jpg,3,1434,https://cpt.tcgcsv.com/c6J,2025-02-05T21:10:32.97,1,75/75,Common,Trainer,,,,,,,0.05,0.27,2.5,0.28,,Unlimited,,"Flip 2 coins. For each heads, search your deck for a Basic Energy card. Show that card to your opponent, then put it into your hand. Shuffle your deck afterward.",
85316,Espeon (1),Espeon 1,https://tcgplayer-cdn.tcgplayer.com/product/85316_200w.jpg,3,1434,https://cpt.tcgcsv.com/l8J,2022-11-25T20:58:11.857,1,01/75,Holo Rare,Psychic,80,Stage 1,[2] Bite (20),"[1PP] Psychic (30+)
<br>Does 30 damage plus 10 more for each Energy Card attached to the Defending Pokémon.",P,,300.0,379.95,399.99,,,1st Edition Holofoil,,,
85316,Espeon (1),Espeon 1,https://tcgplayer-cdn.tcgplayer.com/product/85316_200w.jpg,3,1434,https://cpt.tcgcsv.com/l8J,2022-11-25T20:58:11.857,1,01/75,Holo Rare,Psychic,80,Stage 1,[2] Bite (20),"[1PP] Psychic (30+)
<br>Does 30 damage plus 10 more for each Energy Card attached to the Defending Pokémon.",P,,179.96,249.99,500.0,207.74,275.0,Unlimited Holofoil,,,
85320,Espeon (20),Espeon 20,https://tcgplayer-cdn.tcgplayer.com/product/85320_200w.jpg,3,1434,https://cpt.tcgcsv.com/q8J,2022-11-25T20:59:15.46,1,20/75,Rare,Psychic,70,Stage 1,"[2] Quick Attack (10+)
<br>Flip a coin. If heads, this attack does 10 damage plus 20 more damage; if tails, this attack does 10 damage.","[1PP] Psybeam (30)
<br>Flip a coin. If heads, the Defending Pokémon is now Confused.",P,,41.0,88.3,89.99,62.7,,1st Edition,1,,
85320,Espeon (20),Espeon 20,https://tcgplayer-cdn.tcgplayer.com/product/85320_200w.jpg,3,1434,https://cpt.tcgcsv.com/q8J,2022-11-25T20:59:15.46,1,20/75,Rare,Psychic,70,Stage 1,"[2] Quick Attack (10+)
<br>Flip a coin. If heads, this attack does 10 damage plus 20 more damage; if tails, this attack does 10 damage.","[1PP] Psybeam (30)
<br>Flip a coin. If heads, the Defending Pokémon is now Confused.",P,,9.81,14.29,34.99,15.73,,Unlimited,1,,
85542,Forretress (2),Forretress 2,https://tcgplayer-cdn.tcgplayer.com/product/85542_200w.jpg,3,1434,https://cpt.tcgcsv.com/SdJ,2022-11-25T21:01:17.973,1,02/75,Holo Rare,Metal,80,Stage 1,"[2M] Rapid Spin (30)
<br>If your opponent has any Benched Pokémon, he or she chooses 1 of them and switches it with their Active Pokémon; then, if you have any Benched Pokémon, you switch 1 of them with your Active Pokémon. <em>(Do the damage before switching the Pokémon.)</em>",,R,G-30,46.08,54.08,80.0,56.35,,1st Edition Holofoil,3,"<strong>Pokémon Power: Spikes</strong> During your opponent's turn, whenever 1 of your opponent's Benched Pokémon becomes his or her Active Pokémon, Forretress does 10 damage to it. <em>(Don't apply Weakness and Resistance.)</em> This power stops working if Forretress is Asleep, Confused, or Paralyzed.",
85542,Forretress (2),Forretress 2,https://tcgplayer-cdn.tcgplayer.com/product/85542_200w.jpg,3,1434,https://cpt.tcgcsv.com/SdJ,2022-11-25T21:01:17.973,1,02/75,Holo Rare,Metal,80,Stage 1,"[2M] Rapid Spin (30)
<br>If your opponent has any Benched Pokémon, he or she chooses 1 of them and switches it with their Active Pokémon; then, if you have any Benched Pokémon, you switch 1 of them with your Active Pokémon. <em>(Do the damage before switching the Pokémon.)</em>",,R,G-30,13.45,18.55,32.45,19.43,,Unlimited Holofoil,3,"<strong>Pokémon Power: Spikes</strong> During your opponent's turn, whenever 1 of your opponent's Benched Pokémon becomes his or her Active Pokémon, Forretress does 10 damage to it. <em>(Don't apply Weakness and Resistance.)</em> This power stops working if Forretress is Asleep, Confused, or Paralyzed.",
85545,Forretress (21),Forretress 21,https://tcgplayer-cdn.tcgplayer.com/product/85545_200w.jpg,3,1434,https://cpt.tcgcsv.com/WdJ,2025-01-05T06:49:20.873,1,21/75,Rare,Metal,80,Stage 1,"[2M] Rapid Spin (30)
<br>If your opponent has any Benched Pokémon, he or she chooses 1 of them and switches it with their Active Pokémon; then, if you have any Benched Pokémon, you switch 1 of them with your Active Pokémon. <em>(Do the damage before switching the Pokémon.)</em>",,R,G-30,5.25,6.09,10.2,6.57,,1st Edition,3,"<strong>Pokémon Power: Spikes</strong> During your opponent's turn, whenever 1 of your opponent's Benched Pokémon becomes his or her Active Pokémon, Forretress does 10 damage to it. <em>(Don't apply Weakness and Resistance.)</em> This power stops working if Forretress is Asleep, Confused, or Paralyzed.",
85545,Forretress (21),Forretress 21,https://tcgplayer-cdn.tcgplayer.com/product/85545_200w.jpg,3,1434,https://cpt.tcgcsv.com/WdJ,2025-01-05T06:49:20.873,1,21/75,Rare,Metal,80,Stage 1,"[2M] Rapid Spin (30)
<br>If your opponent has any Benched Pokémon, he or she chooses 1 of them and switches it with their Active Pokémon; then, if you have any Benched Pokémon, you switch 1 of them with your Active Pokémon. <em>(Do the damage before switching the Pokémon.)</em>",,R,G-30,1.5,4.99,19.16,4.42,,Unlimited,3,"<strong>Pokémon Power: Spikes</strong> During your opponent's turn, whenever 1 of your opponent's Benched Pokémon becomes his or her Active Pokémon, Forretress does 10 damage to it. <em>(Don't apply Weakness and Resistance.)</em> This power stops working if Forretress is Asleep, Confused, or Paralyzed.",
85555,Fossil Egg,Fossil Egg,https://tcgplayer-cdn.tcgplayer.com/product/85555_200w.jpg,3,1434,https://cpt.tcgcsv.com/7fJ,2023-10-03T18:00:37.983,1,72/75,Uncommon,Trainer,,,,,,,0.63,1.25,4.99,0.94,,1st Edition,,"Flip a coin. If heads, either search your deck for a card that evolves from Mysterious Fossil and put it onto your Bench or put a card that evolves from Mysterious Fossil from your hand onto your Bench. Either way, treat the new card as a Basic Pokémon. If you searched your deck, shuffle it. <em>(You can't play this card if your Bench is full.)</em>",
85555,Fossil Egg,Fossil Egg,https://tcgplayer-cdn.tcgplayer.com/product/85555_200w.jpg,3,1434,https://cpt.tcgcsv.com/7fJ,2023-10-03T18:00:37.983,1,72/75,Uncommon,Trainer,,,,,,,0.18,0.44,1.99,0.44,0.3,Unlimited,,"Flip a coin. If heads, either search your deck for a card that evolves from Mysterious Fossil and put it onto your Bench or put a card that evolves from Mysterious Fossil from your hand onto your Bench. Either way, treat the new card as a Basic Pokémon. If you searched your deck, shuffle it. <em>(You can't play this card if your Bench is full.)</em>",
86110,Hitmontop (3),Hitmontop 3,https://tcgplayer-cdn.tcgplayer.com/product/86110_200w.jpg,3,1434,https://cpt.tcgcsv.com/dsJ,2022-11-25T21:04:50.98,1,03/75,Holo Rare,Fighting,60,Basic,"[F] Detect
<br>Flip a coin. If heads, during your opponent's next turn, prevent all effects of attacks, including damage, done to Hitmontop.","[FFF] Triple Kick (30x)
<br>Flip 3 coins. This attack does 30 times the number of heads.",P,,65.0,77.44,84.99,84.95,,1st Edition Holofoil,1,,
86110,Hitmontop (3),Hitmontop 3,https://tcgplayer-cdn.tcgplayer.com/product/86110_200w.jpg,3,1434,https://cpt.tcgcsv.com/dsJ,2022-11-25T21:04:50.98,1,03/75,Holo Rare,Fighting,60,Basic,"[F] Detect
<br>Flip a coin. If heads, during your opponent's next turn, prevent all effects of attacks, including damage, done to Hitmontop.","[FFF] Triple Kick (30x)
<br>Flip 3 coins. This attack does 30 times the number of heads.",P,,7.4,11.2,349.99,11.93,,Unlimited Holofoil,1,,
86111,Hitmontop (22),Hitmontop 22,https://tcgplayer-cdn.tcgplayer.com/product/86111_200w.jpg,3,1434,https://cpt.tcgcsv.com/fsJ,2022-11-25T21:04:27.86,1,22/75,Rare,Fighting,60,Basic,"[F] Detect
<br>Flip a coin. If heads, during your opponent's next turn, prevent all effects of attacks, including damage, done to Hitmontop.","[FFF] Triple Kick (30x)
<br>Flip 3 coins. This attack does 30 times the number of heads.",P,,7.5,8.98,11.03,10.56,,1st Edition,1,,
86111,Hitmontop (22),Hitmontop 22,https://tcgplayer-cdn.tcgplayer.com/product/86111_200w.jpg,3,1434,https://cpt.tcgcsv.com/fsJ,2022-11-25T21:04:27.86,1,22/75,Rare,Fighting,60,Basic,"[F] Detect
<br>Flip a coin. If heads, during your opponent's next turn, prevent all effects of attacks, including damage, done to Hitmontop.","[FFF] Triple Kick (30x)
<br>Flip 3 coins. This attack does 30 times the number of heads.",P,,2.4,4.0,10.0,4.56,,Unlimited,1,,
86176,Hoppip,Hoppip,https://tcgplayer-cdn.tcgplayer.com/product/86176_200w.jpg,3,1434,https://cpt.tcgcsv.com/xtJ,2022-12-13T16:49:02.43,1,55/75,Common,Grass,30,Basic,[G] Rolling Tackle (20),,R,F-30,0.69,0.99,4.99,0.9,,1st Edition,,,
86176,Hoppip,Hoppip,https://tcgplayer-cdn.tcgplayer.com/product/86176_200w.jpg,3,1434,https://cpt.tcgcsv.com/xtJ,2022-12-13T16:49:02.43,1,55/75,Common,Grass,30,Basic,[G] Rolling Tackle (20),,R,F-30,0.2,0.44,3.75,0.43,,Unlimited,,,
86197,Houndoom (4),Houndoom 4,https://tcgplayer-cdn.tcgplayer.com/product/86197_200w.jpg,3,1434,https://cpt.tcgcsv.com/ZtJ,2022-11-25T21:07:55.683,1,04/75,Holo Rare,Darkness,70,Stage 1,"[2D] Crunch (30+)
<br>Until the end of your next turn, if an attack damages the Defending Pokémon <em>(after applying Weakness and Resistance)</em>, that attack does 20 more damage to the Defending Pokémon.","[1RR] Flamethrower (50)
<br>Discard 1 Fire Energy card attached to Houndoom or this attack does nothing.",,P-30,69.29,182.54,295.79,160.55,,1st Edition Holofoil,1,,
86197,Houndoom (4),Houndoom 4,https://tcgplayer-cdn.tcgplayer.com/product/86197_200w.jpg,3,1434,https://cpt.tcgcsv.com/ZtJ,2022-11-25T21:07:55.683,1,04/75,Holo Rare,Darkness,70,Stage 1,"[2D] Crunch (30+)
<br>Until the end of your next turn, if an attack damages the Defending Pokémon <em>(after applying Weakness and Resistance)</em>, that attack does 20 more damage to the Defending Pokémon.","[1RR] Flamethrower (50)
<br>Discard 1 Fire Energy card attached to Houndoom or this attack does nothing.",,P-30,35.98,71.57,125.0,66.99,,Unlimited Holofoil,1,,
86204,Houndoom (23),Houndoom 23,https://tcgplayer-cdn.tcgplayer.com/product/86204_200w.jpg,3,1434,https://cpt.tcgcsv.com/6vJ,2023-01-26T19:32:25.53,1,23/75,Rare,Darkness,70,Stage 1,"[2D] Crunch (30+)
<br>Until the end of your next turn, if an attack damages the Defending Pokémon <em>(after applying Weakness and Resistance)</em>, that attack does 20 more damage to the Defending Pokémon.","[1RR] Flamethrower (50)
<br>Discard 1 Fire Energy card attached to Houndoom or this attack does nothing.",,P-30,14.95,21.48,63.69,20.7,,1st Edition,1,,
86204,Houndoom (23),Houndoom 23,https://tcgplayer-cdn.tcgplayer.com/product/86204_200w.jpg,3,1434,https://cpt.tcgcsv.com/6vJ,2023-01-26T19:32:25.53,1,23/75,Rare,Darkness,70,Stage 1,"[2D] Crunch (30+)
<br>Until the end of your next turn, if an attack damages the Defending Pokémon <em>(after applying Weakness and Resistance)</em>, that attack does 20 more damage to the Defending Pokémon.","[1RR] Flamethrower (50)
<br>Discard 1 Fire Energy card attached to Houndoom or this attack does nothing.",,P-30,5.0,8.33,29.99,8.65,24.95,Unlimited,1,,
86216,Houndour (5),Houndour 5,https://tcgplayer-cdn.tcgplayer.com/product/86216_200w.jpg,3,1434,https://cpt.tcgcsv.com/lvJ,2022-11-25T21:22:57.413,1,05/75,Holo Rare,Fire,50,Basic,"[R] Smog (10)
<br>Flip a coin. If heads, the Defending Pokémon is now Poisoned.","[RR] Collect Fire (20)
<br>If there are any Fire Energy in your discard pile, choose 1 of them and attach it to Houndour.",W,,83.99,108.0,149.49,250.0,,1st Edition Holofoil,1,,
86216,Houndour (5),Houndour 5,https://tcgplayer-cdn.tcgplayer.com/product/86216_200w.jpg,3,1434,https://cpt.tcgcsv.com/lvJ,2022-11-25T21:22:57.413,1,05/75,Holo Rare,Fire,50,Basic,"[R] Smog (10)
<br>Flip a coin. If heads, the Defending Pokémon is now Poisoned.","[RR] Collect Fire (20)
<br>If there are any Fire Energy in your discard pile, choose 1 of them and attach it to Houndour.",W,,44.0,70.0,99.99,70.39,55.24,Unlimited Holofoil,1,,
86217,Houndour (24),Houndour 24,https://tcgplayer-cdn.tcgplayer.com/product/86217_200w.jpg,3,1434,https://cpt.tcgcsv.com/mvJ,2022-11-25T21:21:28.533,1,24/75,Rare,Fire,50,Basic,"[R] Smog (10)
<br>Flip a coin. If heads, the Defending Pokémon is now Poisoned.","[RR] Collect Fire (20)
<br>If there are any Fire Energy in your discard pile, choose 1 of them and attach it to Houndour.",W,,13.0,15.0,20.03,14.68,,1st Edition,1,,
86217,Houndour (24),Houndour 24,https://tcgplayer-cdn.tcgplayer.com/product/86217_200w.jpg,3,1434,https://cpt.tcgcsv.com/mvJ,2022-11-25T21:21:28.533,1,24/75,Rare,Fire,50,Basic,"[R] Smog (10)
<br>Flip a coin. If heads, the Defending Pokémon is now Poisoned.","[RR] Collect Fire (20)
<br>If there are any Fire Energy in your discard pile, choose 1 of them and attach it to Houndour.",W,,6.78,8.66,14.99,11.24,,Unlimited,1,,
86218,Houndour (39),Houndour 39,https://tcgplayer-cdn.tcgplayer.com/product/86218_200w.jpg,3,1434,https://cpt.tcgcsv.com/nvJ,2022-12-20T17:00:45.657,1,39/75,Uncommon,Darkness,40,Basic,[1] Bite (10),"[1D] Plunder (20)
<br>Before doing damage, discard all Trainer cards attached to the Defending Pokémon <em<(before they affect the damage)</em>.",,P-30,2.49,5.5,7.16,3.69,,1st Edition,1,,
86218,Houndour (39),Houndour 39,https://tcgplayer-cdn.tcgplayer.com/product/86218_200w.jpg,3,1434,https://cpt.tcgcsv.com/nvJ,2022-12-20T17:00:45.657,1,39/75,Uncommon,Darkness,40,Basic,[1] Bite (10),"[1D] Plunder (20)
<br>Before doing damage, discard all Trainer cards attached to the Defending Pokémon <em<(before they affect the damage)</em>.",,P-30,0.66,1.33,8701.18,1.46,,Unlimited,1,,
86245,Hyper Devolution Spray,Hyper Devolution Spray,https://tcgplayer-cdn.tcgplayer.com/product/86245_200w.jpg,3,1434,https://cpt.tcgcsv.com/WvJ,2023-10-19T16:23:11.447,1,73/75,Uncommon,Trainer,,,,,,,0.66,1.33,4.99,1.37,1.99,1st Edition,,Choose 1 of your Evolved Pokémon. Take the highest stage Evolution card from that Pokémon and put it into your hand. <em>(You can't evolve a Pokémon the turn you devolve it.)</em>,
86245,Hyper Devolution Spray,Hyper Devolution Spray,https://tcgplayer-cdn.tcgplayer.com/product/86245_200w.jpg,3,1434,https://cpt.tcgcsv.com/WvJ,2023-10-19T16:23:11.447,1,73/75,Uncommon,Trainer,,,,,,,0.18,0.5,2.5,0.53,,Unlimited,,Choose 1 of your Evolved Pokémon. Take the highest stage Evolution card from that Pokémon and put it into your hand. <em>(You can't evolve a Pokémon the turn you devolve it.)</em>,
86257,Igglybuff,Igglybuff,https://tcgplayer-cdn.tcgplayer.com/product/86257_200w.jpg,3,1434,https://cpt.tcgcsv.com/9wJ,2022-11-25T21:29:12.36,1,40/75,Uncommon,Colorless,30,Basic,,,,,5.2,6.93,11.69,6.1,,1st Edition,,"<strong>Pokémon Power: Gaze</strong> Once during your turn <em>(before your attack)</em>, choose 1 of your opponent's Benched Pokémon that has a Pokémon Power. That power stops working until the end of this turn. This effect ends if that Pokémon leaves the Bench.
<br><br>
<em>If this Baby Pokémon is your Active Pokémon and your opponent tries to attack, your opponent flips a coin (before doing anything required in order to use that attack). If tails, your opponent's turn ends.</em>",
86257,Igglybuff,Igglybuff,https://tcgplayer-cdn.tcgplayer.com/product/86257_200w.jpg,3,1434,https://cpt.tcgcsv.com/9wJ,2022-11-25T21:29:12.36,1,40/75,Uncommon,Colorless,30,Basic,,,,,1.73,2.23,5.0,2.82,,Unlimited,,"<strong>Pokémon Power: Gaze</strong> Once during your turn <em>(before your attack)</em>, choose 1 of your opponent's Benched Pokémon that has a Pokémon Power. That power stops working until the end of this turn. This effect ends if that Pokémon leaves the Bench.
<br><br>
<em>If this Baby Pokémon is your Active Pokémon and your opponent tries to attack, your opponent flips a coin (before doing anything required in order to use that attack). If tails, your opponent's turn ends.</em>",
86383,Kabuto,Kabuto,https://tcgplayer-cdn.tcgplayer.com/product/86383_200w.jpg,3,1434,https://cpt.tcgcsv.com/HzJ,2022-11-25T21:31:41.25,1,56/75,Common,Water,50,Stage 1,"[1F] Work Together (10+)
<br>Flip a coin. If heads, this attack does 10 damage plus 10 more damage for each Omanyte, Omastar, Kabuto, and Kabutops on your Bench.",,G,,1.12,1.72,3.05,1.69,,1st Edition,1,"<strong>Pokémon Power: Revive Friends</strong> Once during your turn <em>(before your attack)</em>, you may flip a coin. If heads, search your deck for a card named Kabuto and put it on your Bench. Shuffle your deck afterward. Treat the new Kabuto as a Basic Pokémon. This power can't be used if Kabuto is Asleep, Confused, or Paralyzed <em>(or if your Bench is full)</em>.",
86383,Kabuto,Kabuto,https://tcgplayer-cdn.tcgplayer.com/product/86383_200w.jpg,3,1434,https://cpt.tcgcsv.com/HzJ,2022-11-25T21:31:41.25,1,56/75,Common,Water,50,Stage 1,"[1F] Work Together (10+)
<br>Flip a coin. If heads, this attack does 10 damage plus 10 more damage for each Omanyte, Omastar, Kabuto, and Kabutops on your Bench.",,G,,0.2,0.64,201753.79,0.73,,Unlimited,1,"<strong>Pokémon Power: Revive Friends</strong> Once during your turn <em>(before your attack)</em>, you may flip a coin. If heads, search your deck for a card named Kabuto and put it on your Bench. Shuffle your deck afterward. Treat the new Kabuto as a Basic Pokémon. This power can't be used if Kabuto is Asleep, Confused, or Paralyzed <em>(or if your Bench is full)</em>.",
86389,Kabutops (6),Kabutops 6,https://tcgplayer-cdn.tcgplayer.com/product/86389_200w.jpg,3,1434,https://cpt.tcgcsv.com/PzJ,2022-11-25T21:33:54.847,1,06/75,Holo Rare,Water,90,Stage 2,[1] Slash (20),"[F] Hydrocutter (40x)
<br>Flip a number of coins equal to the number of Energy cards attached to Kabutops. This attack does 40 damage times the number of heads. You can't flips more than 3 coins in this way.",G,,65.0,65.8,66.6,140.11,,1st Edition Holofoil,2,,
86389,Kabutops (6),Kabutops 6,https://tcgplayer-cdn.tcgplayer.com/product/86389_200w.jpg,3,1434,https://cpt.tcgcsv.com/PzJ,2022-11-25T21:33:54.847,1,06/75,Holo Rare,Water,90,Stage 2,[1] Slash (20),"[F] Hydrocutter (40x)
<br>Flip a number of coins equal to the number of Energy cards attached to Kabutops. This attack does 40 damage times the number of heads. You can't flips more than 3 coins in this way.",G,,39.99,54.5,179.99,55.74,49.99,Unlimited Holofoil,2,,
86394,Kabutops (25),Kabutops 25,https://tcgplayer-cdn.tcgplayer.com/product/86394_200w.jpg,3,1434,https://cpt.tcgcsv.com/VzJ,2023-04-02T15:24:17.38,1,25/75,Rare,Water,90,Stage 2,[1] Slash (20),"[F] Hydrocutter (40x)
<br>Flip a number of coins equal to the number of Energy cards attached to Kabutops. This attack does 40 damage times the number of heads. You can't flips more than 3 coins in this way.",G,,22.5,26.0,29.94,14.14,,1st Edition,2,,
86394,Kabutops (25),Kabutops 25,https://tcgplayer-cdn.tcgplayer.com/product/86394_200w.jpg,3,1434,https://cpt.tcgcsv.com/VzJ,2023-04-02T15:24:17.38,1,25/75,Rare,Water,90,Stage 2,[1] Slash (20),"[F] Hydrocutter (40x)
<br>Flip a number of coins equal to the number of Energy cards attached to Kabutops. This attack does 40 damage times the number of heads. You can't flips more than 3 coins in this way.",G,,4.73,6.89,14.99,7.31,,Unlimited,2,,
86408,Kakuna,Kakuna,https://tcgplayer-cdn.tcgplayer.com/product/86408_200w.jpg,3,1434,https://cpt.tcgcsv.com/bBJ,2022-11-25T21:35:19.093,1,41/75,Uncommon,Grass,70,Stage 1,"[GG] Secrete Poison
<br>During your opponent's next turn, whenever your opponent's attack damages Kakuna <em>(even if Kakuna is knocked out)</em>, your opponent's Active Pokémon is now Poisoned and Kakuna does 10 damage to each of your opponent's Benched Pokémon. <em>(Don't apply Weakness and Resistance for Benched Pokémon.)</em>",,R,,1.2,1.65,3.09,1.69,,1st Edition,2,,
86408,Kakuna,Kakuna,https://tcgplayer-cdn.tcgplayer.com/product/86408_200w.jpg,3,1434,https://cpt.tcgcsv.com/bBJ,2022-11-25T21:35:19.093,1,41/75,Uncommon,Grass,70,Stage 1,"[GG] Secrete Poison
<br>During your opponent's next turn, whenever your opponent's attack damages Kakuna <em>(even if Kakuna is knocked out)</em>, your opponent's Active Pokémon is now Poisoned and Kakuna does 10 damage to each of your opponent's Benched Pokémon. <em>(Don't apply Weakness and Resistance for Benched Pokémon.)</em>",,R,,0.25,0.73,181579.72,0.76,,Unlimited,2,,
86632,Larvitar,Larvitar,https://tcgplayer-cdn.tcgplayer.com/product/86632_200w.jpg,3,1434,https://cpt.tcgcsv.com/GGJ,2025-02-05T21:10:33.017,1,57/75,Common,Fighting,40,Basic,[1] Bite (10),,G,L-30,0.82,1.72,2.99,1.71,,1st Edition,1,,
86632,Larvitar,Larvitar,https://tcgplayer-cdn.tcgplayer.com/product/86632_200w.jpg,3,1434,https://cpt.tcgcsv.com/GGJ,2025-02-05T21:10:33.017,1,57/75,Common,Fighting,40,Basic,[1] Bite (10),,G,L-30,0.18,0.41,14.75,0.41,,Unlimited,1,,
87064,Magnemite (7),Magnemite 7,https://tcgplayer-cdn.tcgplayer.com/product/87064_200w.jpg,3,1434,https://cpt.tcgcsv.com/jRJ,2022-11-25T21:38:12.53,1,07/75,Holo Rare,Metal,40,Basic,"[1] Lock-on
<br>During your next turn, treat any tails flipped when using Magnemite's Electric Bolt attack on the Defending Pokémon as if they were heads. <em>(Benching or evolving either Pokémon ends this effect.)</em>","[1L] Electric Bolt (50)
<br>Flip 2 coins. If both are heads, the Defending Pokémon is now Paralyzed. If either of them is tails, this attack does nothing <em>(not even damage)</em>.",R,G-30,39.97,45.6,66.97,70.15,,1st Edition Holofoil,1,,
87064,Magnemite (7),Magnemite 7,https://tcgplayer-cdn.tcgplayer.com/product/87064_200w.jpg,3,1434,https://cpt.tcgcsv.com/jRJ,2022-11-25T21:38:12.53,1,07/75,Holo Rare,Metal,40,Basic,"[1] Lock-on
<br>During your next turn, treat any tails flipped when using Magnemite's Electric Bolt attack on the Defending Pokémon as if they were heads. <em>(Benching or evolving either Pokémon ends this effect.)</em>","[1L] Electric Bolt (50)
<br>Flip 2 coins. If both are heads, the Defending Pokémon is now Paralyzed. If either of them is tails, this attack does nothing <em>(not even damage)</em>.",R,G-30,14.29,18.68,25.0,18.78,,Unlimited Holofoil,1,,
87065,Magnemite (26),Magnemite 26,https://tcgplayer-cdn.tcgplayer.com/product/87065_200w.jpg,3,1434,https://cpt.tcgcsv.com/kRJ,2015-07-01T13:43:18.123,1,26,Rare,Metal,40,Basic,"[1] Lock-on
<br>During your next turn, treat any tails flipped when using Magnemite's Electric Bolt attack on the Defending Pokemon as if they were heads.  (Benching or evolving either Pokemon ends this effect.)","[1L] Electric Bolt (50) 
<br>Flip 2 coins.  If both are heads, the Defending Pokemon is now Paralyzed.  If either of them is tails, this attack does nothing (not even damage).",R,G,6.71,9.0,10.97,7.09,,1st Edition,1,,
87065,Magnemite (26),Magnemite 26,https://tcgplayer-cdn.tcgplayer.com/product/87065_200w.jpg,3,1434,https://cpt.tcgcsv.com/kRJ,2015-07-01T13:43:18.123,1,26,Rare,Metal,40,Basic,"[1] Lock-on
<br>During your next turn, treat any tails flipped when using Magnemite's Electric Bolt attack on the Defending Pokemon as if they were heads.  (Benching or evolving either Pokemon ends this effect.)","[1L] Electric Bolt (50) 
<br>Flip 2 coins.  If both are heads, the Defending Pokemon is now Paralyzed.  If either of them is tails, this attack does nothing (not even damage).",R,G,3.42,5.0,9.98,4.6,,Unlimited,1,,
87192,Mareep,Mareep,https://tcgplayer-cdn.tcgplayer.com/product/87192_200w.jpg,3,1434,https://cpt.tcgcsv.com/STJ,2022-11-25T21:39:13.38,1,58/75,Common,Lightning,50,Basic,"[1L] Thunder Jolt (30)
<br>Flip a coin. If tails, Mareep does 10 damage to itself.",,F,,0.77,1.81,3.11,1.81,,1st Edition,1,,
87192,Mareep,Mareep,https://tcgplayer-cdn.tcgplayer.com/product/87192_200w.jpg,3,1434,https://cpt.tcgcsv.com/STJ,2022-11-25T21:39:13.38,1,58/75,Common,Lightning,50,Basic,"[1L] Thunder Jolt (30)
<br>Flip a coin. If tails, Mareep does 10 damage to itself.",,F,,0.23,0.58,2.5,0.7,,Unlimited,1,,
87385,Metapod,Metapod,https://tcgplayer-cdn.tcgplayer.com/product/87385_200w.jpg,3,1434,https://cpt.tcgcsv.com/KZJ,2025-10-10T23:15:29.327,1,42/75,Uncommon,Grass,70,Stage 1,"[2] Harden
<br>During your opponent's next turn, whenever 20 or less damage is done to Metapod <em>(after applying Weakness and Resistance)</em>, prevent that damage. <em>(Any other effects of attacks still happen.)</em>","[GG] Hatch
<br>Flip a coin. If heads, remove all damage counters from Metapod. Then, search your deck for a card that evolves from Metapod and attach that card to Metapod. This counts as evolving Metapod. Shuffle your deck afterward.",R,,1.4,1.63,6.5,1.58,,1st Edition,2,,
87385,Metapod,Metapod,https://tcgplayer-cdn.tcgplayer.com/product/87385_200w.jpg,3,1434,https://cpt.tcgcsv.com/KZJ,2025-10-10T23:15:29.327,1,42/75,Uncommon,Grass,70,Stage 1,"[2] Harden
<br>During your opponent's next turn, whenever 20 or less damage is done to Metapod <em>(after applying Weakness and Resistance)</em>, prevent that damage. <em>(Any other effects of attacks still happen.)</em>","[GG] Hatch
<br>Flip a coin. If heads, remove all damage counters from Metapod. Then, search your deck for a card that evolves from Metapod and attach that card to Metapod. This counts as evolving Metapod. Shuffle your deck afterward.",R,,0.35,0.63,2.0,0.74,,Unlimited,2,,
87680,Natu,Natu,https://tcgplayer-cdn.tcgplayer.com/product/87680_200w.jpg,3,1434,https://cpt.tcgcsv.com/D5K,2025-02-05T21:10:33.097,1,59/75,Common,Psychic,40,Basic,"[P] Confuse Ray (10)
<br>Flip a coin. If heads, the Defending Pokémon is now Confused.",,P,F-30,0.08,0.99,4.74,0.89,,1st Edition,1,,
87680,Natu,Natu,https://tcgplayer-cdn.tcgplayer.com/product/87680_200w.jpg,3,1434,https://cpt.tcgcsv.com/D5K,2025-02-05T21:10:33.097,1,59/75,Common,Psychic,40,Basic,"[P] Confuse Ray (10)
<br>Flip a coin. If heads, the Defending Pokémon is now Confused.",,P,F-30,0.2,0.41,2.5,0.47,,Unlimited,1,,
87856,Omanyte,Omanyte,https://tcgplayer-cdn.tcgplayer.com/product/87856_200w.jpg,3,1434,https://cpt.tcgcsv.com/89K,2022-11-25T21:43:44.713,1,60/75,Common,Fighting,50,Stage 1,"[W] Bind (10)
<br>Flip a coin. If heads, the Defending Pokémon is now Paralyzed.",,G,,0.77,1.68,40.0,1.38,1.71,1st Edition,1,"<strong>Pokémon Power: Revive Fossil</strong> Once during your turn <em>(before your attack)</em>, you may flip a coin. If heads, search your deck for a card that evolves from Mysterious Fossil and put it on your Bench. Shuffle your deck afterward. Treat that card as a Basic Pokémon. This power can't be used if Omanyte is Asleep, Confused, or Paralyzed <em>(or if your Bench is full)</em>.",
87856,Omanyte,Omanyte,https://tcgplayer-cdn.tcgplayer.com/product/87856_200w.jpg,3,1434,https://cpt.tcgcsv.com/89K,2022-11-25T21:43:44.713,1,60/75,Common,Fighting,50,Stage 1,"[W] Bind (10)
<br>Flip a coin. If heads, the Defending Pokémon is now Paralyzed.",,G,,0.16,0.61,5.48,0.81,,Unlimited,1,"<strong>Pokémon Power: Revive Fossil</strong> Once during your turn <em>(before your attack)</em>, you may flip a coin. If heads, search your deck for a card that evolves from Mysterious Fossil and put it on your Bench. Shuffle your deck afterward. Treat that card as a Basic Pokémon. This power can't be used if Omanyte is Asleep, Confused, or Paralyzed <em>(or if your Bench is full)</em>.",
87866,Omastar,Omastar,https://tcgplayer-cdn.tcgplayer.com/product/87866_200w.jpg,3,1434,https://cpt.tcgcsv.com/l9K,2025-02-05T21:10:33.16,1,43/75,Uncommon,Fighting,80,Stage 2,"[W] Squeeze (10+)
<br>Flip a coin. If heads, this attack does 10 damage plus 20 more damage and the Defending Pokémon is now Paralyzed. If tails, this attack does 10 damage.","[WWW] Spike Barrage (20+)
<br>Flip a number of coins equal to the number of Water Energy attached to Omastar. This attack does 20 damage plus 20 more damage for each heads.",G,,1.11,2.33,5.24,2.28,,1st Edition,2,,
87866,Omastar,Omastar,https://tcgplayer-cdn.tcgplayer.com/product/87866_200w.jpg,3,1434,https://cpt.tcgcsv.com/l9K,2025-02-05T21:10:33.16,1,43/75,Uncommon,Fighting,80,Stage 2,"[W] Squeeze (10+)
<br>Flip a coin. If heads, this attack does 10 damage plus 20 more damage and the Defending Pokémon is now Paralyzed. If tails, this attack does 10 damage.","[WWW] Spike Barrage (20+)
<br>Flip a number of coins equal to the number of Water Energy attached to Omastar. This attack does 20 damage plus 20 more damage for each heads.",G,,0.25,0.75,3.0,0.81,,Unlimited,2,,
88122,Pineco,Pineco,https://tcgplayer-cdn.tcgplayer.com/product/88122_200w.jpg,3,1434,https://cpt.tcgcsv.com/sgK,2022-11-25T21:49:23.567,1,61/75,Common,Grass,40,Basic,"[G] Burst (40)
<br>Flip a coin. If heads, Pineco does 40 damage to itself and 10 damage to each Pokémon on each player's Bench. <em>(Don't apply Weakness and Resistance for Benched Pokémon.)</em> Flip a coin. If tails, this attack does nothing <em>(not even damage)</em>.",,R,,0.73,1.39,3.0,1.39,,1st Edition,2,,
88122,Pineco,Pineco,https://tcgplayer-cdn.tcgplayer.com/product/88122_200w.jpg,3,1434,https://cpt.tcgcsv.com/sgK,2022-11-25T21:49:23.567,1,61/75,Common,Grass,40,Basic,"[G] Burst (40)
<br>Flip a coin. If heads, Pineco does 40 damage to itself and 10 damage to each Pokémon on each player's Bench. <em>(Don't apply Weakness and Resistance for Benched Pokémon.)</em> Flip a coin. If tails, this attack does nothing <em>(not even damage)</em>.",,R,,0.18,0.5,2.5,0.5,,Unlimited,2,,
88246,Politoed (8),Politoed 8,https://tcgplayer-cdn.tcgplayer.com/product/88246_200w.jpg,3,1434,https://cpt.tcgcsv.com/XjK,2022-11-25T21:53:55.647,1,08/75,Holo Rare,Water,100,Stage 2,"[2WW] Doubleslap (40x)
<br>Flip 2 coins. This attack does 40 times the number of heads.",,G,,106.5,140.0,169.98,141.3,,1st Edition Holofoil,3,"<strong>Pokémon Power: Frog Song</strong> Whenever Politoed's attack damages the Defending Pokémon <em>(after applying Weakness and Resistance)</em>, if there are more than 3 Poliwags, Poliwhirls, Poliwraths, and/or Politoeds in play <em>(including your opponent's)</em>, that attack does 40 more damage (no matter how many heads you get). This power stops working while Politoed is Asleep, Confused, or Paralyzed.",
88246,Politoed (8),Politoed 8,https://tcgplayer-cdn.tcgplayer.com/product/88246_200w.jpg,3,1434,https://cpt.tcgcsv.com/XjK,2022-11-25T21:53:55.647,1,08/75,Holo Rare,Water,100,Stage 2,"[2WW] Doubleslap (40x)
<br>Flip 2 coins. This attack does 40 times the number of heads.",,G,,35.76,41.11,75.0,39.15,,Unlimited Holofoil,3,"<strong>Pokémon Power: Frog Song</strong> Whenever Politoed's attack damages the Defending Pokémon <em>(after applying Weakness and Resistance)</em>, if there are more than 3 Poliwags, Poliwhirls, Poliwraths, and/or Politoeds in play <em>(including your opponent's)</em>, that attack does 40 more damage (no matter how many heads you get). This power stops working while Politoed is Asleep, Confused, or Paralyzed.",
88249,Politoed (27),Politoed 27,https://tcgplayer-cdn.tcgplayer.com/product/88249_200w.jpg,3,1434,https://cpt.tcgcsv.com/_jK,2023-03-31T16:02:26.803,1,27/75,Rare,Water,100,Stage 2,"[2WW] Doubleslap (40x)
<br>Flip 2 coins. This attack does 40 times the number of heads.",,G,,17.61,25.75,29.97,19.46,,1st Edition,3,"<strong>Pokémon Power: Frog Song</strong> Whenever Politoed's attack damages the Defending Pokémon <em>(after applying Weakness and Resistance)</em>, if there are more than 3 Poliwags, Poliwhirls, Poliwraths, and/or Politoeds in play <em>(including your opponent's)</em>, that attack does 40 more damage (no matter how many heads you get). This power stops working while Politoed is Asleep, Confused, or Paralyzed.",
88249,Politoed (27),Politoed 27,https://tcgplayer-cdn.tcgplayer.com/product/88249_200w.jpg,3,1434,https://cpt.tcgcsv.com/_jK,2023-03-31T16:02:26.803,1,27/75,Rare,Water,100,Stage 2,"[2WW] Doubleslap (40x)
<br>Flip 2 coins. This attack does 40 times the number of heads.",,G,,9.29,10.78,14.4,10.78,,Unlimited,3,"<strong>Pokémon Power: Frog Song</strong> Whenever Politoed's attack damages the Defending Pokémon <em>(after applying Weakness and Resistance)</em>, if there are more than 3 Poliwags, Poliwhirls, Poliwraths, and/or Politoeds in play <em>(including your opponent's)</em>, that attack does 40 more damage (no matter how many heads you get). This power stops working while Politoed is Asleep, Confused, or Paralyzed.",
88254,Poliwag,Poliwag,https://tcgplayer-cdn.tcgplayer.com/product/88254_200w.jpg,3,1434,https://cpt.tcgcsv.com/6kK,2025-02-05T21:10:33.237,1,62/75,Common,Water,40,Basic,[1] Rollout (10),"[W] Hypnosis
<br>The Defending <strong>Pokémon Power: Frog Song</strong> Whenever Politoed's attack damages the Defending Pokémon <em>(after applying Weakness and Resistance)</em>, if there are more than 3 Poliwags, Poliwhirls, Poliwraths, and/or Politoeds in play <em>(including your opponent's)</em>, that attack does 40 more damage (no matter how many heads you get). This power stops working while Politoed is Asleep, Confused, or Paralyzed. is now Asleep.",G,,1.0,1.66,2.77,1.64,,1st Edition,1,,
88254,Poliwag,Poliwag,https://tcgplayer-cdn.tcgplayer.com/product/88254_200w.jpg,3,1434,https://cpt.tcgcsv.com/6kK,2025-02-05T21:10:33.237,1,62/75,Common,Water,40,Basic,[1] Rollout (10),"[W] Hypnosis
<br>The Defending <strong>Pokémon Power: Frog Song</strong> Whenever Politoed's attack damages the Defending Pokémon <em>(after applying Weakness and Resistance)</em>, if there are more than 3 Poliwags, Poliwhirls, Poliwraths, and/or Politoeds in play <em>(including your opponent's)</em>, that attack does 40 more damage (no matter how many heads you get). This power stops working while Politoed is Asleep, Confused, or Paralyzed. is now Asleep.",G,,0.25,0.56,4.56,0.66,,Unlimited,1,,
88262,Poliwhirl,Poliwhirl,https://tcgplayer-cdn.tcgplayer.com/product/88262_200w.jpg,3,1434,https://cpt.tcgcsv.com/gkK,2023-04-04T10:26:16.833,1,44/75,Uncommon,Water,70,Stage 1,"[1] Belly Drum
<br>Put 3 damage counters on Poliwhirl. If this doesn't Knock Out Poliwhirl, search your deck for up to 2 Basic Energy cards and attach them to Poliwhirl. Shuffle your deck afterward.","[1WW] Water Gun (30+)
<br>Does 30 damage plus 10 more damage for each Water Energy attached to Poliwhirl but not used to pay for this attack's Energy cost. You can't add more than 20 damage in this way.",G,,2.14,3.22,19.97,2.39,19.97,1st Edition,1,,
88262,Poliwhirl,Poliwhirl,https://tcgplayer-cdn.tcgplayer.com/product/88262_200w.jpg,3,1434,https://cpt.tcgcsv.com/gkK,2023-04-04T10:26:16.833,1,44/75,Uncommon,Water,70,Stage 1,"[1] Belly Drum
<br>Put 3 damage counters on Poliwhirl. If this doesn't Knock Out Poliwhirl, search your deck for up to 2 Basic Energy cards and attach them to Poliwhirl. Shuffle your deck afterward.","[1WW] Water Gun (30+)
<br>Does 30 damage plus 10 more damage for each Water Energy attached to Poliwhirl but not used to pay for this attack's Energy cost. You can't add more than 20 damage in this way.",G,,0.7,1.06,8.05,1.05,,Unlimited,1,,
88269,Poliwrath (9),Poliwrath 9,https://tcgplayer-cdn.tcgplayer.com/product/88269_200w.jpg,3,1434,https://cpt.tcgcsv.com/pkK,2022-11-25T22:01:33.12,1,09/75,Holo Rare,Fighting,90,Stage 2,[1F] Corkscrew Punch (30),"[2FF] Submission (70)
<br>Poliwrath does 20 damage to itself.",P,,64.99,74.36,79.99,48.29,,1st Edition Holofoil,2,,
88269,Poliwrath (9),Poliwrath 9,https://tcgplayer-cdn.tcgplayer.com/product/88269_200w.jpg,3,1434,https://cpt.tcgcsv.com/pkK,2022-11-25T22:01:33.12,1,09/75,Holo Rare,Fighting,90,Stage 2,[1F] Corkscrew Punch (30),"[2FF] Submission (70)
<br>Poliwrath does 20 damage to itself.",P,,17.0,21.0,50.0,21.46,,Unlimited Holofoil,2,,
88274,Poliwrath (28),Poliwrath 28,https://tcgplayer-cdn.tcgplayer.com/product/88274_200w.jpg,3,1434,https://cpt.tcgcsv.com/vkK,2024-04-05T12:39:18.767,1,28/75,Rare,Fighting,90,Stage 2,[1F] Corkscrew Punch (30),"[2FF] Submission (70)
<br>Poliwrath does 20 damage to itself.",P,,8.04,13.1,124.0,9.36,,1st Edition,2,,
88274,Poliwrath (28),Poliwrath 28,https://tcgplayer-cdn.tcgplayer.com/product/88274_200w.jpg,3,1434,https://cpt.tcgcsv.com/vkK,2024-04-05T12:39:18.767,1,28/75,Rare,Fighting,90,Stage 2,[1F] Corkscrew Punch (30),"[2FF] Submission (70)
<br>Poliwrath does 20 damage to itself.",P,,2.38,3.63,6.99,4.04,,Unlimited,2,,
88445,Pupitar,Pupitar,https://tcgplayer-cdn.tcgplayer.com/product/88445_200w.jpg,3,1434,https://cpt.tcgcsv.com/WnK,2022-11-27T17:29:55.013,1,45/75,Uncommon,Fighting,70,Stage 1,[2] Skull Bash (20),"[FF] Dust Devil
<br>Does 10 damage to each non-Fighting Pokémon in play. Don't apply Weakness and Resistance.",G,L-30,1.66,2.41,3.99,2.35,,1st Edition,1,,
88445,Pupitar,Pupitar,https://tcgplayer-cdn.tcgplayer.com/product/88445_200w.jpg,3,1434,https://cpt.tcgcsv.com/WnK,2022-11-27T17:29:55.013,1,45/75,Uncommon,Fighting,70,Stage 1,[2] Skull Bash (20),"[FF] Dust Devil
<br>Does 10 damage to each non-Fighting Pokémon in play. Don't apply Weakness and Resistance.",G,L-30,0.37,0.8,22.5,0.84,0.6,Unlimited,1,,
88845,Ruin Wall,Ruin Wall,https://tcgplayer-cdn.tcgplayer.com/product/88845_200w.jpg,3,1434,https://cpt.tcgcsv.com/WxK,2025-02-05T21:10:33.3,1,74/75,Uncommon,Trainer,,,,,,,0.69,1.09,4.99,1.09,,1st Edition,,Search your deck for a card with Unown in its name and put it onto your Bench. Shuffle your deck afterward. <em>(You can't play this card if your Bench is full.)</em>,
88845,Ruin Wall,Ruin Wall,https://tcgplayer-cdn.tcgplayer.com/product/88845_200w.jpg,3,1434,https://cpt.tcgcsv.com/WxK,2025-02-05T21:10:33.3,1,74/75,Uncommon,Trainer,,,,,,,0.21,0.47,2835.19,0.48,,Unlimited,,Search your deck for a card with Unown in its name and put it onto your Bench. Shuffle your deck afterward. <em>(You can't play this card if your Bench is full.)</em>,
88956,Scizor (10),Scizor 10,https://tcgplayer-cdn.tcgplayer.com/product/88956_200w.jpg,3,1434,https://cpt.tcgcsv.com/8CK,2022-11-27T17:31:35.14,1,10/75,Holo Rare,Metal,80,Stage 1,"[M] False Swipe (?)
<br>Does damage equal to half the Defending Pokémon's remaining HP (rounded down to the nearest 10).","[3] Double Claw (20x)
<br>Flip 2 coins. This attack does 20 times the number of heads.",R,G-30,129.0,143.34,145.0,142.5,,1st Edition Holofoil,2,,
88956,Scizor (10),Scizor 10,https://tcgplayer-cdn.tcgplayer.com/product/88956_200w.jpg,3,1434,https://cpt.tcgcsv.com/8CK,2022-11-27T17:31:35.14,1,10/75,Holo Rare,Metal,80,Stage 1,"[M] False Swipe (?)
<br>Does damage equal to half the Defending Pokémon's remaining HP (rounded down to the nearest 10).","[3] Double Claw (20x)
<br>Flip 2 coins. This attack does 20 times the number of heads.",R,G-30,40.0,71.36,95.99,47.31,,Unlimited Holofoil,2,,
88958,Scizor (29),Scizor 29,https://tcgplayer-cdn.tcgplayer.com/product/88958_200w.jpg,3,1434,https://cpt.tcgcsv.com/bCK,2024-12-13T17:18:51.88,1,29/75,Rare,Metal,80,Stage 1,"[M] False Swipe (?)
<br>Does damage equal to half the Defending Pokémon's remaining HP (rounded down to the nearest 10).","[3] Double Claw (20x)
<br>Flip 2 coins. This attack does 20 times the number of heads.",R,G-30,22.0,30.91,31.89,26.61,,1st Edition,2,,
88958,Scizor (29),Scizor 29,https://tcgplayer-cdn.tcgplayer.com/product/88958_200w.jpg,3,1434,https://cpt.tcgcsv.com/bCK,2024-12-13T17:18:51.88,1,29/75,Rare,Metal,80,Stage 1,"[M] False Swipe (?)
<br>Does damage equal to half the Defending Pokémon's remaining HP (rounded down to the nearest 10).","[3] Double Claw (20x)
<br>Flip 2 coins. This attack does 20 times the number of heads.",R,G-30,7.0,8.12,14.99,8.18,,Unlimited,2,,
88994,Scyther,Scyther,https://tcgplayer-cdn.tcgplayer.com/product/88994_200w.jpg,3,1434,https://cpt.tcgcsv.com/VCK,2025-02-05T21:10:33.363,1,46/75,Uncommon,Grass,60,Basic,"[GG] Fury Cutter (10+)
<br>Flip 4 coins. This attack does 10 damage plus 10 more damage if exactly 1 is heads, or 20 more damage if exactly 2 are heads, or 40 more damage if exactly 3 are heads, or 80 more damage if all 4 are heads.",,R,F-30,2.5,3.1,3.97,3.89,2.83,1st Edition,1,,
88994,Scyther,Scyther,https://tcgplayer-cdn.tcgplayer.com/product/88994_200w.jpg,3,1434,https://cpt.tcgcsv.com/VCK,2025-02-05T21:10:33.363,1,46/75,Uncommon,Grass,60,Basic,"[GG] Fury Cutter (10+)
<br>Flip 4 coins. This attack does 10 damage plus 10 more damage if exactly 1 is heads, or 20 more damage if exactly 2 are heads, or 40 more damage if exactly 3 are heads, or 80 more damage if all 4 are heads.",,R,F-30,0.5,1.08,2.99,1.12,0.75,Unlimited,1,,
89061,Sentret,Sentret,https://tcgplayer-cdn.tcgplayer.com/product/89061_200w.jpg,3,1434,https://cpt.tcgcsv.com/fFK,2025-02-05T21:10:33.42,1,63/75,Common,Colorless,50,Basic,"[1] Scout
<br>Look at your opponent's hand.",[2] Tackle (20),F,P-30,0.07,1.04,4.99,0.95,,1st Edition,1,,
89061,Sentret,Sentret,https://tcgplayer-cdn.tcgplayer.com/product/89061_200w.jpg,3,1434,https://cpt.tcgcsv.com/fFK,2025-02-05T21:10:33.42,1,63/75,Common,Colorless,50,Basic,"[1] Scout
<br>Look at your opponent's hand.",[2] Tackle (20),F,P-30,0.19,0.5,5.48,0.52,,Unlimited,1,,
89350,Smeargle (11),Smeargle 11,https://tcgplayer-cdn.tcgplayer.com/product/89350_200w.jpg,3,1434,https://cpt.tcgcsv.com/0MK,2022-11-27T17:35:32.543,1,11/75,Holo Rare,Colorless,50,Basic,"[2] Sketch
<br>If the Defending Pokémon attacked last turn, and Smeargle was in play during that attack, Smeargle copies that attack except for its Energy costs and anything else required in order to use that attack.",,F,P-30,77.5,91.64,105.77,114.0,,1st Edition Holofoil,1,,
89350,Smeargle (11),Smeargle 11,https://tcgplayer-cdn.tcgplayer.com/product/89350_200w.jpg,3,1434,https://cpt.tcgcsv.com/0MK,2022-11-27T17:35:32.543,1,11/75,Holo Rare,Colorless,50,Basic,"[2] Sketch
<br>If the Defending Pokémon attacked last turn, and Smeargle was in play during that attack, Smeargle copies that attack except for its Energy costs and anything else required in order to use that attack.",,F,P-30,24.01,35.5,56.45,37.98,31.99,Unlimited Holofoil,1,,
89351,Smeargle (30),Smeargle 30,https://tcgplayer-cdn.tcgplayer.com/product/89351_200w.jpg,3,1434,https://cpt.tcgcsv.com/2MK,2022-11-27T17:36:06.977,1,30/75,Rare,Colorless,50,Basic,"[2] Sketch
<br>If the Defending Pokémon attacked last turn, and Smeargle was in play during that attack, Smeargle copies that attack except for its Energy costs and anything else required in order to use that attack.",,F,P-30,9.5,11.0,15.5,14.63,,1st Edition,1,,
89351,Smeargle (30),Smeargle 30,https://tcgplayer-cdn.tcgplayer.com/product/89351_200w.jpg,3,1434,https://cpt.tcgcsv.com/2MK,2022-11-27T17:36:06.977,1,30/75,Rare,Colorless,50,Basic,"[2] Sketch
<br>If the Defending Pokémon attacked last turn, and Smeargle was in play during that attack, Smeargle copies that attack except for its Energy costs and anything else required in order to use that attack.",,F,P-30,3.98,4.82,14.0,6.75,,Unlimited,1,,
89452,Spinarak,Spinarak,https://tcgplayer-cdn.tcgplayer.com/product/89452_200w.jpg,3,1434,https://cpt.tcgcsv.com/3PK,2025-02-05T21:10:33.467,1,64/75,Common,Grass,50,Basic,"[1G] Poison Sting (20)
<br>Flip a coin. If heads, the Defending Pokémon is now Poisoned.",,R,,0.68,1.19,5.48,1.17,,1st Edition,1,,
89452,Spinarak,Spinarak,https://tcgplayer-cdn.tcgplayer.com/product/89452_200w.jpg,3,1434,https://cpt.tcgcsv.com/3PK,2025-02-05T21:10:33.467,1,64/75,Common,Grass,50,Basic,"[1G] Poison Sting (20)
<br>Flip a coin. If heads, the Defending Pokémon is now Poisoned.",,R,,0.14,0.45,2.5,0.42,,Unlimited,1,,
89855,Teddiursa,Teddiursa,https://tcgplayer-cdn.tcgplayer.com/product/89855_200w.jpg,3,1434,https://cpt.tcgcsv.com/7ZK,2022-11-27T17:39:14.42,1,65/75,Common,Colorless,40,Basic,[1] Scratch (10),"[2] Nap Time
<br>Remove all damage counters from Teddiursa. Teddiursa is now Asleep.",F,P-30,1.12,2.35,3.98,2.44,,1st Edition,1,,
89855,Teddiursa,Teddiursa,https://tcgplayer-cdn.tcgplayer.com/product/89855_200w.jpg,3,1434,https://cpt.tcgcsv.com/7ZK,2022-11-27T17:39:14.42,1,65/75,Common,Colorless,40,Basic,[1] Scratch (10),"[2] Nap Time
<br>Remove all damage counters from Teddiursa. Teddiursa is now Asleep.",F,P-30,0.2,0.6,5.65,0.74,0.5,Unlimited,1,,
90113,Tyranitar (12),Tyranitar 12,https://tcgplayer-cdn.tcgplayer.com/product/90113_200w.jpg,3,1434,https://cpt.tcgcsv.com/h3L,2023-03-10T14:04:37.43,1,12/75,Holo Rare,Darkness,100,Stage 2,"[3] Slam (30x)
<br>Flip 2 coins. This attack does 30 times the number of heads.","[2DD] Trample (50)
<br>For each Benched Pokémon in play <em>(yours and your opponent's)</em>, flip a coin. If heads, this attack does 30 damage to that Pokémon. <em>(Don't apply Weakness and Resistance for Benched Pokémon.)</em>",,P-30,350.0,375.0,399.99,400.98,,1st Edition Holofoil,3,,
90113,Tyranitar (12),Tyranitar 12,https://tcgplayer-cdn.tcgplayer.com/product/90113_200w.jpg,3,1434,https://cpt.tcgcsv.com/h3L,2023-03-10T14:04:37.43,1,12/75,Holo Rare,Darkness,100,Stage 2,"[3] Slam (30x)
<br>Flip 2 coins. This attack does 30 times the number of heads.","[2DD] Trample (50)
<br>For each Benched Pokémon in play <em>(yours and your opponent's)</em>, flip a coin. If heads, this attack does 30 damage to that Pokémon. <em>(Don't apply Weakness and Resistance for Benched Pokémon.)</em>",,P-30,90.97,143.89,300.0,139.35,,Unlimited Holofoil,3,,
90116,Tyranitar (31),Tyranitar 31,https://tcgplayer-cdn.tcgplayer.com/product/90116_200w.jpg,3,1434,https://cpt.tcgcsv.com/l3L,2022-12-20T18:27:28.02,1,31/75,Rare,Darkness,100,Stage 2,"[3] Slam (30x)
<br>Flip 2 coins. This attack does 30 times the number of heads.","[2DD] Trample (50)
<br>For each Benched Pokémon in play <em>(yours and your opponent's)</em>, flip a coin. If heads, this attack does 30 damage to that Pokémon. <em>(Don't apply Weakness and Resistance for Benched Pokémon.)</em>",,P-30,36.34,76.49,115.0,47.52,,1st Edition,3,,
90116,Tyranitar (31),Tyranitar 31,https://tcgplayer-cdn.tcgplayer.com/product/90116_200w.jpg,3,1434,https://cpt.tcgcsv.com/l3L,2022-12-20T18:27:28.02,1,31/75,Rare,Darkness,100,Stage 2,"[3] Slam (30x)
<br>Flip 2 coins. This attack does 30 times the number of heads.","[2DD] Trample (50)
<br>For each Benched Pokémon in play <em>(yours and your opponent's)</em>, flip a coin. If heads, this attack does 30 damage to that Pokémon. <em>(Don't apply Weakness and Resistance for Benched Pokémon.)</em>",,P-30,10.0,13.14,21.6,14.77,,Unlimited,3,,
90128,Tyrogue,Tyrogue,https://tcgplayer-cdn.tcgplayer.com/product/90128_200w.jpg,3,1434,https://cpt.tcgcsv.com/B3L,2024-04-16T10:17:30.35,1,66/75,Common,Fighting,30,Basic,"[1] Smash Punch (30)
<br>Flip a coin. If tails, this attack does nothing.",,,,0.84,1.44,4.99,1.36,,1st Edition,,"<em>If this Baby Pokémon is your Active Pokémon and your opponent announces an attack, your opponent flips a coin (before doing anything else). If tails, your opponent's turn ends.</em>",
90128,Tyrogue,Tyrogue,https://tcgplayer-cdn.tcgplayer.com/product/90128_200w.jpg,3,1434,https://cpt.tcgcsv.com/B3L,2024-04-16T10:17:30.35,1,66/75,Common,Fighting,30,Basic,"[1] Smash Punch (30)
<br>Flip a coin. If tails, this attack does nothing.",,,,0.25,0.52,35.0,0.6,,Unlimited,,"<em>If this Baby Pokémon is your Active Pokémon and your opponent announces an attack, your opponent flips a coin (before doing anything else). If tails, your opponent's turn ends.</em>",
90137,Umbreon (13),Umbreon 13,https://tcgplayer-cdn.tcgplayer.com/product/90137_200w.jpg,3,1434,https://cpt.tcgcsv.com/M3L,2022-11-27T17:44:21.837,1,13/75,Holo Rare,Darkness,80,Stage 1,[2] Bite (20),"[1DD] Feint Attack
<br>Choose 1 of your opponent's Pokémon. This attack does 30 damage to that Pokémon. This attack's damage isn't affected by Weakness, Resistance, Pokémon Powers or any other effects on the Defending Pokémon.",,P-30,850.0,1325.0,1799.99,1799.99,,1st Edition Holofoil,1,,
90137,Umbreon (13),Umbreon 13,https://tcgplayer-cdn.tcgplayer.com/product/90137_200w.jpg,3,1434,https://cpt.tcgcsv.com/M3L,2022-11-27T17:44:21.837,1,13/75,Holo Rare,Darkness,80,Stage 1,[2] Bite (20),"[1DD] Feint Attack
<br>Choose 1 of your opponent's Pokémon. This attack does 30 damage to that Pokémon. This attack's damage isn't affected by Weakness, Resistance, Pokémon Powers or any other effects on the Defending Pokémon.",,P-30,345.0,373.48,500.0,384.36,,Unlimited Holofoil,1,,
90142,Umbreon (32),Umbreon 32,https://tcgplayer-cdn.tcgplayer.com/product/90142_200w.jpg,3,1434,https://cpt.tcgcsv.com/S3L,2022-11-27T17:45:36.21,1,32/75,Rare,Darkness,70,Stage 1,"[2] Quick Attack (10+)
<br>Flip a coin. If heads, this attack does 10 damage plus 20 more damage; if tails, this attack does 10 damage.","[2D] Pursuit (30)
<br>During your opponent's next turn, if the Defending Pokémon tries to retreat, do 10 damage to it. <em>(Don't apply Weakness and Resistance.)</em>",,P-30,162.48,431.24,699.99,121.44,699.99,1st Edition,1,,
90142,Umbreon (32),Umbreon 32,https://tcgplayer-cdn.tcgplayer.com/product/90142_200w.jpg,3,1434,https://cpt.tcgcsv.com/S3L,2022-11-27T17:45:36.21,1,32/75,Rare,Darkness,70,Stage 1,"[2] Quick Attack (10+)
<br>Flip a coin. If heads, this attack does 10 damage plus 20 more damage; if tails, this attack does 10 damage.","[2D] Pursuit (30)
<br>During your opponent's next turn, if the Defending Pokémon tries to retreat, do 10 damage to it. <em>(Don't apply Weakness and Resistance.)</em>",,P-30,42.0,48.83,89.99,46.44,46.56,Unlimited,1,,
90196,Unown [A] (14),Unown A 14,https://tcgplayer-cdn.tcgplayer.com/product/90196_200w.jpg,3,1434,https://cpt.tcgcsv.com/X5L,2024-11-13T20:26:43.62,1,14/75,Holo Rare,Psychic,40,Basic,[P] Hidden Power (10),,P,,58.97,75.0,89.95,58.97,,1st Edition Holofoil,1,"<strong>Pokémon Power: [Anger]</strong>
<br>
Whenever 1 of your Pokémon with Unown in its name uses its Hidden Power attack, that attack does 10 more damage for each damage counter on Unown [A]. If you have more than 1 Unown [A] in play, use only 1 [Anger] for each attack.",
90196,Unown [A] (14),Unown A 14,https://tcgplayer-cdn.tcgplayer.com/product/90196_200w.jpg,3,1434,https://cpt.tcgcsv.com/X5L,2024-11-13T20:26:43.62,1,14/75,Holo Rare,Psychic,40,Basic,[P] Hidden Power (10),,P,,6.99,11.7,50.0,12.27,,Unlimited Holofoil,1,"<strong>Pokémon Power: [Anger]</strong>
<br>
Whenever 1 of your Pokémon with Unown in its name uses its Hidden Power attack, that attack does 10 more damage for each damage counter on Unown [A]. If you have more than 1 Unown [A] in play, use only 1 [Anger] for each attack.",
90197,Unown [A] (33),Unown A 33,https://tcgplayer-cdn.tcgplayer.com/product/90197_200w.jpg,3,1434,https://cpt.tcgcsv.com/Z5L,2023-08-20T18:14:53.3,1,33/75,Rare,Psychic,40,Basic,[P] Hidden Power (10),,P,,9.07,13.8,19.79,12.39,,1st Edition,1,"<strong>Pokémon Power: [Anger]</strong>
<br>
Whenever 1 of your Pokémon with Unown in its name uses its Hidden Power attack, that attack does 10 more damage for each damage counter on Unown [A]. If you have more than 1 Unown [A] in play, use only 1 [Anger] for each attack.",
90197,Unown [A] (33),Unown A 33,https://tcgplayer-cdn.tcgplayer.com/product/90197_200w.jpg,3,1434,https://cpt.tcgcsv.com/Z5L,2023-08-20T18:14:53.3,1,33/75,Rare,Psychic,40,Basic,[P] Hidden Power (10),,P,,4.4,7.0,8.09,6.47,,Unlimited,1,"<strong>Pokémon Power: [Anger]</strong>
<br>
Whenever 1 of your Pokémon with Unown in its name uses its Hidden Power attack, that attack does 10 more damage for each damage counter on Unown [A]. If you have more than 1 Unown [A] in play, use only 1 [Anger] for each attack.",
90203,Unown [D],Unown D,https://tcgplayer-cdn.tcgplayer.com/product/90203_200w.jpg,3,1434,https://cpt.tcgcsv.com/56L,2024-10-27T12:05:14.66,1,47/75,Uncommon,Psychic,40,Basic,[P] Hidden Power (10),,P,,1.4,1.82,3.99,1.82,,1st Edition,1,"<strong>Pokémon Power: [Darkness]</strong> Whenever a Darkness Pokémon damages 1 of your Pokémon, reduce that damage by 30 <em>(after applying Weakness and Resistance)</em>. This power stops working if you have more than 1 Unown [D] in play. <em>(This power works even if Unown [D] is Asleep, Confused, or Paralyzed.",
90203,Unown [D],Unown D,https://tcgplayer-cdn.tcgplayer.com/product/90203_200w.jpg,3,1434,https://cpt.tcgcsv.com/56L,2024-10-27T12:05:14.66,1,47/75,Uncommon,Psychic,40,Basic,[P] Hidden Power (10),,P,,0.27,0.87,7.0,1.02,,Unlimited,1,"<strong>Pokémon Power: [Darkness]</strong> Whenever a Darkness Pokémon damages 1 of your Pokémon, reduce that damage by 30 <em>(after applying Weakness and Resistance)</em>. This power stops working if you have more than 1 Unown [D] in play. <em>(This power works even if Unown [D] is Asleep, Confused, or Paralyzed.",
90205,Unown [E],Unown E,https://tcgplayer-cdn.tcgplayer.com/product/90205_200w.jpg,3,1434,https://cpt.tcgcsv.com/76L,2022-11-27T17:50:53.393,1,67/75,Common,Psychic,40,Basic,[P] Hidden Power (10),,P,,0.8,1.29,4.98,1.26,0.98,1st Edition,1,"<strong>Pokémon Power: [Engage]</strong>
<br>
When you play Unown [E] from your hand, your opponent may shuffle his or her hand into his or her deck and then draw 4 cards. Either way, you may shuffle your hand into your deck and then draw 4 cards.",
90205,Unown [E],Unown E,https://tcgplayer-cdn.tcgplayer.com/product/90205_200w.jpg,3,1434,https://cpt.tcgcsv.com/76L,2022-11-27T17:50:53.393,1,67/75,Common,Psychic,40,Basic,[P] Hidden Power (10),,P,,0.22,0.5,7.0,0.59,,Unlimited,1,"<strong>Pokémon Power: [Engage]</strong>
<br>
When you play Unown [E] from your hand, your opponent may shuffle his or her hand into his or her deck and then draw 4 cards. Either way, you may shuffle your hand into your deck and then draw 4 cards.",
90207,Unown [F],Unown F,https://tcgplayer-cdn.tcgplayer.com/product/90207_200w.jpg,3,1434,https://cpt.tcgcsv.com/96L,2022-11-27T17:53:58.597,1,48/75,Uncommon,Psychic,40,Basic,[P] Hidden Power (10),,P,,1.45,2.12,4.0,2.12,,1st Edition,1,"<strong>Pokémon Power: [Find]</strong> Once during your turn <em>(before your attack)</em>, if you have Unown [F], Unown [I], Unown [N], and Unown [D] on your Bench, you may search your deck for a Trainer card. Show that card to your opponent, then put it into your hand. Shuffle your deck afterward.",
90207,Unown [F],Unown F,https://tcgplayer-cdn.tcgplayer.com/product/90207_200w.jpg,3,1434,https://cpt.tcgcsv.com/96L,2022-11-27T17:53:58.597,1,48/75,Uncommon,Psychic,40,Basic,[P] Hidden Power (10),,P,,0.42,0.99,7.0,1.02,,Unlimited,1,"<strong>Pokémon Power: [Find]</strong> Once during your turn <em>(before your attack)</em>, if you have Unown [F], Unown [I], Unown [N], and Unown [D] on your Bench, you may search your deck for a Trainer card. Show that card to your opponent, then put it into your hand. Shuffle your deck afterward.",
90213,Unown [I],Unown I,https://tcgplayer-cdn.tcgplayer.com/product/90213_200w.jpg,3,1434,https://cpt.tcgcsv.com/h6L,2025-02-05T21:10:33.513,1,68/75,Common,Psychic,40,Basic,[P] Hidden Power (10),,P,,0.8,1.0,4.76,1.03,,1st Edition,1,"<strong>Pokémon Power: [Increase]</strong>
<br>
When you play Unown [I] from your hand, you may search your deck for a card with Unown in its name and put it onto your Bench. Shuffle your deck afterward. You can't use this power if your Bench is full.",
90213,Unown [I],Unown I,https://tcgplayer-cdn.tcgplayer.com/product/90213_200w.jpg,3,1434,https://cpt.tcgcsv.com/h6L,2025-02-05T21:10:33.513,1,68/75,Common,Psychic,40,Basic,[P] Hidden Power (10),,P,,0.15,0.47,2.5,0.46,0.3,Unlimited,1,"<strong>Pokémon Power: [Increase]</strong>
<br>
When you play Unown [I] from your hand, you may search your deck for a card with Unown in its name and put it onto your Bench. Shuffle your deck afterward. You can't use this power if your Bench is full.",
90221,Unown [M],Unown M,https://tcgplayer-cdn.tcgplayer.com/product/90221_200w.jpg,3,1434,https://cpt.tcgcsv.com/r6L,2024-10-26T04:35:16.627,1,49/75,Uncommon,Psychic,40,Basic,[P] Hidden Power (10),,P,,1.05,2.45,4.5,2.57,,1st Edition,1,"<strong>Pokémon Power: [Metal]</strong> Whenever a Metal Pokémon damages 1 of your Pokémon, reduce that damage by 30 <em>(after applying Weakness and Resistance)</em>. This power stops working if you have more than 1 Unown [M] in play. <em>(This power works even if Unown [M] is Asleep, Confused, or Paralyzed.)</em>",
90221,Unown [M],Unown M,https://tcgplayer-cdn.tcgplayer.com/product/90221_200w.jpg,3,1434,https://cpt.tcgcsv.com/r6L,2024-10-26T04:35:16.627,1,49/75,Uncommon,Psychic,40,Basic,[P] Hidden Power (10),,P,,0.3,1.0,7.0,1.12,,Unlimited,1,"<strong>Pokémon Power: [Metal]</strong> Whenever a Metal Pokémon damages 1 of your Pokémon, reduce that damage by 30 <em>(after applying Weakness and Resistance)</em>. This power stops working if you have more than 1 Unown [M] in play. <em>(This power works even if Unown [M] is Asleep, Confused, or Paralyzed.)</em>",
90223,Unown [N],Unown N,https://tcgplayer-cdn.tcgplayer.com/product/90223_200w.jpg,3,1434,https://cpt.tcgcsv.com/t6L,2022-11-27T17:58:53.117,1,50/75,Uncommon,Psychic,40,Basic,[P] Hidden Power (10),,P,,1.31,2.04,6.98,2.07,,1st Edition,1,"<strong>Pokémon Power: [Normal]</strong>
<br>
Whenever a Colorless Pokémon damages 1 of your Pokémon, reduce that damage by 30 <em>(after applying Weakness and Resistance)</em>. This power stops working if you have more than 1 Unown [N] in play. <em>(This power works even if Unown [N] is Asleep, Confused, or Paralyzed.",
90223,Unown [N],Unown N,https://tcgplayer-cdn.tcgplayer.com/product/90223_200w.jpg,3,1434,https://cpt.tcgcsv.com/t6L,2022-11-27T17:58:53.117,1,50/75,Uncommon,Psychic,40,Basic,[P] Hidden Power (10),,P,,0.44,0.68,3.99,0.68,0.5,Unlimited,1,"<strong>Pokémon Power: [Normal]</strong>
<br>
Whenever a Colorless Pokémon damages 1 of your Pokémon, reduce that damage by 30 <em>(after applying Weakness and Resistance)</em>. This power stops working if you have more than 1 Unown [N] in play. <em>(This power works even if Unown [N] is Asleep, Confused, or Paralyzed.",
90225,Unown [O],Unown O,https://tcgplayer-cdn.tcgplayer.com/product/90225_200w.jpg,3,1434,https://cpt.tcgcsv.com/w6L,2023-07-17T08:28:52.35,1,69/75,Common,Psychic,40,Basic,[P] Hidden Power (10),,P,,0.69,1.48,4.99,1.14,,1st Edition,1,"<strong>Pokémon Power: Observe</strong>
<br>
Once during your turn <em>(before your attack)</em>, you may look at 5 cards from the top of your opponent's deck and put them back in the same order.",
90225,Unown [O],Unown O,https://tcgplayer-cdn.tcgplayer.com/product/90225_200w.jpg,3,1434,https://cpt.tcgcsv.com/w6L,2023-07-17T08:28:52.35,1,69/75,Common,Psychic,40,Basic,[P] Hidden Power (10),,P,,0.24,0.5,3.03,0.6,,Unlimited,1,"<strong>Pokémon Power: Observe</strong>
<br>
Once during your turn <em>(before your attack)</em>, you may look at 5 cards from the top of your opponent's deck and put them back in the same order.",
90236,Unown [U],Unown U,https://tcgplayer-cdn.tcgplayer.com/product/90236_200w.jpg,3,1434,https://cpt.tcgcsv.com/L6L,2022-11-27T18:01:28.743,1,51/75,Uncommon,Psychic,40,Basic,[P] Hidden Power (10),,P,,1.25,1.98,8.0,2.06,,1st Edition,1,"<strong>Pokémon Power: [Undo]</strong> Once during your turn <em>(before your attack)</em>, if you have Unown [U], Unown [N], Unown [D], and Unown [O] on your Bench, you may return your Active Pokémon and all cards attached to it to your hand.",
90236,Unown [U],Unown U,https://tcgplayer-cdn.tcgplayer.com/product/90236_200w.jpg,3,1434,https://cpt.tcgcsv.com/L6L,2022-11-27T18:01:28.743,1,51/75,Uncommon,Psychic,40,Basic,[P] Hidden Power (10),,P,,0.61,1.14,3.99,1.23,1.17,Unlimited,1,"<strong>Pokémon Power: [Undo]</strong> Once during your turn <em>(before your attack)</em>, if you have Unown [U], Unown [N], Unown [D], and Unown [O] on your Bench, you may return your Active Pokémon and all cards attached to it to your hand.",
90249,Ursaring (15),Ursaring 15,https://tcgplayer-cdn.tcgplayer.com/product/90249_200w.jpg,3,1434,https://cpt.tcgcsv.com/_6L,2022-11-27T18:02:37.54,1,15/75,Holo Rare,Colorless,80,Stage 1,"[2] Headpress (20)
<br>Flip a coin. If heads, the Defending Pokémon is now Paralyzed. If tails, this attack does nothing <em>(not even damage)</em>.","[4] Double Lariat (40x)
<br>Flip 2 coins. This attack does 40 times the number of heads.",F,P-30,67.73,80.99,199.99,92.13,,1st Edition Holofoil,3,,
90249,Ursaring (15),Ursaring 15,https://tcgplayer-cdn.tcgplayer.com/product/90249_200w.jpg,3,1434,https://cpt.tcgcsv.com/_6L,2022-11-27T18:02:37.54,1,15/75,Holo Rare,Colorless,80,Stage 1,"[2] Headpress (20)
<br>Flip a coin. If heads, the Defending Pokémon is now Paralyzed. If tails, this attack does nothing <em>(not even damage)</em>.","[4] Double Lariat (40x)
<br>Flip 2 coins. This attack does 40 times the number of heads.",F,P-30,14.0,30.46,75.0,31.15,,Unlimited Holofoil,3,,
90250,Ursaring (34),Ursaring 34,https://tcgplayer-cdn.tcgplayer.com/product/90250_200w.jpg,3,1434,https://cpt.tcgcsv.com/07L,2022-11-27T18:03:28.967,1,34/75,Rare,Colorless,80,Stage 1,"[2] Headpress (20)
<br>Flip a coin. If heads, the Defending Pokémon is now Paralyzed. If tails, this attack does nothing <em>(not even damage)</em>.","[4] Double Lariat (40x)
<br>Flip 2 coins. This attack does 40 times the number of heads.",F,P-30,5.54,8.83,24.97,8.92,,1st Edition,3,,
90250,Ursaring (34),Ursaring 34,https://tcgplayer-cdn.tcgplayer.com/product/90250_200w.jpg,3,1434,https://cpt.tcgcsv.com/07L,2022-11-27T18:03:28.967,1,34/75,Rare,Colorless,80,Stage 1,"[2] Headpress (20)
<br>Flip a coin. If heads, the Defending Pokémon is now Paralyzed. If tails, this attack does nothing <em>(not even damage)</em>.","[4] Double Lariat (40x)
<br>Flip 2 coins. This attack does 40 times the number of heads.",F,P-30,3.06,4.86,7.35,4.87,,Unlimited,3,,
90538,Weedle,Weedle,https://tcgplayer-cdn.tcgplayer.com/product/90538_200w.jpg,3,1434,https://cpt.tcgcsv.com/NdL,2023-11-28T17:57:02.523,1,70/75,Common,Grass,40,Basic,"[G] Spike Stab (20)
<br>Flip a coin. If heads, the Defending Pokémon is now Poisoned. If tails, this attack does nothing <em>(not even damage)</em>.",,R,,0.92,1.44,5.98,1.46,,1st Edition,1,,
90538,Weedle,Weedle,https://tcgplayer-cdn.tcgplayer.com/product/90538_200w.jpg,3,1434,https://cpt.tcgcsv.com/NdL,2023-11-28T17:57:02.523,1,70/75,Common,Grass,40,Basic,"[G] Spike Stab (20)
<br>Flip a coin. If heads, the Defending Pokémon is now Poisoned. If tails, this attack does nothing <em>(not even damage)</em>.",,R,,0.18,0.47,20.0,0.49,,Unlimited,1,,
90612,Wobbuffet (16),Wobbuffet 16,https://tcgplayer-cdn.tcgplayer.com/product/90612_200w.jpg,3,1434,https://cpt.tcgcsv.com/ggL,2022-11-27T18:05:37.64,1,16/75,Holo Rare,Psychic,90,Basic,"[P] Counter
<br>If an attack damages Wobbuffet during your opponent's next turn <em>(even if Wobbuffet is Knocked Out)</em>, flip a coin. If heads, Wobbuffet attacks the Defending Pokémon for an equal amount of damage.",,P,,33.74,59.69,71.5,64.98,,1st Edition Holofoil,3,,
90612,Wobbuffet (16),Wobbuffet 16,https://tcgplayer-cdn.tcgplayer.com/product/90612_200w.jpg,3,1434,https://cpt.tcgcsv.com/ggL,2022-11-27T18:05:37.64,1,16/75,Holo Rare,Psychic,90,Basic,"[P] Counter
<br>If an attack damages Wobbuffet during your opponent's next turn <em>(even if Wobbuffet is Knocked Out)</em>, flip a coin. If heads, Wobbuffet attacks the Defending Pokémon for an equal amount of damage.",,P,,15.73,22.01,40.0,24.26,26.1,Unlimited Holofoil,3,,
90614,Wobbuffet (35),Wobbuffet 35,https://tcgplayer-cdn.tcgplayer.com/product/90614_200w.jpg,3,1434,https://cpt.tcgcsv.com/jgL,2022-11-27T18:07:53.857,1,35/75,Rare,Psychic,90,Basic,"[P] Counter
<br>If an attack damages Wobbuffet during your opponent's next turn <em>(even if Wobbuffet is Knocked Out)</em>, flip a coin. If heads, Wobbuffet attacks the Defending Pokémon for an equal amount of damage.",,P,,5.75,9.0,12.2,8.08,,1st Edition,3,,
90614,Wobbuffet (35),Wobbuffet 35,https://tcgplayer-cdn.tcgplayer.com/product/90614_200w.jpg,3,1434,https://cpt.tcgcsv.com/jgL,2022-11-27T18:07:53.857,1,35/75,Rare,Psychic,90,Basic,"[P] Counter
<br>If an attack damages Wobbuffet during your opponent's next turn <em>(even if Wobbuffet is Knocked Out)</em>, flip a coin. If heads, Wobbuffet attacks the Defending Pokémon for an equal amount of damage.",,P,,3.11,4.72,9.95,4.52,,Unlimited,3,,
90631,Wooper,Wooper,https://tcgplayer-cdn.tcgplayer.com/product/90631_200w.jpg,3,1434,https://cpt.tcgcsv.com/FgL,2023-06-04T10:09:16.867,1,71/75,Common,Water,50,Basic,"[W] Slime
<br>If an attack would do damage to Wooper during your opponent's next turn, your opponent flips a coin. If tails, prevent all damage done to Wooper from that attack. <em>(Any other effects of that attack happen.)</em>",[2] Tail Slap (20),G,L-30,1.61,3.03,5.64,2.65,,1st Edition,1,,
90631,Wooper,Wooper,https://tcgplayer-cdn.tcgplayer.com/product/90631_200w.jpg,3,1434,https://cpt.tcgcsv.com/FgL,2023-06-04T10:09:16.867,1,71/75,Common,Water,50,Basic,"[W] Slime
<br>If an attack would do damage to Wooper during your opponent's next turn, your opponent flips a coin. If tails, prevent all damage done to Wooper from that attack. <em>(Any other effects of that attack happen.)</em>",[2] Tail Slap (20),G,L-30,0.4,0.75,2.5,0.97,,Unlimited,1,,
90660,Xatu,Xatu,https://tcgplayer-cdn.tcgplayer.com/product/90660_200w.jpg,3,1434,https://cpt.tcgcsv.com/dhL,2022-11-27T18:10:29.027,1,52/75,Uncommon,Psychic,70,Stage 1,"[P] Energy Cycle
<br>Flip a coin. If heads, choose 1 Energy card attached to the Defending Pokémon and 1 of your opponent's Benched Pokémon. Attach that Energy card to that Pokémon.",[1PP] Super Psy (50),P,F-30,1.14,1.71,4.98,1.64,,1st Edition,1,,
90660,Xatu,Xatu,https://tcgplayer-cdn.tcgplayer.com/product/90660_200w.jpg,3,1434,https://cpt.tcgcsv.com/dhL,2022-11-27T18:10:29.027,1,52/75,Uncommon,Psychic,70,Stage 1,"[P] Energy Cycle
<br>Flip a coin. If heads, choose 1 Energy card attached to the Defending Pokémon and 1 of your opponent's Benched Pokémon. Attach that Energy card to that Pokémon.",[1PP] Super Psy (50),P,F-30,0.24,0.66,2.5,0.7,,Unlimited,1,,
90680,Yanma (17),Yanma 17,https://tcgplayer-cdn.tcgplayer.com/product/90680_200w.jpg,3,1434,https://cpt.tcgcsv.com/DhL,2023-02-06T21:10:50.413,1,17/75,Holo Rare,Grass,60,Basic,"[G] Shockwave
<br>Flip a coin. If heads, this attack does 10 damage to each of your opponent's Pokémon. Don't apply Weakness and Resistance. Then, if your opponent has any Benched Pokémon, he or she chooses 1 of them and switches it with the Defending Pokémon.","[GGG] Swift (30)
<br>This attack's damage isn't affected by Weakness, Resistance, Pokémon Powers, or any other effects on the Defending Pokémon.",R,F-30,54.3,80.47,120.0,56.57,,1st Edition Holofoil,,,
90680,Yanma (17),Yanma 17,https://tcgplayer-cdn.tcgplayer.com/product/90680_200w.jpg,3,1434,https://cpt.tcgcsv.com/DhL,2023-02-06T21:10:50.413,1,17/75,Holo Rare,Grass,60,Basic,"[G] Shockwave
<br>Flip a coin. If heads, this attack does 10 damage to each of your opponent's Pokémon. Don't apply Weakness and Resistance. Then, if your opponent has any Benched Pokémon, he or she chooses 1 of them and switches it with the Defending Pokémon.","[GGG] Swift (30)
<br>This attack's damage isn't affected by Weakness, Resistance, Pokémon Powers, or any other effects on the Defending Pokémon.",R,F-30,14.01,20.3,50.0,22.73,,Unlimited Holofoil,,,
90681,Yanma (36),Yanma 36,https://tcgplayer-cdn.tcgplayer.com/product/90681_200w.jpg,3,1434,https://cpt.tcgcsv.com/FhL,2022-11-27T18:12:10.99,1,36/75,Rare,Grass,60,Basic,"[G] Shockwave
<br>Flip a coin. If heads, this attack does 10 damage to each of your opponent's Pokémon. Don't apply Weakness and Resistance. Then, if your opponent has any Benched Pokémon, he or she chooses 1 of them and switches it with the Defending Pokémon.","[GGG] Swift (30)
<br>This attack's damage isn't affected by Weakness, Resistance, Pokémon Powers, or any other effects on the Defending Pokémon.",R,F-30,8.99,12.95,21.97,9.31,,1st Edition,,,
90681,Yanma (36),Yanma 36,https://tcgplayer-cdn.tcgplayer.com/product/90681_200w.jpg,3,1434,https://cpt.tcgcsv.com/FhL,2022-11-27T18:12:10.99,1,36/75,Rare,Grass,60,Basic,"[G] Shockwave
<br>Flip a coin. If heads, this attack does 10 damage to each of your opponent's Pokémon. Don't apply Weakness and Resistance. Then, if your opponent has any Benched Pokémon, he or she chooses 1 of them and switches it with the Defending Pokémon.","[GGG] Swift (30)
<br>This attack's damage isn't affected by Weakness, Resistance, Pokémon Powers, or any other effects on the Defending Pokémon.",R,F-30,3.0,4.88,10.0,5.37,,Unlimited,,,
138143,Neo Discovery Booster Pack [Unlimited Edition],Neo Discovery Booster Pack Unlimited Edition,https://tcgplayer-cdn.tcgplayer.com/product/138143_200w.jpg,3,1434,https://cpt.tcgcsv.com/Tg72,2017-07-22T16:17:28.94,1,,,,,,,,,,377.06,425.0,600.0,344.44,,Normal,,This booster pack contains 11 cards for Wizards of the Coast printed Neo Discovery set.,
138144,Neo Discovery Booster Pack [1st Edition],Neo Discovery Booster Pack 1st Edition,https://tcgplayer-cdn.tcgplayer.com/product/138144_200w.jpg,3,1434,https://cpt.tcgcsv.com/Vg72,2017-07-22T16:17:48.53,1,,,,,,,,,,1500.0,1500.0,1500.0,,,Normal,,This booster pack contains 11 cards for Wizards of the Coast printed Neo Discovery set.,
234510,"Neo Discovery Theme Deck - ""Brain Wave""",Neo Discovery Theme Deck Brain Wave,https://tcgplayer-cdn.tcgplayer.com/product/234510_200w.jpg,3,1434,https://cpt.tcgcsv.com/dQT2,2021-03-15T18:06:19.913,1,,,,,,,,,,425.0,425.0,425.0,,,Normal,,,
282509,Neo Discovery 2-Pack Blister [Unlimited Edition],Neo Discovery 2 Pack Blister Unlimited Edition,https://tcgplayer-cdn.tcgplayer.com/product/282509_200w.jpg,3,1434,https://cpt.tcgcsv.com/c0h3,2022-08-16T16:40:06.637,1,,,,,,,,,,,,,,,,,Each 2-pack blister contains 2 Neo Discovery booster packs.,76930883969
451097,"Neo Discovery Theme Deck - ""Wallop""",Neo Discovery Theme Deck Wallop,https://tcgplayer-cdn.tcgplayer.com/product/451097_200w.jpg,3,1434,https://cpt.tcgcsv.com/ZrD5,2022-10-21T17:54:07.937,1,,,,,,,,,,,,,,,,,,
