productId,name,cleanName,imageUrl,categoryId,groupId,url,modifiedOn,imageCount,lowPrice,midPrice,highPrice,marketPrice,directLowPrice,subTypeName,extCardText,extNumber,extRarity,extCardType,extHP,extStage,extAttack1,extWeakness,extResistance,extRetreatCost,extAttack2
100489,XY Ancient Origins Booster Box,XY Ancient Origins Booster Box,https://tcgplayer-cdn.tcgplayer.com/product/100489_200w.jpg,3,1576,https://cpt.tcgcsv.com/PcQ,2015-08-20T11:19:00.267,1,8800.0,8800.0,8800.0,,,Normal,,,,,,,,,,,
100490,XY Ancient Origins Booster Pack,XY Ancient Origins Booster Pack,https://tcgplayer-cdn.tcgplayer.com/product/100490_200w.jpg,3,1576,https://cpt.tcgcsv.com/QcQ,2015-07-10T12:37:44.267,1,99.0,109.0,199.99,87.58,,Normal,,,,,,,,,,,
100491,"Ancient Origins Theme Deck - ""Iron Tide"" [Metagross]",Ancient Origins Theme Deck Iron Tide Metagross,https://tcgplayer-cdn.tcgplayer.com/product/100491_200w.jpg,3,1576,https://cpt.tcgcsv.com/RcQ,2018-10-03T12:50:32.023,1,,,,,,,"<em>Fury of Waves, Song of Steel! 
<br>Crush your opponents with iron or sink them in the depths—either way you wield the chilling might of the Iron Tide theme deck! </em>
<br>
<br><strong>Contents:</strong>
<br>• 1 60-card preconstructed deck
<br>• Damage counters
<br>• 1 coin",,,,,,,,,,
100492,"Ancient Origins Theme Deck - ""Stone Heart"" [Regirock]",Ancient Origins Theme Deck Stone Heart Regirock,https://tcgplayer-cdn.tcgplayer.com/product/100492_200w.jpg,3,1576,https://cpt.tcgcsv.com/ScQ,2018-10-03T12:51:55.843,1,38.0,39.97,39.99,38.0,,Normal,"<em>Strength of Spirit, Strength of Stone! 
<br>This deck’s got heart—the kind of prizefighter’s heart that never quits! With the Stone Heart theme deck, your Pokemon can poison, paralyze, and trick opposing Pokemon in many ways—and the mighty Regirock leads the way, with its Unyielding Rock attack perfect for taking down Pokémon EX! 
<br>
<br><strong>Contents:</strong>
<br>• 1 60-card preconstructed deck
<br>• Damage counters
<br>• 1 coin",,,,,,,,,,
100493,Ancient Origins 3 Pack Blister [Malamar],Ancient Origins 3 Pack Blister Malamar,https://tcgplayer-cdn.tcgplayer.com/product/100493_200w.jpg,3,1576,https://cpt.tcgcsv.com/TcQ,2018-10-10T15:18:13.967,1,,,,,,,"Each blister comes with 3 XY—Ancient Origins booster packs, a coin, and a promotional card of Malamar.",,,,,,,,,,
100494,Ancient Origins 3 Pack Blister [Salamence],Ancient Origins 3 Pack Blister Salamence,https://tcgplayer-cdn.tcgplayer.com/product/100494_200w.jpg,3,1576,https://cpt.tcgcsv.com/VcQ,2018-10-10T15:19:25.217,1,,,,,,,"Each blister comes with 3 XY—Ancient Origins booster packs, a coin, and a promotional card of Salamence.",,,,,,,,,,
100495,Ancient Origins Elite Trainer Box,Ancient Origins Elite Trainer Box,https://tcgplayer-cdn.tcgplayer.com/product/100495_200w.jpg,3,1576,https://cpt.tcgcsv.com/WcQ,2015-08-20T11:19:08.803,1,,,,,,,,,,,,,,,,,
100613,Oddish,Oddish,https://tcgplayer-cdn.tcgplayer.com/product/100613_200w.jpg,3,1576,https://cpt.tcgcsv.com/hgQ,2023-01-03T19:17:19.26,1,0.02,0.22,1.49,0.22,,Normal,,1/98,Common,Grass,50,Basic,"[G] Trip Over (10+)
<br>Flip a coin. If heads, this attack does 10 more damage.",Rx2,None,1,
100613,Oddish,Oddish,https://tcgplayer-cdn.tcgplayer.com/product/100613_200w.jpg,3,1576,https://cpt.tcgcsv.com/hgQ,2023-01-03T19:17:19.26,1,0.18,0.39,2.0,0.39,,Reverse Holofoil,,1/98,Common,Grass,50,Basic,"[G] Trip Over (10+)
<br>Flip a coin. If heads, this attack does 10 more damage.",Rx2,None,1,
100614,Gloom,Gloom,https://tcgplayer-cdn.tcgplayer.com/product/100614_200w.jpg,3,1576,https://cpt.tcgcsv.com/jgQ,2023-12-31T08:13:10.057,1,0.04,0.23,1.49,0.14,0.17,Normal,,2/98,Uncommon,Grass,80,Stage 1,[1G] Drool (30),Rx2,None,1,
100614,Gloom,Gloom,https://tcgplayer-cdn.tcgplayer.com/product/100614_200w.jpg,3,1576,https://cpt.tcgcsv.com/jgQ,2023-12-31T08:13:10.057,1,0.1,0.42,2.0,0.44,0.4,Reverse Holofoil,,2/98,Uncommon,Grass,80,Stage 1,[1G] Drool (30),Rx2,None,1,
100615,Vileplume,Vileplume,https://tcgplayer-cdn.tcgplayer.com/product/100615_200w.jpg,3,1576,https://cpt.tcgcsv.com/kgQ,2025-02-05T21:20:03.737,1,0.2,0.5,2.99,0.47,,Normal,"<b>Ability - Irritating Pollen</b>
<br>Each player can't play any Item cards from his or her hand.",3/98,Rare,Grass,130,Stage 2,[1GG] Solar Beam (70),Rx2,None,3,
100615,Vileplume,Vileplume,https://tcgplayer-cdn.tcgplayer.com/product/100615_200w.jpg,3,1576,https://cpt.tcgcsv.com/kgQ,2025-02-05T21:20:03.737,1,0.75,1.24,3.75,1.17,,Reverse Holofoil,"<b>Ability - Irritating Pollen</b>
<br>Each player can't play any Item cards from his or her hand.",3/98,Rare,Grass,130,Stage 2,[1GG] Solar Beam (70),Rx2,None,3,
100616,Bellossom,Bellossom,https://tcgplayer-cdn.tcgplayer.com/product/100616_200w.jpg,3,1576,https://cpt.tcgcsv.com/lgQ,2025-02-05T21:20:03.81,1,0.07,0.26,2.5,0.25,0.25,Normal,,4/98,Uncommon,Grass,120,Stage 2,"[G] Windmill (20)
<br>Switch this Pokemon with 1 of your Benched Pokemon.",Rx2,None,1,"[1G] Flower Tornado (60)
<br>Move as many Grass Energy attached to your Pokemon to your other Pokemon in any way you like."
100616,Bellossom,Bellossom,https://tcgplayer-cdn.tcgplayer.com/product/100616_200w.jpg,3,1576,https://cpt.tcgcsv.com/lgQ,2025-02-05T21:20:03.81,1,0.13,0.41,2.0,0.41,,Reverse Holofoil,,4/98,Uncommon,Grass,120,Stage 2,"[G] Windmill (20)
<br>Switch this Pokemon with 1 of your Benched Pokemon.",Rx2,None,1,"[1G] Flower Tornado (60)
<br>Move as many Grass Energy attached to your Pokemon to your other Pokemon in any way you like."
100617,Sceptile EX,Sceptile EX,https://tcgplayer-cdn.tcgplayer.com/product/100617_200w.jpg,3,1576,https://cpt.tcgcsv.com/mgQ,2023-08-30T14:18:08.88,1,2.99,6.49,9.99,6.71,,Holofoil,,7/98,Ultra Rare,Grass,170,Basic,"[G] Sleep Poison (10)
<br>Flip a coin. If heads, your opponent's Active Pokemon is now Asleep and Poisoned.",Rx2,None,1,"[1G] Unseen Claw (60+)
<br>If your opponent's Active Pokemon is affected by a Special Condition, this attack does 70 more damage."
100618,M Sceptile EX,M Sceptile EX,https://tcgplayer-cdn.tcgplayer.com/product/100618_200w.jpg,3,1576,https://cpt.tcgcsv.com/ngQ,2023-02-10T17:30:16.3,1,18.5,26.09,85.0,26.32,,Holofoil,<b>Ancient Trait - Theta Stop </b><em> Prevent all affects of your opponent's Pokemon Abilities done to this Pokemon.,8/98,Ultra Rare,Grass,220,Mega,"[1G] Jagged Saber (100)
<br>You may attach up to 2 Grass Energy from your hand to your Benched Pokemon in any way you like. If you attached Energy to a Pokemon in this way, heal all damage from that Pokemon.",Rx2,None,2,
100619,Virizion,Virizion,https://tcgplayer-cdn.tcgplayer.com/product/100619_200w.jpg,3,1576,https://cpt.tcgcsv.com/pgQ,2025-02-05T21:20:03.89,1,0.1,0.42,1.5,0.37,,Holofoil,,12/98,Holo Rare,Grass,110,Basic,"[G] Bail Out
<br>Put 2 Pokemon from your discard pile into your hand.",Rx2,None,1,"[GG] Prize Count (40+)
<br>If you have more Prize cards left than your opponent, this attack does 80 more damage."
100619,Virizion,Virizion,https://tcgplayer-cdn.tcgplayer.com/product/100619_200w.jpg,3,1576,https://cpt.tcgcsv.com/pgQ,2025-02-05T21:20:03.89,1,0.19,0.53,2.0,0.54,,Reverse Holofoil,,12/98,Holo Rare,Grass,110,Basic,"[G] Bail Out
<br>Put 2 Pokemon from your discard pile into your hand.",Rx2,None,1,"[GG] Prize Count (40+)
<br>If you have more Prize cards left than your opponent, this attack does 80 more damage."
100620,Entei (14),Entei 14,https://tcgplayer-cdn.tcgplayer.com/product/100620_200w.jpg,3,1576,https://cpt.tcgcsv.com/qgQ,2022-12-15T15:17:15.27,1,0.05,0.44,3.5,0.45,,Normal,,14/98,Rare,Fire,120,Basic,"[1] Burning Roar
<br>Discard the top 4 cards of your deck. If any of those cards are Fire Energy, attach them to your Pokemon in any way you like.",Wx2,None,2,"[RR] Combat Blaze (20+)
<br>This attack does 20 more damage for each of your opponent's Benched Pokemon."
100620,Entei (14),Entei 14,https://tcgplayer-cdn.tcgplayer.com/product/100620_200w.jpg,3,1576,https://cpt.tcgcsv.com/qgQ,2022-12-15T15:17:15.27,1,0.4,0.99,5.59,1.25,2.99,Reverse Holofoil,,14/98,Rare,Fire,120,Basic,"[1] Burning Roar
<br>Discard the top 4 cards of your deck. If any of those cards are Fire Energy, attach them to your Pokemon in any way you like.",Wx2,None,2,"[RR] Combat Blaze (20+)
<br>This attack does 20 more damage for each of your opponent's Benched Pokemon."
100621,Entei (15),Entei 15,https://tcgplayer-cdn.tcgplayer.com/product/100621_200w.jpg,3,1576,https://cpt.tcgcsv.com/rgQ,2024-02-02T21:22:09.627,1,4.95,11.32,20.0,9.49,11.3,Holofoil,<b>Ancient Trait - Theta Double</b> <em>This Pokemon may have up to 2 Pokemon Tool cards attached to it.,15/98,Holo Rare,Fire,130,Basic,"[1R] Flame Screen (30)
<br>During your opponent's next turn, any damage done to this Pokemon by attacks is reduced by 30 <i>(after applying Weakness and Resistance)</i>.",Wx2,None,2,"[2RR] Heat Tackle (130)
<br>Flip a coin. If tails, this Pokemon does 30 damage to itself."
100621,Entei (15),Entei 15,https://tcgplayer-cdn.tcgplayer.com/product/100621_200w.jpg,3,1576,https://cpt.tcgcsv.com/rgQ,2024-02-02T21:22:09.627,1,7.99,10.31,11.87,7.78,,Reverse Holofoil,<b>Ancient Trait - Theta Double</b> <em>This Pokemon may have up to 2 Pokemon Tool cards attached to it.,15/98,Holo Rare,Fire,130,Basic,"[1R] Flame Screen (30)
<br>During your opponent's next turn, any damage done to this Pokemon by attacks is reduced by 30 <i>(after applying Weakness and Resistance)</i>.",Wx2,None,2,"[2RR] Heat Tackle (130)
<br>Flip a coin. If tails, this Pokemon does 30 damage to itself."
100622,Volcarona (17),Volcarona 17,https://tcgplayer-cdn.tcgplayer.com/product/100622_200w.jpg,3,1576,https://cpt.tcgcsv.com/sgQ,2025-04-08T05:34:56.453,1,0.1,0.59,1.06,0.59,0.35,Holofoil,,17/98,Holo Rare,Fire,100,Stage 1,"[1] Sun Birth
<br>Search your deck for a Basic Pokemon and put it onto your bench. Then, search your deck for up to 2 basic Energy cards and attach them to that Pokemon. Shuffle your deck afterward.",Wx2,None,1,"[1R] Flamethrower (60)
<br>Discard an Energy attached to this Pokemon."
100622,Volcarona (17),Volcarona 17,https://tcgplayer-cdn.tcgplayer.com/product/100622_200w.jpg,3,1576,https://cpt.tcgcsv.com/sgQ,2025-04-08T05:34:56.453,1,0.3,0.66,3.62,0.64,0.5,Reverse Holofoil,,17/98,Holo Rare,Fire,100,Stage 1,"[1] Sun Birth
<br>Search your deck for a Basic Pokemon and put it onto your bench. Then, search your deck for up to 2 basic Energy cards and attach them to that Pokemon. Shuffle your deck afterward.",Wx2,None,1,"[1R] Flamethrower (60)
<br>Discard an Energy attached to this Pokemon."
100623,Hoopa EX,Hoopa EX,https://tcgplayer-cdn.tcgplayer.com/product/100623_200w.jpg,3,1576,https://cpt.tcgcsv.com/tgQ,2022-12-15T15:22:04.627,1,2.49,4.0,7.0,3.88,1.68,Holofoil,"<b>Ability - Scoundrel Ring </b>
<br>When you play this Pokemon from your hand onto your Bench, you may search your deck for up to 3 Pokemon EX <em>(except for Hoopa EX)</em>, reveal them, and put them into your hand. Shuffle your deck afterward.",36/98,Ultra Rare,Psychic,170,Basic,"[PPP] Hyperspace Fury
<br>Discard 2 Energy attached to this Pokemon. This attack does 100 damage to 1 of your opponent's Pokemon.<i> (Don't apply Weakness and Resistance for Benched Pokemon.)</i>",Px2,None,2,
100624,Tyranitar EX,Tyranitar EX,https://tcgplayer-cdn.tcgplayer.com/product/100624_200w.jpg,3,1576,https://cpt.tcgcsv.com/vgQ,2023-06-12T09:59:06.117,1,3.0,5.19,20.0,5.19,4.7,Holofoil,,42/98,Ultra Rare,Darkness,180,Basic,[2D] Hammer In (60),Fx2,P-20,4,"[2DD] Break Ground (130)
<br>This attack does 10 damage to each of your Benched Pokemon.<i> (Don't apply Weakness and Resistance for Benched Pokemon.)</i>"
100625,M Tyranitar EX,M Tyranitar EX,https://tcgplayer-cdn.tcgplayer.com/product/100625_200w.jpg,3,1576,https://cpt.tcgcsv.com/wgQ,2022-12-15T15:23:14.793,1,18.99,33.99,98.97,32.37,23.6,Holofoil,<b>Ancient Trait - Theta Double </b> <em>This Pokemon may have up to 2 Pokemon Tool cards attached to it.</em>,43/98,Ultra Rare,Darkness,240,Basic,"[2DD] Destroyer King (110+)
<br>This attack does 60 more damage for each damage counter on your opponent's Active Pokemon.",Fx2,P-20,4,
101434,Combee,Combee,https://tcgplayer-cdn.tcgplayer.com/product/101434_200w.jpg,3,1576,https://cpt.tcgcsv.com/JBQ,2025-02-05T21:20:03.963,1,0.01,0.18,1.49,0.1,,Normal,,9/98,Common,Grass,40,Basic,[G] Bug Bite (10),Rx2,None,1,
101434,Combee,Combee,https://tcgplayer-cdn.tcgplayer.com/product/101434_200w.jpg,3,1576,https://cpt.tcgcsv.com/JBQ,2025-02-05T21:20:03.963,1,0.09,0.29,1.74,0.26,,Reverse Holofoil,,9/98,Common,Grass,40,Basic,[G] Bug Bite (10),Rx2,None,1,
101435,Vespiquen (10),Vespiquen 10,https://tcgplayer-cdn.tcgplayer.com/product/101435_200w.jpg,3,1576,https://cpt.tcgcsv.com/KBQ,2025-02-05T21:20:04.043,1,0.05,0.2,1.49,0.15,,Normal,,10/98,Uncommon,Grass,90,Stage 1,"[1] Intelligence Gathering
<br>You may draw cards until you have 6 cards in your hand.",Rx2,None,0,"[2] Bee Revenge (20+)
<br>This attack does 10 more damage for each Pokemon in your discard pile."
101435,Vespiquen (10),Vespiquen 10,https://tcgplayer-cdn.tcgplayer.com/product/101435_200w.jpg,3,1576,https://cpt.tcgcsv.com/KBQ,2025-02-05T21:20:04.043,1,0.06,0.34,2.0,0.32,,Reverse Holofoil,,10/98,Uncommon,Grass,90,Stage 1,"[1] Intelligence Gathering
<br>You may draw cards until you have 6 cards in your hand.",Rx2,None,0,"[2] Bee Revenge (20+)
<br>This attack does 10 more damage for each Pokemon in your discard pile."
101436,Vespiquen (11),Vespiquen 11,https://tcgplayer-cdn.tcgplayer.com/product/101436_200w.jpg,3,1576,https://cpt.tcgcsv.com/LBQ,2023-10-19T14:07:23.61,1,0.15,0.35,4.74,0.33,0.35,Normal,<b>Ancient Trait - Theta Double</b> <em>This Pokemon may have up to 2 Pokemon Tool cards attached to it.,11/98,Rare,Grass,90,Stage 1,"[G] Bee Drain (20)
<br>Heal from this Pokemon the same amount of damage you did to your opponent's Active Pokemon.",Rx2,None,1,"[2] Fury Swipes (30x)
<br>Flip 3 coins. This attack does 30 damage times the number of heads."
101436,Vespiquen (11),Vespiquen 11,https://tcgplayer-cdn.tcgplayer.com/product/101436_200w.jpg,3,1576,https://cpt.tcgcsv.com/LBQ,2023-10-19T14:07:23.61,1,0.59,0.85,5.0,0.85,,Reverse Holofoil,<b>Ancient Trait - Theta Double</b> <em>This Pokemon may have up to 2 Pokemon Tool cards attached to it.,11/98,Rare,Grass,90,Stage 1,"[G] Bee Drain (20)
<br>Heal from this Pokemon the same amount of damage you did to your opponent's Active Pokemon.",Rx2,None,1,"[2] Fury Swipes (30x)
<br>Flip 3 coins. This attack does 30 damage times the number of heads."
101437,Flareon,Flareon,https://tcgplayer-cdn.tcgplayer.com/product/101437_200w.jpg,3,1576,https://cpt.tcgcsv.com/MBQ,2025-02-05T21:20:04.12,1,0.17,0.59,5.98,0.59,,Normal,"<b>Ability - Flare Effect</b>
<br>Each of your Stage 1 Pokemon in play is now a Fire Pokemon in addition to its existing types.",13/98,Uncommon,Fire,90,Stage 1,"[2R] Heat Breath (60+)
<br>Flip a coin. If heads, this attack does 20 more damage.",Wx2,None,1,
101437,Flareon,Flareon,https://tcgplayer-cdn.tcgplayer.com/product/101437_200w.jpg,3,1576,https://cpt.tcgcsv.com/MBQ,2025-02-05T21:20:04.12,1,1.01,1.87,24.99,2.39,,Reverse Holofoil,"<b>Ability - Flare Effect</b>
<br>Each of your Stage 1 Pokemon in play is now a Fire Pokemon in addition to its existing types.",13/98,Uncommon,Fire,90,Stage 1,"[2R] Heat Breath (60+)
<br>Flip a coin. If heads, this attack does 20 more damage.",Wx2,None,1,
101438,Larvesta,Larvesta,https://tcgplayer-cdn.tcgplayer.com/product/101438_200w.jpg,3,1576,https://cpt.tcgcsv.com/NBQ,2025-02-05T21:20:04.2,1,0.03,0.17,1.49,0.14,0.1,Normal,,16/98,Common,Fire,70,Basic,[1R] Combustion (30),Wx2,None,2,
101438,Larvesta,Larvesta,https://tcgplayer-cdn.tcgplayer.com/product/101438_200w.jpg,3,1576,https://cpt.tcgcsv.com/NBQ,2025-02-05T21:20:04.2,1,0.04,0.25,1.49,0.23,,Reverse Holofoil,,16/98,Common,Fire,70,Basic,[1R] Combustion (30),Wx2,None,2,
101439,Volcarona (18),Volcarona 18,https://tcgplayer-cdn.tcgplayer.com/product/101439_200w.jpg,3,1576,https://cpt.tcgcsv.com/PBQ,2022-12-15T15:17:40.353,1,0.2,0.5,3.95,0.56,0.35,Normal,<b>Ancient Trait - Theta Stop </b><em>Prevent all effects of your opponent's Pokemon's Abilities done to this Pokemon.,18/98,Rare,Fire,110,Stage 1,"[R] Burning Scales (20+)
<br>Flip 2 coins. This attack does 20 more damage for each heads.",Wx2,None,2,"[2R] Wind Wheel (80)
<br>Your opponent switches his or her Active Pokemon with 1 of his or her Benched Pokemon."
101439,Volcarona (18),Volcarona 18,https://tcgplayer-cdn.tcgplayer.com/product/101439_200w.jpg,3,1576,https://cpt.tcgcsv.com/PBQ,2022-12-15T15:17:40.353,1,1.0,1.67,2.99,2.2,,Reverse Holofoil,<b>Ancient Trait - Theta Stop </b><em>Prevent all effects of your opponent's Pokemon's Abilities done to this Pokemon.,18/98,Rare,Fire,110,Stage 1,"[R] Burning Scales (20+)
<br>Flip 2 coins. This attack does 20 more damage for each heads.",Wx2,None,2,"[2R] Wind Wheel (80)
<br>Your opponent switches his or her Active Pokemon with 1 of his or her Benched Pokemon."
101440,Magikarp,Magikarp,https://tcgplayer-cdn.tcgplayer.com/product/101440_200w.jpg,3,1576,https://cpt.tcgcsv.com/QBQ,2025-02-05T21:20:04.26,1,0.01,0.24,1.49,0.21,,Normal,,19/98,Common,Water,30,Basic,"[W] Epic Splash (30)
<br>Flip 2 coins. If either of them is tails, this attack does nothing.",Lx2,None,1,
101440,Magikarp,Magikarp,https://tcgplayer-cdn.tcgplayer.com/product/101440_200w.jpg,3,1576,https://cpt.tcgcsv.com/QBQ,2025-02-05T21:20:04.26,1,0.19,0.5,1.94,0.81,,Reverse Holofoil,,19/98,Common,Water,30,Basic,"[W] Epic Splash (30)
<br>Flip 2 coins. If either of them is tails, this attack does nothing.",Lx2,None,1,
101441,Gyarados (20),Gyarados 20,https://tcgplayer-cdn.tcgplayer.com/product/101441_200w.jpg,3,1576,https://cpt.tcgcsv.com/RBQ,2025-02-05T21:20:04.323,1,0.19,0.69,5.0,0.92,,Normal,,20/98,Rare,Water,130,Stage 1,"[2W] Berserker Splash (80)
<br>This attack does 10 damage to each Benched Pokemon (both yours and your opponent's). <i>(Don't apply Weakness and Resistance for Benched Pokemon.)</i>",Lx2,None,3,"[3W] Aqua Tail (90+)
<br>Flip a coin for each Water Energy attached to this Pokemon. This attack does 30 more damage for each heads."
101441,Gyarados (20),Gyarados 20,https://tcgplayer-cdn.tcgplayer.com/product/101441_200w.jpg,3,1576,https://cpt.tcgcsv.com/RBQ,2025-02-05T21:20:04.323,1,0.5,1.12,2.4,2.29,,Reverse Holofoil,,20/98,Rare,Water,130,Stage 1,"[2W] Berserker Splash (80)
<br>This attack does 10 damage to each Benched Pokemon (both yours and your opponent's). <i>(Don't apply Weakness and Resistance for Benched Pokemon.)</i>",Lx2,None,3,"[3W] Aqua Tail (90+)
<br>Flip a coin for each Water Energy attached to this Pokemon. This attack does 30 more damage for each heads."
101442,Gyarados (21),Gyarados 21,https://tcgplayer-cdn.tcgplayer.com/product/101442_200w.jpg,3,1576,https://cpt.tcgcsv.com/SBQ,2024-02-25T07:23:44.163,1,24.74,47.98,89.95,54.88,,Holofoil,<b>Ancient Trait - Theta Double</b> <em>This Pokemon may have up to 2 Pokemon Tool cards attached to it.,21/98,Holo Rare,Water,130,Stage 1,"[2] Full Retaliation (30+)
<br>This attack does 30 more damage for each damage counter on each of your Benched Magikarp.",Lx2,None,3,"[2WW] Thrash (100+)
<br>Flip a coin. If heads, this attack does 30 more damage. If tails, this Pokemon does 30 damage to itself."
101442,Gyarados (21),Gyarados 21,https://tcgplayer-cdn.tcgplayer.com/product/101442_200w.jpg,3,1576,https://cpt.tcgcsv.com/SBQ,2024-02-25T07:23:44.163,1,25.0,41.22,69.5,47.9,64.95,Reverse Holofoil,<b>Ancient Trait - Theta Double</b> <em>This Pokemon may have up to 2 Pokemon Tool cards attached to it.,21/98,Holo Rare,Water,130,Stage 1,"[2] Full Retaliation (30+)
<br>This attack does 30 more damage for each damage counter on each of your Benched Magikarp.",Lx2,None,3,"[2WW] Thrash (100+)
<br>Flip a coin. If heads, this attack does 30 more damage. If tails, this Pokemon does 30 damage to itself."
101443,Vaporeon,Vaporeon,https://tcgplayer-cdn.tcgplayer.com/product/101443_200w.jpg,3,1576,https://cpt.tcgcsv.com/TBQ,2023-10-03T16:12:09.97,1,0.2,0.68,3.75,0.71,,Normal,"<b>Ability - Aqua Effect </b>
<br>Each of your Stage 1 Pokemon in play is now a Water Pokemon in addition to its existing types.",22/98,Uncommon,Water,90,Stage 1,[2W] Hydro Splash (70),Gx2,None,2,
101443,Vaporeon,Vaporeon,https://tcgplayer-cdn.tcgplayer.com/product/101443_200w.jpg,3,1576,https://cpt.tcgcsv.com/TBQ,2023-10-03T16:12:09.97,1,0.99,1.59,49.99,1.99,,Reverse Holofoil,"<b>Ability - Aqua Effect </b>
<br>Each of your Stage 1 Pokemon in play is now a Water Pokemon in addition to its existing types.",22/98,Uncommon,Water,90,Stage 1,[2W] Hydro Splash (70),Gx2,None,2,
101444,Relicanth,Relicanth,https://tcgplayer-cdn.tcgplayer.com/product/101444_200w.jpg,3,1576,https://cpt.tcgcsv.com/VBQ,2022-12-15T15:18:11.173,1,0.04,0.18,1.49,0.16,,Normal,,23/98,Common,Water,90,Basic,"[1] Deep Sea Search
<br>Search your deck for up to 2 Pokemon Tool cards, reveal them, and put them into your hand. Shuffle your deck afterward.",Gx2,None,1,"[2] Take Down (30)
<br>This Pokemon does 10 damage to itself."
101444,Relicanth,Relicanth,https://tcgplayer-cdn.tcgplayer.com/product/101444_200w.jpg,3,1576,https://cpt.tcgcsv.com/VBQ,2022-12-15T15:18:11.173,1,0.14,0.32,2.0,0.32,,Reverse Holofoil,,23/98,Common,Water,90,Basic,"[1] Deep Sea Search
<br>Search your deck for up to 2 Pokemon Tool cards, reveal them, and put them into your hand. Shuffle your deck afterward.",Gx2,None,1,"[2] Take Down (30)
<br>This Pokemon does 10 damage to itself."
101445,Regice,Regice,https://tcgplayer-cdn.tcgplayer.com/product/101445_200w.jpg,3,1576,https://cpt.tcgcsv.com/WBQ,2022-12-15T15:18:17.477,1,0.05,0.27,2.0,0.26,0.2,Normal,,24/98,Rare,Water,120,Basic,"[1W] Ice Beam (30)
<br>Flip a coin. If heads, your opponent's Active Pokemon is now Paralyzed.",Mx2,None,3,"[2W] Resistance Blizzard (70)
<br>During your opponent's next turn, prevent all effects of attacks, including damage, done to this Pokemon by Pokemon EX."
101445,Regice,Regice,https://tcgplayer-cdn.tcgplayer.com/product/101445_200w.jpg,3,1576,https://cpt.tcgcsv.com/WBQ,2022-12-15T15:18:17.477,1,0.2,0.5,2.0,0.56,,Reverse Holofoil,,24/98,Rare,Water,120,Basic,"[1W] Ice Beam (30)
<br>Flip a coin. If heads, your opponent's Active Pokemon is now Paralyzed.",Mx2,None,3,"[2W] Resistance Blizzard (70)
<br>During your opponent's next turn, prevent all effects of attacks, including damage, done to this Pokemon by Pokemon EX."
101446,Kyurem EX,Kyurem EX,https://tcgplayer-cdn.tcgplayer.com/product/101446_200w.jpg,3,1576,https://cpt.tcgcsv.com/XBQ,2022-12-15T15:18:23.033,1,3.0,4.17,7.99,4.57,,Holofoil,,25/98,Ultra Rare,Water,180,Basic,"[1WW] Glaciate
<br>This attack does 30 damage to each of your opponent's Pokemon. <i>(Don't apply Weakness and Resistance for Benched Pokemon.)</i>",Mx2,None,3,"[1WWW] Icecalibur (130)
<br>Discard an Energy attached to this Pokemon. The Defending Pokemon can't attack during your opponent's next turn."
101447,Jolteon,Jolteon,https://tcgplayer-cdn.tcgplayer.com/product/101447_200w.jpg,3,1576,https://cpt.tcgcsv.com/ZBQ,2024-06-14T18:42:28.477,1,0.91,2.49,8.24,2.92,4.99,Holofoil,"<b>Ability - Electric Effect</b>
<br>Each of your Stage 1 Pokemon in play is now a Lightning Pokemon in addition to its existing types.",26/98,Holo Rare,Lightning,90,Stage 1,"[2L] Thunder Blast (80)
<br>Discard an Energy attached to this Pokemon.",Fx2,M-20,0,
101447,Jolteon,Jolteon,https://tcgplayer-cdn.tcgplayer.com/product/101447_200w.jpg,3,1576,https://cpt.tcgcsv.com/ZBQ,2024-06-14T18:42:28.477,1,2.0,3.6,19.96,3.63,4.16,Reverse Holofoil,"<b>Ability - Electric Effect</b>
<br>Each of your Stage 1 Pokemon in play is now a Lightning Pokemon in addition to its existing types.",26/98,Holo Rare,Lightning,90,Stage 1,"[2L] Thunder Blast (80)
<br>Discard an Energy attached to this Pokemon.",Fx2,M-20,0,
101448,Ampharos EX,Ampharos EX,https://tcgplayer-cdn.tcgplayer.com/product/101448_200w.jpg,3,1576,https://cpt.tcgcsv.com/-BQ,2022-12-15T15:19:52.59,1,2.48,2.99,6.0,2.84,,Holofoil,,27/98,Ultra Rare,Lightning,170,Basic,"[1] Thunder Rod
<br>Look at the top 4 cards of your deck and attach as many Lightning Energy cards you find there as you like to this Pokemon. Shuffle the other cards back into your deck.",Fx2,M-20,2,"[2LL] Sparkling Tail (100)
<br>This attack's damage isn't affected by Weakness, Resistance, or any other effects on your opponent's Active Pokemon."
101449,M Ampharos EX,M Ampharos EX,https://tcgplayer-cdn.tcgplayer.com/product/101449_200w.jpg,3,1576,https://cpt.tcgcsv.com/_BQ,2022-12-15T15:20:09.81,1,14.99,21.79,34.27,20.75,,Holofoil,,28/98,Ultra Rare,Lightning,220,Mega,"[2LL] Exa Volt (120+)
<br>You may do 50 more damage. If you do, your opponent's Active Pokemon is now Paralyzed and this Pokemon does 30 damage to itself.",Fx2,M-20,3,
101450,Rotom,Rotom,https://tcgplayer-cdn.tcgplayer.com/product/101450_200w.jpg,3,1576,https://cpt.tcgcsv.com/0CQ,2022-12-15T15:20:18.033,1,0.03,0.2,1.49,0.15,,Normal,,29/98,Uncommon,Lightning,70,Basic,[L] Electro Ball (20),Fx2,M-20,1,"[2] Electric Mischief
<br>Flip 3 coins. For each heads, choose a random card from your opponent's hand. Your opponent reveals that card and shuffles it into his or her deck."
101450,Rotom,Rotom,https://tcgplayer-cdn.tcgplayer.com/product/101450_200w.jpg,3,1576,https://cpt.tcgcsv.com/0CQ,2022-12-15T15:20:18.033,1,0.1,0.33,2.0,0.33,,Reverse Holofoil,,29/98,Uncommon,Lightning,70,Basic,[L] Electro Ball (20),Fx2,M-20,1,"[2] Electric Mischief
<br>Flip 3 coins. For each heads, choose a random card from your opponent's hand. Your opponent reveals that card and shuffles it into his or her deck."
101451,Unown,Unown,https://tcgplayer-cdn.tcgplayer.com/product/101451_200w.jpg,3,1576,https://cpt.tcgcsv.com/2CQ,2022-12-15T15:20:32.3,1,0.05,0.26,1.49,0.32,,Normal,"<b>Ability - Farewell Letter</b>
<br>Once during your turn <em>(before your attack)</em>, if this Pokemon is on your Bench, you may discard this Pokemon and all cards attached to it (this does not count as a Knock Out). If you do, draw a card.",30/98,Common,Psychic,60,Basic,[1] Hidden Power (10),Px2,None,1,
101451,Unown,Unown,https://tcgplayer-cdn.tcgplayer.com/product/101451_200w.jpg,3,1576,https://cpt.tcgcsv.com/2CQ,2022-12-15T15:20:32.3,1,0.15,0.66,2.0,0.65,,Reverse Holofoil,"<b>Ability - Farewell Letter</b>
<br>Once during your turn <em>(before your attack)</em>, if this Pokemon is on your Bench, you may discard this Pokemon and all cards attached to it (this does not count as a Knock Out). If you do, draw a card.",30/98,Common,Psychic,60,Basic,[1] Hidden Power (10),Px2,None,1,
101452,Baltoy (31),Baltoy 31,https://tcgplayer-cdn.tcgplayer.com/product/101452_200w.jpg,3,1576,https://cpt.tcgcsv.com/3CQ,2025-02-05T21:20:04.383,1,0.03,0.18,1.49,0.08,,Normal,,31/98,Common,Psychic,60,Basic,[P] Slap (10),Px2,None,1,[1P] Spinning Attack (20)
101452,Baltoy (31),Baltoy 31,https://tcgplayer-cdn.tcgplayer.com/product/101452_200w.jpg,3,1576,https://cpt.tcgcsv.com/3CQ,2025-02-05T21:20:04.383,1,0.08,0.25,2.99,0.21,,Reverse Holofoil,,31/98,Common,Psychic,60,Basic,[P] Slap (10),Px2,None,1,[1P] Spinning Attack (20)
101453,Baltoy (32),Baltoy 32,https://tcgplayer-cdn.tcgplayer.com/product/101453_200w.jpg,3,1576,https://cpt.tcgcsv.com/5CQ,2025-02-05T21:20:04.443,1,0.06,0.24,2.0,0.24,,Normal,<b>Ancient Trait - Theta Stop </b><em> Prevent all effects of your opponent's Pokemon's Abilities done to this Pokemon.,32/98,Common,Psychic,60,Basic,"[P] Future Spin
<br>Look at the top 3 cards of either player's deck and put them back on top of that player's deck in any order.",Px2,None,1,
101453,Baltoy (32),Baltoy 32,https://tcgplayer-cdn.tcgplayer.com/product/101453_200w.jpg,3,1576,https://cpt.tcgcsv.com/5CQ,2025-02-05T21:20:04.443,1,0.1,0.49,2.5,0.49,,Reverse Holofoil,<b>Ancient Trait - Theta Stop </b><em> Prevent all effects of your opponent's Pokemon's Abilities done to this Pokemon.,32/98,Common,Psychic,60,Basic,"[P] Future Spin
<br>Look at the top 3 cards of either player's deck and put them back on top of that player's deck in any order.",Px2,None,1,
101454,Spinarak,Spinarak,https://tcgplayer-cdn.tcgplayer.com/product/101454_200w.jpg,3,1576,https://cpt.tcgcsv.com/6CQ,2023-01-30T13:54:33.777,1,0.03,0.19,1.49,0.13,,Normal,,5/98,Common,Grass,50,Basic,"[1] String Shot
<br>Flip a coin. If heads, your opponent's Active Pokemon is now Paralyzed.",Rx2,None,1,
101454,Spinarak,Spinarak,https://tcgplayer-cdn.tcgplayer.com/product/101454_200w.jpg,3,1576,https://cpt.tcgcsv.com/6CQ,2023-01-30T13:54:33.777,1,0.12,0.35,1.64,0.36,,Reverse Holofoil,,5/98,Common,Grass,50,Basic,"[1] String Shot
<br>Flip a coin. If heads, your opponent's Active Pokemon is now Paralyzed.",Rx2,None,1,
101455,Ariados,Ariados,https://tcgplayer-cdn.tcgplayer.com/product/101455_200w.jpg,3,1576,https://cpt.tcgcsv.com/7CQ,2025-02-05T21:20:04.507,1,0.05,0.2,2.1,0.15,,Normal,"<b>Ability - Poison Nest</b>
<br>Once during your turn <em>(before your attack)</em>, you may use this Ability. Both Active Pokemon <em>(except for Grass Pokemon)</em> are now Poisoned.",6/98,Uncommon,Grass,70,Stage 1,"[1G] Impound (30)
<br>The Defending Pokemon can't retreat during your opponent's next turn.",Rx2,None,1,
101455,Ariados,Ariados,https://tcgplayer-cdn.tcgplayer.com/product/101455_200w.jpg,3,1576,https://cpt.tcgcsv.com/7CQ,2025-02-05T21:20:04.507,1,0.16,0.35,1.49,0.33,,Reverse Holofoil,"<b>Ability - Poison Nest</b>
<br>Once during your turn <em>(before your attack)</em>, you may use this Ability. Both Active Pokemon <em>(except for Grass Pokemon)</em> are now Poisoned.",6/98,Uncommon,Grass,70,Stage 1,"[1G] Impound (30)
<br>The Defending Pokemon can't retreat during your opponent's next turn.",Rx2,None,1,
101456,Claydol,Claydol,https://tcgplayer-cdn.tcgplayer.com/product/101456_200w.jpg,3,1576,https://cpt.tcgcsv.com/8CQ,2025-02-05T21:20:04.553,1,0.04,0.25,2.5,0.24,,Normal,,33/98,Rare,Psychic,100,Stage 1,"[P] Rewind
<br>Devolve each of your opponent's evolved Pokemon and put the highest Stage Evolution card on it into your opponent's hand.",Px2,None,2,"[1P] Hyper Beam (30)
<br>Flip a coin. If heads, discard an Energy attached to your opponent's Active Pokemon."
101456,Claydol,Claydol,https://tcgplayer-cdn.tcgplayer.com/product/101456_200w.jpg,3,1576,https://cpt.tcgcsv.com/8CQ,2025-02-05T21:20:04.553,1,0.07,0.49,2.73,0.47,,Reverse Holofoil,,33/98,Rare,Psychic,100,Stage 1,"[P] Rewind
<br>Devolve each of your opponent's evolved Pokemon and put the highest Stage Evolution card on it into your opponent's hand.",Px2,None,2,"[1P] Hyper Beam (30)
<br>Flip a coin. If heads, discard an Energy attached to your opponent's Active Pokemon."
101457,Golett,Golett,https://tcgplayer-cdn.tcgplayer.com/product/101457_200w.jpg,3,1576,https://cpt.tcgcsv.com/9CQ,2022-12-15T15:21:30.593,1,0.03,0.15,1.99,0.13,0.03,Normal,,34/98,Common,Psychic,90,Basic,"[2] Smash Punch (30)
<br>Flip a coin. If tails, this attack does nothing.",Dx2,F-20,3,
101457,Golett,Golett,https://tcgplayer-cdn.tcgplayer.com/product/101457_200w.jpg,3,1576,https://cpt.tcgcsv.com/9CQ,2022-12-15T15:21:30.593,1,0.07,0.33,3.59,0.33,,Reverse Holofoil,,34/98,Common,Psychic,90,Basic,"[2] Smash Punch (30)
<br>Flip a coin. If tails, this attack does nothing.",Dx2,F-20,3,
101458,Golurk (35),Golurk 35,https://tcgplayer-cdn.tcgplayer.com/product/101458_200w.jpg,3,1576,https://cpt.tcgcsv.com/bCQ,2025-01-04T05:31:08.86,1,0.22,0.54,9.0,0.55,0.29,Normal,"<b>Ancient Trait - Theta Stop </b><em>Prevent all effects of your opponent's Pokemon Abilities done to this Pokemon.</em>
<br>
<br><b>Ability - Double Type</b>
<br>As long as this Pokmeon is in play, it is Psychic and Fighting type.",35/98,Rare,Psychic,130,Stage 1,"[4] Superpower (80+)
<br>You may do 40 more damage. If you do, this Pokemon does 20 damage to itself.",Dx2,F-20,4,
101458,Golurk (35),Golurk 35,https://tcgplayer-cdn.tcgplayer.com/product/101458_200w.jpg,3,1576,https://cpt.tcgcsv.com/bCQ,2025-01-04T05:31:08.86,1,0.58,1.44,6.25,2.85,,Reverse Holofoil,"<b>Ancient Trait - Theta Stop </b><em>Prevent all effects of your opponent's Pokemon Abilities done to this Pokemon.</em>
<br>
<br><b>Ability - Double Type</b>
<br>As long as this Pokmeon is in play, it is Psychic and Fighting type.",35/98,Rare,Psychic,130,Stage 1,"[4] Superpower (80+)
<br>You may do 40 more damage. If you do, this Pokemon does 20 damage to itself.",Dx2,F-20,4,
101459,Machamp EX,Machamp EX,https://tcgplayer-cdn.tcgplayer.com/product/101459_200w.jpg,3,1576,https://cpt.tcgcsv.com/cCQ,2022-12-15T15:22:16.76,1,1.75,2.53,12.21,2.7,,Holofoil,,37/98,Ultra Rare,Fighting,180,Basic,"[1F] Steaming Mad (20x)
<br>This attack does 20 damage times the number of damage counters on this Pokemon. This Pokemon is now Confused.",Px2,None,3,"[1FF] Crazy Hammer (80+)
<br>If this Pokemon is affected by a Special Condition, this attack does 80 more damage. Then, remove all Special Conditions from this Pokemon."
101460,Wooper,Wooper,https://tcgplayer-cdn.tcgplayer.com/product/101460_200w.jpg,3,1576,https://cpt.tcgcsv.com/dCQ,2023-01-14T08:59:07.5,1,0.03,0.28,1.49,0.29,,Normal,,38/98,Common,Fighting,60,Basic,"[1] Nap
<br>Heal 20 damage from this Pokemon.",Gx2,None,2,[1W] Wave Splash (20)
101460,Wooper,Wooper,https://tcgplayer-cdn.tcgplayer.com/product/101460_200w.jpg,3,1576,https://cpt.tcgcsv.com/dCQ,2023-01-14T08:59:07.5,1,0.25,0.62,2.0,0.81,,Reverse Holofoil,,38/98,Common,Fighting,60,Basic,"[1] Nap
<br>Heal 20 damage from this Pokemon.",Gx2,None,2,[1W] Wave Splash (20)
101461,Quagsire,Quagsire,https://tcgplayer-cdn.tcgplayer.com/product/101461_200w.jpg,3,1576,https://cpt.tcgcsv.com/fCQ,2025-02-05T21:20:04.633,1,0.05,0.3,1.49,0.32,,Normal,,39/98,Common,Fighting,110,Stage 1,[1W] Wave Splash (30),Gx2,None,3,"[2W] Landslide (80)
<br>This attack's damage isn't affected by Resistance."
101461,Quagsire,Quagsire,https://tcgplayer-cdn.tcgplayer.com/product/101461_200w.jpg,3,1576,https://cpt.tcgcsv.com/fCQ,2025-02-05T21:20:04.633,1,0.17,0.56,2.0,0.63,,Reverse Holofoil,,39/98,Common,Fighting,110,Stage 1,[1W] Wave Splash (30),Gx2,None,3,"[2W] Landslide (80)
<br>This attack's damage isn't affected by Resistance."
101462,Regirock,Regirock,https://tcgplayer-cdn.tcgplayer.com/product/101462_200w.jpg,3,1576,https://cpt.tcgcsv.com/gCQ,2025-02-05T21:20:04.677,1,0.07,0.26,2.0,0.25,,Normal,,40/98,Rare,Fighting,120,Basic,[1F] Rock Throw (40),Gx2,None,3,"[2F] Unyielding Rock (60+)
<br>IF your opponent's Active Pokemon is a Pokemon EX, this attack does 60 more damage."
101462,Regirock,Regirock,https://tcgplayer-cdn.tcgplayer.com/product/101462_200w.jpg,3,1576,https://cpt.tcgcsv.com/gCQ,2025-02-05T21:20:04.677,1,0.25,0.5,5.0,0.51,,Reverse Holofoil,,40/98,Rare,Fighting,120,Basic,[1F] Rock Throw (40),Gx2,None,3,"[2F] Unyielding Rock (60+)
<br>IF your opponent's Active Pokemon is a Pokemon EX, this attack does 60 more damage."
101463,Golurk (41),Golurk 41,https://tcgplayer-cdn.tcgplayer.com/product/101463_200w.jpg,3,1576,https://cpt.tcgcsv.com/hCQ,2025-02-05T21:20:04.737,1,0.02,0.15,1.49,0.13,,Normal,,41/98,Common,Fighting,130,Stage 1,"[1] Dig Out (20)
<br>Discard the top card of your deck. If that card is a Fighting Energy card, attach it to this Pokemon.",Gx2,None,4,"[3F] Double Lariat (90x)
<br>Flip 2 coins. This attack does 90 damage times the number of heads."
101463,Golurk (41),Golurk 41,https://tcgplayer-cdn.tcgplayer.com/product/101463_200w.jpg,3,1576,https://cpt.tcgcsv.com/hCQ,2025-02-05T21:20:04.737,1,0.1,0.29,3.59,0.26,,Reverse Holofoil,,41/98,Common,Fighting,130,Stage 1,"[1] Dig Out (20)
<br>Discard the top card of your deck. If that card is a Fighting Energy card, attach it to this Pokemon.",Gx2,None,4,"[3F] Double Lariat (90x)
<br>Flip 2 coins. This attack does 90 damage times the number of heads."
101464,Sableye,Sableye,https://tcgplayer-cdn.tcgplayer.com/product/101464_200w.jpg,3,1576,https://cpt.tcgcsv.com/jCQ,2022-12-15T15:24:04.117,1,0.04,0.2,1.49,0.2,,Normal,,44/98,Uncommon,Darkness,70,Basic,"[D] Bewitching Eye
<br>Choose a Supporter card from your opponent's discard pile and use it as the effect of this attack.",None,None,1,"[1D] Furtive Drop
<br>Put 3 damage counters on your opponent's Active Pokemon."
101464,Sableye,Sableye,https://tcgplayer-cdn.tcgplayer.com/product/101464_200w.jpg,3,1576,https://cpt.tcgcsv.com/jCQ,2022-12-15T15:24:04.117,1,0.15,0.47,3.99,0.48,,Reverse Holofoil,,44/98,Uncommon,Darkness,70,Basic,"[D] Bewitching Eye
<br>Choose a Supporter card from your opponent's discard pile and use it as the effect of this attack.",None,None,1,"[1D] Furtive Drop
<br>Put 3 damage counters on your opponent's Active Pokemon."
101465,Inkay,Inkay,https://tcgplayer-cdn.tcgplayer.com/product/101465_200w.jpg,3,1576,https://cpt.tcgcsv.com/kCQ,2025-02-05T21:20:04.783,1,0.01,0.2,1.49,0.17,,Normal,,45/98,Common,Darkness,50,Basic,"[D] Ink Spit (10)
<br>If the Defending Pokemon tries to attack during your opponent's next turn, your opponent flips a coin. If tails, that attack does nothing.",Fx2,P-20,1,
101465,Inkay,Inkay,https://tcgplayer-cdn.tcgplayer.com/product/101465_200w.jpg,3,1576,https://cpt.tcgcsv.com/kCQ,2025-02-05T21:20:04.783,1,0.09,0.36,1.49,0.35,,Reverse Holofoil,,45/98,Common,Darkness,50,Basic,"[D] Ink Spit (10)
<br>If the Defending Pokemon tries to attack during your opponent's next turn, your opponent flips a coin. If tails, that attack does nothing.",Fx2,P-20,1,
101466,Malamar,Malamar,https://tcgplayer-cdn.tcgplayer.com/product/101466_200w.jpg,3,1576,https://cpt.tcgcsv.com/lCQ,2022-12-15T15:24:27.793,1,0.03,0.18,1.49,0.12,,Normal,,46/98,Common,Darkness,50,Stage 1,"[1] Entangling Control
<br>Switch 1 of your opponent's Benched Pokemon with his or her Active Pokemon. The new Active Pokemon is now Confused.",Fx2,P-20,1,"[D] Trash Tentacle (30)
<br>Put a card from your discard pile into your hand."
101466,Malamar,Malamar,https://tcgplayer-cdn.tcgplayer.com/product/101466_200w.jpg,3,1576,https://cpt.tcgcsv.com/lCQ,2022-12-15T15:24:27.793,1,0.07,0.29,2.0,0.24,,Reverse Holofoil,,46/98,Common,Darkness,50,Stage 1,"[1] Entangling Control
<br>Switch 1 of your opponent's Benched Pokemon with his or her Active Pokemon. The new Active Pokemon is now Confused.",Fx2,P-20,1,"[D] Trash Tentacle (30)
<br>Put a card from your discard pile into your hand."
101467,Beldum,Beldum,https://tcgplayer-cdn.tcgplayer.com/product/101467_200w.jpg,3,1576,https://cpt.tcgcsv.com/mCQ,2025-02-05T21:20:04.847,1,0.05,0.25,1.49,0.28,,Normal,,47/98,Common,Metal,60,Basic,[M] Ram (10),Rx2,P-20,2,[2M] Spinning Attack (30)
101467,Beldum,Beldum,https://tcgplayer-cdn.tcgplayer.com/product/101467_200w.jpg,3,1576,https://cpt.tcgcsv.com/mCQ,2025-02-05T21:20:04.847,1,0.2,0.65,2.0,0.68,,Reverse Holofoil,,47/98,Common,Metal,60,Basic,[M] Ram (10),Rx2,P-20,2,[2M] Spinning Attack (30)
101470,Metang,Metang,https://tcgplayer-cdn.tcgplayer.com/product/101470_200w.jpg,3,1576,https://cpt.tcgcsv.com/qCQ,2022-12-15T15:24:40.36,1,0.05,0.2,1.49,0.14,0.11,Normal,,48/98,Uncommon,Metal,90,Stage 1,[1M] Metal Claw (30),Rx2,P-20,3,"[1MM] Bullet Punch (50+)
<br>Flip 2 coins. This attack does 20 more damage for each heads."
101470,Metang,Metang,https://tcgplayer-cdn.tcgplayer.com/product/101470_200w.jpg,3,1576,https://cpt.tcgcsv.com/qCQ,2022-12-15T15:24:40.36,1,0.08,0.35,2.0,0.35,,Reverse Holofoil,,48/98,Uncommon,Metal,90,Stage 1,[1M] Metal Claw (30),Rx2,P-20,3,"[1MM] Bullet Punch (50+)
<br>Flip 2 coins. This attack does 20 more damage for each heads."
101471,Metagross (49),Metagross 49,https://tcgplayer-cdn.tcgplayer.com/product/101471_200w.jpg,3,1576,https://cpt.tcgcsv.com/rCQ,2024-02-21T14:21:45.34,1,0.03,0.31,1.49,0.31,,Normal,"<b>Ability - Magnetic Warp</b>
<br>Once during your turn <em>(before your attack)</em>, you may switch your Active Pokemon with 1 of your Benched Pokemon. If you do, your opponent switches his or her Active Pokemon with 1 of his or her benched Pokemon.",49/98,Rare,Metal,150,Stage 2,"[2MM] Iron Cannon (80+)
<br>You may discard all Metal Energy attached to this Pokemon. If you do, this attack does 80 more damage.",Rx2,P-20,4,"[1MM] Bullet Punch (50+)
<br>Flip 2 coins. This attack does 20 more damage for each heads."
101471,Metagross (49),Metagross 49,https://tcgplayer-cdn.tcgplayer.com/product/101471_200w.jpg,3,1576,https://cpt.tcgcsv.com/rCQ,2024-02-21T14:21:45.34,1,0.1,0.53,2.0,0.53,,Reverse Holofoil,"<b>Ability - Magnetic Warp</b>
<br>Once during your turn <em>(before your attack)</em>, you may switch your Active Pokemon with 1 of your Benched Pokemon. If you do, your opponent switches his or her Active Pokemon with 1 of his or her benched Pokemon.",49/98,Rare,Metal,150,Stage 2,"[2MM] Iron Cannon (80+)
<br>You may discard all Metal Energy attached to this Pokemon. If you do, this attack does 80 more damage.",Rx2,P-20,4,"[1MM] Bullet Punch (50+)
<br>Flip 2 coins. This attack does 20 more damage for each heads."
101472,Metagross (50),Metagross 50,https://tcgplayer-cdn.tcgplayer.com/product/101472_200w.jpg,3,1576,https://cpt.tcgcsv.com/sCQ,2022-12-15T15:24:53.373,1,0.4,1.63,7.0,1.98,,Normal,<b>Ancient Trait - Theta Double </b><em> This Pokemon may have up to 2 Pokemon Tool cards attached to it.,50/98,Rare,Metal,150,Stage 2,"[2] Machine Gun Stomp (20+)
<br>This attack does 10 more damage for each card in your hand.",Rx2,P-20,4,"[2MM] Guard Press (80)
<br>During your opponent's next turn, any damage done to this Pokemon by attacks is reduced by 20 <i>(after applying Weakness and Resistance)</i>."
101472,Metagross (50),Metagross 50,https://tcgplayer-cdn.tcgplayer.com/product/101472_200w.jpg,3,1576,https://cpt.tcgcsv.com/sCQ,2022-12-15T15:24:53.373,1,0.79,5.26,5.96,5.84,,Reverse Holofoil,<b>Ancient Trait - Theta Double </b><em> This Pokemon may have up to 2 Pokemon Tool cards attached to it.,50/98,Rare,Metal,150,Stage 2,"[2] Machine Gun Stomp (20+)
<br>This attack does 10 more damage for each card in your hand.",Rx2,P-20,4,"[2MM] Guard Press (80)
<br>During your opponent's next turn, any damage done to this Pokemon by attacks is reduced by 20 <i>(after applying Weakness and Resistance)</i>."
101473,Registeel,Registeel,https://tcgplayer-cdn.tcgplayer.com/product/101473_200w.jpg,3,1576,https://cpt.tcgcsv.com/tCQ,2024-08-02T14:33:46.35,1,0.07,0.31,2.0,0.3,0.22,Normal,,51/98,Rare,Metal,120,Basic,"[1M] Iron Head (30x)
<br>Flip a coin until you get tails. This attack does 30 damage times the number of heads.",Fx2,P-20,1,"[2M] Forbidden Iron Hammer (70)
<br>If your opponent's Active Pokemon is a Pokemon EX, discard an Energy attached to that Pokemon."
101473,Registeel,Registeel,https://tcgplayer-cdn.tcgplayer.com/product/101473_200w.jpg,3,1576,https://cpt.tcgcsv.com/tCQ,2024-08-02T14:33:46.35,1,0.25,0.56,1.71,0.55,,Reverse Holofoil,,51/98,Rare,Metal,120,Basic,"[1M] Iron Head (30x)
<br>Flip a coin until you get tails. This attack does 30 damage times the number of heads.",Fx2,P-20,1,"[2M] Forbidden Iron Hammer (70)
<br>If your opponent's Active Pokemon is a Pokemon EX, discard an Energy attached to that Pokemon."
101474,Ralts,Ralts,https://tcgplayer-cdn.tcgplayer.com/product/101474_200w.jpg,3,1576,https://cpt.tcgcsv.com/vCQ,2023-06-18T11:05:07.063,1,0.05,0.23,2.0,0.2,,Normal,,52/98,Common,Fairy,60,Basic,[1] Mumble (10),Mx2,D-20,1,[1Y] Magical Shot (20)
101474,Ralts,Ralts,https://tcgplayer-cdn.tcgplayer.com/product/101474_200w.jpg,3,1576,https://cpt.tcgcsv.com/vCQ,2023-06-18T11:05:07.063,1,0.25,0.51,2.0,0.53,,Reverse Holofoil,,52/98,Common,Fairy,60,Basic,[1] Mumble (10),Mx2,D-20,1,[1Y] Magical Shot (20)
101475,Kirlia,Kirlia,https://tcgplayer-cdn.tcgplayer.com/product/101475_200w.jpg,3,1576,https://cpt.tcgcsv.com/wCQ,2024-03-18T05:27:27.327,1,0.1,0.25,2.0,0.26,0.19,Normal,,53/98,Uncommon,Fairy,80,Stage 1,"[1] Calm Mind
<br>Heal 30 damage from this Pokemon.",Mx2,D-20,1,[2Y] Magical Shot (50)
101475,Kirlia,Kirlia,https://tcgplayer-cdn.tcgplayer.com/product/101475_200w.jpg,3,1576,https://cpt.tcgcsv.com/wCQ,2024-03-18T05:27:27.327,1,0.19,0.57,3.0,0.81,,Reverse Holofoil,,53/98,Uncommon,Fairy,80,Stage 1,"[1] Calm Mind
<br>Heal 30 damage from this Pokemon.",Mx2,D-20,1,[2Y] Magical Shot (50)
101476,Gardevoir,Gardevoir,https://tcgplayer-cdn.tcgplayer.com/product/101476_200w.jpg,3,1576,https://cpt.tcgcsv.com/xCQ,2022-12-15T15:26:26.907,1,2.8,6.62,15.0,6.6,,Holofoil,"<b>Ability - Bright Heal</b>
<br>Once during your turn <em>(before your attack)</em>, you may heal 20 damage from each of your Pokemon.",54/98,Holo Rare,Fairy,130,Stage 2,"[3] Telekinesis
<br>This attack does 50 damage to 1 of your opponent's Pokemon. This attack's damage isn't affected by Weakness or Resistance.",Mx2,D-20,2,
101476,Gardevoir,Gardevoir,https://tcgplayer-cdn.tcgplayer.com/product/101476_200w.jpg,3,1576,https://cpt.tcgcsv.com/xCQ,2022-12-15T15:26:26.907,1,1.9,5.85,8.99,4.69,,Reverse Holofoil,"<b>Ability - Bright Heal</b>
<br>Once during your turn <em>(before your attack)</em>, you may heal 20 damage from each of your Pokemon.",54/98,Holo Rare,Fairy,130,Stage 2,"[3] Telekinesis
<br>This attack does 50 damage to 1 of your opponent's Pokemon. This attack's damage isn't affected by Weakness or Resistance.",Mx2,D-20,2,
101477,Cottonee,Cottonee,https://tcgplayer-cdn.tcgplayer.com/product/101477_200w.jpg,3,1576,https://cpt.tcgcsv.com/zCQ,2025-02-05T21:20:04.91,1,0.03,0.2,1.49,0.18,,Normal,,55/98,Common,Fairy,40,Basic,"[Y] Cotton Bed (10)
<br>Your opponent's Active Pokemon is now Asleep.",Mx2,D-20,1,
101477,Cottonee,Cottonee,https://tcgplayer-cdn.tcgplayer.com/product/101477_200w.jpg,3,1576,https://cpt.tcgcsv.com/zCQ,2025-02-05T21:20:04.91,1,0.15,0.49,1.49,0.55,0.66,Reverse Holofoil,,55/98,Common,Fairy,40,Basic,"[Y] Cotton Bed (10)
<br>Your opponent's Active Pokemon is now Asleep.",Mx2,D-20,1,
101478,Whimsicott,Whimsicott,https://tcgplayer-cdn.tcgplayer.com/product/101478_200w.jpg,3,1576,https://cpt.tcgcsv.com/BCQ,2025-02-05T21:20:05.17,1,0.04,0.22,1.5,0.2,,Normal,,56/98,Uncommon,Fairy,80,Stage 1,"[Y] Windy Mischief
<br>Move all damage counters from 1 of your Benched Pokemon to your opponent's Active Pokemon.",Mx2,D-20,1,[2] Rolling Tackle (30)
101478,Whimsicott,Whimsicott,https://tcgplayer-cdn.tcgplayer.com/product/101478_200w.jpg,3,1576,https://cpt.tcgcsv.com/BCQ,2025-02-05T21:20:05.17,1,0.06,0.35,2.95,0.34,,Reverse Holofoil,,56/98,Uncommon,Fairy,80,Stage 1,"[Y] Windy Mischief
<br>Move all damage counters from 1 of your Benched Pokemon to your opponent's Active Pokemon.",Mx2,D-20,1,[2] Rolling Tackle (30)
101479,Giratina EX,Giratina EX,https://tcgplayer-cdn.tcgplayer.com/product/101479_200w.jpg,3,1576,https://cpt.tcgcsv.com/CCQ,2022-12-15T15:27:00.99,1,9.48,12.13,34.99,15.28,,Holofoil,"<b>Ability - Renegade Pulse</b>
<br>If your opponent's Active Pokemon is Mega Evolved, prevent all effects of attacks, including damage, done to this Pokemon.",57/98,Ultra Rare,Dragon,170,Basic,"[2GP] Chaos Wheel (100)
<br>During your opponent's next turn, Pokemon Tool, Special Energy, and Stadium cards cannot be played from his or her hand.",Yx2,None,3,
101480,Goomy,Goomy,https://tcgplayer-cdn.tcgplayer.com/product/101480_200w.jpg,3,1576,https://cpt.tcgcsv.com/DCQ,2024-08-26T08:15:08.7,1,0.02,0.2,1.49,0.11,,Normal,"<b>Ability - Water Down</b>
<br>Whenever you attach a Water Energy card from your hand to this Pokemon, you may search your deck for Goomy and put it onto your Bench. Shuffle your deck afterward.",58/98,Common,Dragon,40,Basic,[1Y] Stampede (10),Yx2,None,2,
101480,Goomy,Goomy,https://tcgplayer-cdn.tcgplayer.com/product/101480_200w.jpg,3,1576,https://cpt.tcgcsv.com/DCQ,2024-08-26T08:15:08.7,1,0.19,0.4,2.0,0.4,,Reverse Holofoil,"<b>Ability - Water Down</b>
<br>Whenever you attach a Water Energy card from your hand to this Pokemon, you may search your deck for Goomy and put it onto your Bench. Shuffle your deck afterward.",58/98,Common,Dragon,40,Basic,[1Y] Stampede (10),Yx2,None,2,
101481,Sliggoo,Sliggoo,https://tcgplayer-cdn.tcgplayer.com/product/101481_200w.jpg,3,1576,https://cpt.tcgcsv.com/FCQ,2025-02-05T21:20:05.31,1,0.05,0.2,1.49,0.15,,Normal,,59/98,Uncommon,Dragon,70,Stage 1,"[1] Bubble
<br>Flip a coin. If heads, your opponent's Active Pokemon is now Paralyzed.",Yx2,None,3,[WY] Melt (20)
101481,Sliggoo,Sliggoo,https://tcgplayer-cdn.tcgplayer.com/product/101481_200w.jpg,3,1576,https://cpt.tcgcsv.com/FCQ,2025-02-05T21:20:05.31,1,0.15,0.41,2.0,0.41,,Reverse Holofoil,,59/98,Uncommon,Dragon,70,Stage 1,"[1] Bubble
<br>Flip a coin. If heads, your opponent's Active Pokemon is now Paralyzed.",Yx2,None,3,[WY] Melt (20)
101482,Goodra,Goodra,https://tcgplayer-cdn.tcgplayer.com/product/101482_200w.jpg,3,1576,https://cpt.tcgcsv.com/GCQ,2024-10-15T08:45:43.847,1,0.3,0.78,1.99,0.91,1.98,Holofoil,,60/98,Holo Rare,Dragon,150,Stage 1,"[2] Liquid Blow
<br>Choose one of your opponent's Pokemon. This attack does 20 damage for each Energy in that Pokemon's retreat cost. <i>(Don't apply Weakness and Resistance for Benched Pokemon).</i>",Yx2,None,3,"[2WY] Sparkling Breath (110)
<br>During your opponent's next turn, this Pokemon can't be affected by any Special Conditions."
101482,Goodra,Goodra,https://tcgplayer-cdn.tcgplayer.com/product/101482_200w.jpg,3,1576,https://cpt.tcgcsv.com/GCQ,2024-10-15T08:45:43.847,1,0.4,1.0,4.49,1.0,1.0,Reverse Holofoil,,60/98,Holo Rare,Dragon,150,Stage 1,"[2] Liquid Blow
<br>Choose one of your opponent's Pokemon. This attack does 20 damage for each Energy in that Pokemon's retreat cost. <i>(Don't apply Weakness and Resistance for Benched Pokemon).</i>",Yx2,None,3,"[2WY] Sparkling Breath (110)
<br>During your opponent's next turn, this Pokemon can't be affected by any Special Conditions."
101483,Meowth,Meowth,https://tcgplayer-cdn.tcgplayer.com/product/101483_200w.jpg,3,1576,https://cpt.tcgcsv.com/HCQ,2022-12-15T15:29:13.633,1,0.01,0.2,7.0,0.24,,Normal,,61/98,Common,Colorless,60,Basic,"[1] Act Tough (10+)
<br>If this Pokemon has any Darkness Energy attached to it, this attack does 20 more damage.",Fx2,None,1,
101483,Meowth,Meowth,https://tcgplayer-cdn.tcgplayer.com/product/101483_200w.jpg,3,1576,https://cpt.tcgcsv.com/HCQ,2022-12-15T15:29:13.633,1,0.19,0.44,1.99,0.47,,Reverse Holofoil,,61/98,Common,Colorless,60,Basic,"[1] Act Tough (10+)
<br>If this Pokemon has any Darkness Energy attached to it, this attack does 20 more damage.",Fx2,None,1,
101484,Persian,Persian,https://tcgplayer-cdn.tcgplayer.com/product/101484_200w.jpg,3,1576,https://cpt.tcgcsv.com/JCQ,2022-12-15T15:29:22.777,1,0.02,0.2,1.49,0.16,,Normal,,62/98,Common,Colorless,90,Stage 1,"[1] Fake Out (30)
<br>Flip a coin. If heads, your opponent's Active Pokemon is now Paralyzed.",Fx2,None,1,"[2] Ambush (40+)
<br>Flip a coin. If heads, this attack does 30 more damage."
101484,Persian,Persian,https://tcgplayer-cdn.tcgplayer.com/product/101484_200w.jpg,3,1576,https://cpt.tcgcsv.com/JCQ,2022-12-15T15:29:22.777,1,0.19,0.43,2.0,0.4,,Reverse Holofoil,,62/98,Common,Colorless,90,Stage 1,"[1] Fake Out (30)
<br>Flip a coin. If heads, your opponent's Active Pokemon is now Paralyzed.",Fx2,None,1,"[2] Ambush (40+)
<br>Flip a coin. If heads, this attack does 30 more damage."
101485,Eevee,Eevee,https://tcgplayer-cdn.tcgplayer.com/product/101485_200w.jpg,3,1576,https://cpt.tcgcsv.com/KCQ,2023-01-30T12:19:24.74,1,0.05,0.33,5.39,0.4,0.25,Normal,,63/98,Common,Colorless,60,Basic,[1] Tackle (10),Fx2,None,1,[2] Lunge (30)
101485,Eevee,Eevee,https://tcgplayer-cdn.tcgplayer.com/product/101485_200w.jpg,3,1576,https://cpt.tcgcsv.com/KCQ,2023-01-30T12:19:24.74,1,0.75,1.25,99.0,1.28,,Reverse Holofoil,,63/98,Common,Colorless,60,Basic,[1] Tackle (10),Fx2,None,1,[2] Lunge (30)
101486,Porygon,Porygon,https://tcgplayer-cdn.tcgplayer.com/product/101486_200w.jpg,3,1576,https://cpt.tcgcsv.com/LCQ,2022-12-15T15:30:09.217,1,0.04,0.2,1.78,0.18,,Normal,,64/98,Common,Colorless,60,Basic,"[1] Data Check
<br>Look through your deck. Shuffle your deck afterward.",Fx2,None,1,[2] Sharpen (20)
101486,Porygon,Porygon,https://tcgplayer-cdn.tcgplayer.com/product/101486_200w.jpg,3,1576,https://cpt.tcgcsv.com/LCQ,2022-12-15T15:30:09.217,1,0.24,0.46,1.49,0.45,,Reverse Holofoil,,64/98,Common,Colorless,60,Basic,"[1] Data Check
<br>Look through your deck. Shuffle your deck afterward.",Fx2,None,1,[2] Sharpen (20)
101487,Porygon2,Porygon2,https://tcgplayer-cdn.tcgplayer.com/product/101487_200w.jpg,3,1576,https://cpt.tcgcsv.com/MCQ,2022-12-15T15:31:04.66,1,0.04,0.2,1.49,0.17,0.18,Normal,,65/98,Uncommon,Colorless,80,Stage 1,[1] Sharpen (20),Fx2,None,2,"[3] Tri Attack (30x)
<br>Flip 3 coins. This attack does 30 damage times the number of heads."
101487,Porygon2,Porygon2,https://tcgplayer-cdn.tcgplayer.com/product/101487_200w.jpg,3,1576,https://cpt.tcgcsv.com/MCQ,2022-12-15T15:31:04.66,1,0.19,0.39,3.0,0.35,,Reverse Holofoil,,65/98,Uncommon,Colorless,80,Stage 1,[1] Sharpen (20),Fx2,None,2,"[3] Tri Attack (30x)
<br>Flip 3 coins. This attack does 30 damage times the number of heads."
101488,Porygon-Z (66),Porygon Z 66,https://tcgplayer-cdn.tcgplayer.com/product/101488_200w.jpg,3,1576,https://cpt.tcgcsv.com/NCQ,2025-02-05T21:20:05.51,1,0.1,0.33,1.49,0.34,,Normal,,66/98,Rare,Colorless,130,Stage 2,"[1] Cyber Crush
<br>Discard all Special Energy attached to each of your opponent's Pokemon.",Fx2,None,2,"[3] Slowing Beam (70)
<br>During your opponent's next turn, the Defending Pokemon's attacks cost Colorless more."
101488,Porygon-Z (66),Porygon Z 66,https://tcgplayer-cdn.tcgplayer.com/product/101488_200w.jpg,3,1576,https://cpt.tcgcsv.com/NCQ,2025-02-05T21:20:05.51,1,0.3,0.74,1.49,0.75,,Reverse Holofoil,,66/98,Rare,Colorless,130,Stage 2,"[1] Cyber Crush
<br>Discard all Special Energy attached to each of your opponent's Pokemon.",Fx2,None,2,"[3] Slowing Beam (70)
<br>During your opponent's next turn, the Defending Pokemon's attacks cost Colorless more."
101489,Porygon-Z (67),Porygon Z 67,https://tcgplayer-cdn.tcgplayer.com/product/101489_200w.jpg,3,1576,https://cpt.tcgcsv.com/PCQ,2025-04-11T08:13:48.297,1,0.98,1.58,25.0,1.58,,Holofoil,<b>Ancient Trait - Theta Stop</b> <em>Prevent affects of your opponent's Pokmeon's Abilities done to this Pokemon.,67/98,Holo Rare,Colorless,130,Stage 2,"[1] Digital Reboot
<br>Devolve as man of your Benched Pokemon as many times as you like. Put each Evolution card remvoed this way into your hand.",Fx2,None,2,"[2] Dazzle Blast (50)
<br>Your opponent's Active Pokemon is now Confused."
101489,Porygon-Z (67),Porygon Z 67,https://tcgplayer-cdn.tcgplayer.com/product/101489_200w.jpg,3,1576,https://cpt.tcgcsv.com/PCQ,2025-04-11T08:13:48.297,1,0.63,2.48,14.99,1.29,,Reverse Holofoil,<b>Ancient Trait - Theta Stop</b> <em>Prevent affects of your opponent's Pokmeon's Abilities done to this Pokemon.,67/98,Holo Rare,Colorless,130,Stage 2,"[1] Digital Reboot
<br>Devolve as man of your Benched Pokemon as many times as you like. Put each Evolution card remvoed this way into your hand.",Fx2,None,2,"[2] Dazzle Blast (50)
<br>Your opponent's Active Pokemon is now Confused."
101490,Lugia EX,Lugia EX,https://tcgplayer-cdn.tcgplayer.com/product/101490_200w.jpg,3,1576,https://cpt.tcgcsv.com/QCQ,2025-09-18T13:57:33.93,1,4.5,8.33,14.34,9.61,6.47,Holofoil,,68/98,Ultra Rare,Colorless,170,Basic,"[2] Aero Ball (20x)
<br>This attack does 20 damage times the amount of Energy attached to both Active Pokemon.",Lx2,F-20,2,"[4] Deep Hurricane (80+)
<br>IF there is any Stadium card in play, this attack does 70 more damage. Then, discard that Stadium card."
101491,Ace Trainer,Ace Trainer,https://tcgplayer-cdn.tcgplayer.com/product/101491_200w.jpg,3,1576,https://cpt.tcgcsv.com/RCQ,2022-12-15T15:31:34.99,1,0.03,0.2,1.99,0.16,,Normal,"<em>You can play this card only if you have more Prize cards left than your opponent.</em>
<br>
<br>Each player shuffles his or her hand into his or her deck. Then, draw 6 cards. Your opponent draws 3 cards.",69/98,Uncommon,Supporter,,,,,,,
101491,Ace Trainer,Ace Trainer,https://tcgplayer-cdn.tcgplayer.com/product/101491_200w.jpg,3,1576,https://cpt.tcgcsv.com/RCQ,2022-12-15T15:31:34.99,1,0.11,0.33,3.99,0.29,0.24,Reverse Holofoil,"<em>You can play this card only if you have more Prize cards left than your opponent.</em>
<br>
<br>Each player shuffles his or her hand into his or her deck. Then, draw 6 cards. Your opponent draws 3 cards.",69/98,Uncommon,Supporter,,,,,,,
101492,Eco Arm,Eco Arm,https://tcgplayer-cdn.tcgplayer.com/product/101492_200w.jpg,3,1576,https://cpt.tcgcsv.com/SCQ,2023-03-11T20:10:28.377,1,0.08,0.21,1.49,0.19,,Normal,Shuffle 3 Pokemon Tool cards from your discard pile into your deck.,71/98,Uncommon,Item,,,,,,,
101492,Eco Arm,Eco Arm,https://tcgplayer-cdn.tcgplayer.com/product/101492_200w.jpg,3,1576,https://cpt.tcgcsv.com/SCQ,2023-03-11T20:10:28.377,1,0.13,0.28,2.5,0.24,,Reverse Holofoil,Shuffle 3 Pokemon Tool cards from your discard pile into your deck.,71/98,Uncommon,Item,,,,,,,
101493,Ampharos Spirit Link,Ampharos Spirit Link,https://tcgplayer-cdn.tcgplayer.com/product/101493_200w.jpg,3,1576,https://cpt.tcgcsv.com/TCQ,2022-12-15T15:31:46.073,1,0.02,0.2,2.0,0.2,,Normal,Your turn does not end if the Pokemon this card is attached to becomes M Ampharos EX.,70/98,Uncommon,Tool,,,,,,,
101493,Ampharos Spirit Link,Ampharos Spirit Link,https://tcgplayer-cdn.tcgplayer.com/product/101493_200w.jpg,3,1576,https://cpt.tcgcsv.com/TCQ,2022-12-15T15:31:46.073,1,0.1,0.44,10.0,0.46,,Reverse Holofoil,Your turn does not end if the Pokemon this card is attached to becomes M Ampharos EX.,70/98,Uncommon,Tool,,,,,,,
101494,Energy Recycler,Energy Recycler,https://tcgplayer-cdn.tcgplayer.com/product/101494_200w.jpg,3,1576,https://cpt.tcgcsv.com/VCQ,2025-02-05T21:20:05.613,1,0.05,0.27,3.05,0.26,,Normal,Shuffle 5 basic Energy cards from your discard pile into your deck.,72/98,Uncommon,Item,,,,,,,
101494,Energy Recycler,Energy Recycler,https://tcgplayer-cdn.tcgplayer.com/product/101494_200w.jpg,3,1576,https://cpt.tcgcsv.com/VCQ,2025-02-05T21:20:05.613,1,0.21,0.69,2.49,0.76,,Reverse Holofoil,Shuffle 5 basic Energy cards from your discard pile into your deck.,72/98,Uncommon,Item,,,,,,,
101495,Faded Town,Faded Town,https://tcgplayer-cdn.tcgplayer.com/product/101495_200w.jpg,3,1576,https://cpt.tcgcsv.com/WCQ,2022-12-15T15:32:50.377,1,0.01,0.16,1.49,0.11,0.05,Normal,"At any time between turns, put 2 damage counters on each Mega Evolution Pokemon.",73/98,Uncommon,Stadium,,,,,,,
101495,Faded Town,Faded Town,https://tcgplayer-cdn.tcgplayer.com/product/101495_200w.jpg,3,1576,https://cpt.tcgcsv.com/WCQ,2022-12-15T15:32:50.377,1,0.04,0.26,2.0,0.21,0.18,Reverse Holofoil,"At any time between turns, put 2 damage counters on each Mega Evolution Pokemon.",73/98,Uncommon,Stadium,,,,,,,
101496,Forest of Giant Plants,Forest of Giant Plants,https://tcgplayer-cdn.tcgplayer.com/product/101496_200w.jpg,3,1576,https://cpt.tcgcsv.com/XCQ,2023-05-13T14:42:24.613,1,0.07,0.26,2.21,0.26,,Normal,Each player's Grass Pokemon can evolve during his or her first turn or the turn he or she plays those Pokemon.,74/98,Uncommon,Stadium,,,,,,,
101496,Forest of Giant Plants,Forest of Giant Plants,https://tcgplayer-cdn.tcgplayer.com/product/101496_200w.jpg,3,1576,https://cpt.tcgcsv.com/XCQ,2023-05-13T14:42:24.613,1,0.2,0.42,1.98,0.32,,Reverse Holofoil,Each player's Grass Pokemon can evolve during his or her first turn or the turn he or she plays those Pokemon.,74/98,Uncommon,Stadium,,,,,,,
101497,Hex Maniac,Hex Maniac,https://tcgplayer-cdn.tcgplayer.com/product/101497_200w.jpg,3,1576,https://cpt.tcgcsv.com/ZCQ,2022-12-15T15:34:01.52,1,0.88,2.41,4.41,2.67,,Normal,"Until the end of your opponent's next turn, each Pokemon in play, in each player's hand, and in each player's discard pile has no Abilities.",75/98,Uncommon,Supporter,,,,,,,
101497,Hex Maniac,Hex Maniac,https://tcgplayer-cdn.tcgplayer.com/product/101497_200w.jpg,3,1576,https://cpt.tcgcsv.com/ZCQ,2022-12-15T15:34:01.52,1,2.5,3.03,6.0,3.04,,Reverse Holofoil,"Until the end of your opponent's next turn, each Pokemon in play, in each player's hand, and in each player's discard pile has no Abilities.",75/98,Uncommon,Supporter,,,,,,,
101498,Level Ball,Level Ball,https://tcgplayer-cdn.tcgplayer.com/product/101498_200w.jpg,3,1576,https://cpt.tcgcsv.com/-CQ,2023-03-12T11:35:01.24,1,0.05,0.26,1.99,0.24,0.25,Normal,"Search your deck for a Pokemon with 90 HP or less, reveal it, and put it into your hand. Shuffle your deck afterwared.",76/98,Uncommon,Item,,,,,,,
101498,Level Ball,Level Ball,https://tcgplayer-cdn.tcgplayer.com/product/101498_200w.jpg,3,1576,https://cpt.tcgcsv.com/-CQ,2023-03-12T11:35:01.24,1,0.5,1.2,5.0,1.31,1.48,Reverse Holofoil,"Search your deck for a Pokemon with 90 HP or less, reveal it, and put it into your hand. Shuffle your deck afterwared.",76/98,Uncommon,Item,,,,,,,
101499,Lucky Helmet,Lucky Helmet,https://tcgplayer-cdn.tcgplayer.com/product/101499_200w.jpg,3,1576,https://cpt.tcgcsv.com/_CQ,2025-02-05T21:20:05.71,1,0.05,0.2,1.49,0.18,,Normal,"Whenever the Pokemon this card is attached to is your Active Pokemon and is damaged by an opponent's attack <em>(even if that Pokemon is Knocked Out)</em>, draw 2 cards.",77/98,Uncommon,Tool,,,,,,,
101499,Lucky Helmet,Lucky Helmet,https://tcgplayer-cdn.tcgplayer.com/product/101499_200w.jpg,3,1576,https://cpt.tcgcsv.com/_CQ,2025-02-05T21:20:05.71,1,0.25,0.54,45.0,0.54,,Reverse Holofoil,"Whenever the Pokemon this card is attached to is your Active Pokemon and is damaged by an opponent's attack <em>(even if that Pokemon is Knocked Out)</em>, draw 2 cards.",77/98,Uncommon,Tool,,,,,,,
101500,Lysandre,Lysandre,https://tcgplayer-cdn.tcgplayer.com/product/101500_200w.jpg,3,1576,https://cpt.tcgcsv.com/0DQ,2025-02-05T21:20:05.783,1,0.01,0.23,1.53,0.16,0.17,Normal,Switch 1 of your opponent's Benched Pokemon with his or her Active Pokemon.,78/98,Uncommon,Supporter,,,,,,,
101500,Lysandre,Lysandre,https://tcgplayer-cdn.tcgplayer.com/product/101500_200w.jpg,3,1576,https://cpt.tcgcsv.com/0DQ,2025-02-05T21:20:05.783,1,0.24,0.64,1.99,0.67,,Reverse Holofoil,Switch 1 of your opponent's Benched Pokemon with his or her Active Pokemon.,78/98,Uncommon,Supporter,,,,,,,
101501,Paint Roller,Paint Roller,https://tcgplayer-cdn.tcgplayer.com/product/101501_200w.jpg,3,1576,https://cpt.tcgcsv.com/2DQ,2025-02-05T21:20:05.863,1,0.03,0.2,1.49,0.13,,Normal,"Discard any Stadium card in play. Then, draw a card.",79/98,Uncommon,Item,,,,,,,
101501,Paint Roller,Paint Roller,https://tcgplayer-cdn.tcgplayer.com/product/101501_200w.jpg,3,1576,https://cpt.tcgcsv.com/2DQ,2025-02-05T21:20:05.863,1,0.05,0.26,1.49,0.26,,Reverse Holofoil,"Discard any Stadium card in play. Then, draw a card.",79/98,Uncommon,Item,,,,,,,
101502,Sceptile Spirit Link,Sceptile Spirit Link,https://tcgplayer-cdn.tcgplayer.com/product/101502_200w.jpg,3,1576,https://cpt.tcgcsv.com/3DQ,2022-12-15T15:41:43.213,1,0.05,0.21,1.49,0.18,0.18,Normal,Your turn does not end if the Pokemon this card is attached to becomes M Sceptile EX.,80/98,Uncommon,Tool,,,,,,,
101502,Sceptile Spirit Link,Sceptile Spirit Link,https://tcgplayer-cdn.tcgplayer.com/product/101502_200w.jpg,3,1576,https://cpt.tcgcsv.com/3DQ,2022-12-15T15:41:43.213,1,0.01,0.35,1.99,0.35,,Reverse Holofoil,Your turn does not end if the Pokemon this card is attached to becomes M Sceptile EX.,80/98,Uncommon,Tool,,,,,,,
101503,Tyranitar Spirit Link,Tyranitar Spirit Link,https://tcgplayer-cdn.tcgplayer.com/product/101503_200w.jpg,3,1576,https://cpt.tcgcsv.com/5DQ,2025-02-05T21:20:05.923,1,0.01,0.2,1.5,0.17,0.1,Normal,Your turn does not end if the Pokemon this card is attached to becomes M Tyranitar EX.,81/98,Uncommon,Tool,,,,,,,
101503,Tyranitar Spirit Link,Tyranitar Spirit Link,https://tcgplayer-cdn.tcgplayer.com/product/101503_200w.jpg,3,1576,https://cpt.tcgcsv.com/5DQ,2025-02-05T21:20:05.923,1,0.1,0.36,2.99,0.33,,Reverse Holofoil,Your turn does not end if the Pokemon this card is attached to becomes M Tyranitar EX.,81/98,Uncommon,Tool,,,,,,,
101504,Dangerous Energy,Dangerous Energy,https://tcgplayer-cdn.tcgplayer.com/product/101504_200w.jpg,3,1576,https://cpt.tcgcsv.com/6DQ,2025-02-05T21:20:05.97,1,0.05,0.23,1.49,0.18,,Normal,"This card can only be attached to a Darkness Pokemon. This card provides Darkness Energy only while this card is attached to a Darkness Pokemon. 
<br>Whenever the Darkness Pokemon this card is attached to is your Active Pokemon and is damaged by an attack from your opponent's Pokemon EX <em>(even if that Pokemon is Knocked Out)</em>, put 2 damage counters on the attacking Pokemon EX.
<br>(If this card is attached to anything other than a Darkness Pokemon, discard this card.)",82/98,Uncommon,Special Darkness Energy,,,,,,,
101504,Dangerous Energy,Dangerous Energy,https://tcgplayer-cdn.tcgplayer.com/product/101504_200w.jpg,3,1576,https://cpt.tcgcsv.com/6DQ,2025-02-05T21:20:05.97,1,0.1,0.34,2.0,0.31,,Reverse Holofoil,"This card can only be attached to a Darkness Pokemon. This card provides Darkness Energy only while this card is attached to a Darkness Pokemon. 
<br>Whenever the Darkness Pokemon this card is attached to is your Active Pokemon and is damaged by an attack from your opponent's Pokemon EX <em>(even if that Pokemon is Knocked Out)</em>, put 2 damage counters on the attacking Pokemon EX.
<br>(If this card is attached to anything other than a Darkness Pokemon, discard this card.)",82/98,Uncommon,Special Darkness Energy,,,,,,,
101505,Flash Energy,Flash Energy,https://tcgplayer-cdn.tcgplayer.com/product/101505_200w.jpg,3,1576,https://cpt.tcgcsv.com/7DQ,2022-12-15T15:42:04.437,1,0.1,0.25,2.42,0.2,0.14,Normal,"This card can only be attached to a Lightning Pokemon.
<br>This card provides Lightning Energy only while this card is attached to a Lightning Pokemon.
<br>The Lightning Pokemon this card is attached to has no Weakness.
<br>(If this card is attached to anything other than a Lightning Pokemon, discard this card.)",83/98,Uncommon,Special Lightning Energy,,,,,,,
101505,Flash Energy,Flash Energy,https://tcgplayer-cdn.tcgplayer.com/product/101505_200w.jpg,3,1576,https://cpt.tcgcsv.com/7DQ,2022-12-15T15:42:04.437,1,0.16,0.49,4.99,0.47,,Reverse Holofoil,"This card can only be attached to a Lightning Pokemon.
<br>This card provides Lightning Energy only while this card is attached to a Lightning Pokemon.
<br>The Lightning Pokemon this card is attached to has no Weakness.
<br>(If this card is attached to anything other than a Lightning Pokemon, discard this card.)",83/98,Uncommon,Special Lightning Energy,,,,,,,
101506,M Sceptile EX (85 Full Art),M Sceptile EX 85 Full Art,https://tcgplayer-cdn.tcgplayer.com/product/101506_200w.jpg,3,1576,https://cpt.tcgcsv.com/8DQ,2022-12-15T15:42:19.79,1,105.0,134.99,299.99,127.46,,Holofoil,<b>Ancient Trait - Theta Stop </b><em> Prevent all affects of your opponent's Pokemon Abilities done to this Pokemon.,85/98,Ultra Rare,Grass,220,Mega,"[1G] Jagged Saber (100)
<br>You may attach up to 2 Grass Energy from your hand to your Benched Pokemon in any way you like. If you attached Energy to a Pokemon in this way, heal all damage from that Pokemon.",Rx2,None,2,
101507,Sceptile EX (84 Full Art),Sceptile EX 84 Full Art,https://tcgplayer-cdn.tcgplayer.com/product/101507_200w.jpg,3,1576,https://cpt.tcgcsv.com/9DQ,2022-12-15T15:42:14.183,1,47.76,54.99,149.0,40.83,,Holofoil,,84/98,Ultra Rare,Grass,170,Basic,"[G] Sleep Poison (10)
<br>Flip a coin. If heads, your opponent's Active Pokemon is now Asleep and Poisoned.",Rx2,None,1,"[1G] Unseen Claw (60+)
<br>If your opponent's Active Pokemon is affected by a Special Condition, this attack does 70 more damage."
101508,Kyurem EX (86 Full Art),Kyurem EX 86 Full Art,https://tcgplayer-cdn.tcgplayer.com/product/101508_200w.jpg,3,1576,https://cpt.tcgcsv.com/bDQ,2022-12-15T15:42:25.31,1,29.99,50.0,199.99,37.29,,Holofoil,,86/98,Ultra Rare,Water,180,Basic,"[1WW] Glaciate
<br>This attack does 30 damage to each of your opponent's Pokemon. <i>(Don't apply Weakness and Resistance for Benched Pokemon.)</i>",Mx2,None,3,"[1WWW] Icecalibur (130)
<br>Discard an Energy attached to this Pokemon. The Defending Pokemon can't attack during your opponent's next turn."
101509,Ampharos EX (87 Full Art),Ampharos EX 87 Full Art,https://tcgplayer-cdn.tcgplayer.com/product/101509_200w.jpg,3,1576,https://cpt.tcgcsv.com/cDQ,2022-12-15T15:42:31.307,1,27.27,30.0,39.96,28.48,,Holofoil,,87/98,Ultra Rare,Lightning,170,Basic,"[1] Thunder Rod
<br>Look at the top 4 cards of your deck and attach as many Lightning Energy cards you find there as you like to this Pokemon. Shuffle the other cards back into your deck.",Fx2,M-20,2,"[2LL] Sparkling Tail (100)
<br>This attack's damage isn't affected by Weakness, Resistance, or any other effects on your opponent's Active Pokemon."
101510,M Ampharos EX (88 Full Art),M Ampharos EX 88 Full Art,https://tcgplayer-cdn.tcgplayer.com/product/101510_200w.jpg,3,1576,https://cpt.tcgcsv.com/dDQ,2023-01-17T19:28:11.363,1,50.0,89.98,120.96,74.81,89.22,Holofoil,,88/98,Ultra Rare,Lightning,220,Mega,"[2LL] Exa Volt (120+)
<br>You may do 50 more damage. If you do, your opponent's Active Pokemon is now Paralyzed and this Pokemon does 30 damage to itself.",Fx2,M-20,3,
101511,Hoopa EX (89 Full Art),Hoopa EX 89 Full Art,https://tcgplayer-cdn.tcgplayer.com/product/101511_200w.jpg,3,1576,https://cpt.tcgcsv.com/fDQ,2022-12-15T15:42:46.18,1,22.6,49.95,89.69,33.66,19.0,Holofoil,"<b>Ability - Scoundrel Ring </b>
<br>When you play this Pokemon from your hand onto your Bench, you may search your deck for up to 3 Pokemon EX <em>(except for Hoopa EX)</em>, reveal them, and put them into your hand. Shuffle your deck afterward.",89/98,Ultra Rare,Psychic,170,Basic,"[PPP] Hyperspace Fury
<br>Discard 2 Energy attached to this Pokemon. This attack does 100 damage to 1 of your opponent's Pokemon.<i> (Don't apply Weakness and Resistance for Benched Pokemon.)</i>",Px2,None,2,
101512,Machamp EX (90 Full Art),Machamp EX 90 Full Art,https://tcgplayer-cdn.tcgplayer.com/product/101512_200w.jpg,3,1576,https://cpt.tcgcsv.com/gDQ,2022-12-15T15:42:53.737,1,17.99,33.99,80.0,21.23,,Holofoil,,90/98,Ultra Rare,Fighting,180,Basic,"[1F] Steaming Mad (20x)
<br>This attack does 20 damage times the number of damage counters on this Pokemon. This Pokemon is now Confused.",Px2,None,3,"[1FF] Crazy Hammer (80+)
<br>If this Pokemon is affected by a Special Condition, this attack does 80 more damage. Then, remove all Special Conditions from this Pokemon."
101513,Tyranitar EX (91 Full Art),Tyranitar EX 91 Full Art,https://tcgplayer-cdn.tcgplayer.com/product/101513_200w.jpg,3,1576,https://cpt.tcgcsv.com/hDQ,2022-12-15T15:43:00.1,1,65.04,120.62,299.99,72.23,,Holofoil,,91/98,Ultra Rare,Darkness,180,Basic,[2D] Hammer In (60),Fx2,P-20,4,"[2DD] Break Ground (130)
<br>This attack does 10 damage to each of your Benched Pokemon.<i> (Don't apply Weakness and Resistance for Benched Pokemon.)</i>"
101514,M Tyranitar EX (92 Full Art),M Tyranitar EX 92 Full Art,https://tcgplayer-cdn.tcgplayer.com/product/101514_200w.jpg,3,1576,https://cpt.tcgcsv.com/jDQ,2022-12-15T15:43:05.67,1,98.99,174.39,285.98,113.8,,Holofoil,<b>Ancient Trait - Theta Double </b><em> This Pokemon may have up to 2 Pokemon Tool cards attached to it.,92/98,Ultra Rare,Darkness,240,Basic,"[2DD] Destroyer King (110+)
<br>This attack does 60 more damage for each damage counter on your opponent's Active Pokemon.",Fx2,P-20,4,
101515,Giratina EX (93 Full Art),Giratina EX 93 Full Art,https://tcgplayer-cdn.tcgplayer.com/product/101515_200w.jpg,3,1576,https://cpt.tcgcsv.com/kDQ,2022-12-15T15:43:13.007,1,83.0,100.0,399.99,106.41,99.93,Holofoil,"<b>Ability - Renegade Pulse</b>
<br>If your opponent's Active Pokemon is Mega Evolved, prevent all effects of attacks, including damage, done to this Pokemon.",93/98,Ultra Rare,Dragon,170,Basic,"[2GP] Chaos Wheel (100)
<br>During your opponent's next turn, Pokemon Tool, Special Energy, and Stadium cards cannot be played from his or her hand.",Yx2,None,3,
101516,Lugia EX (94 Full Art),Lugia EX 94 Full Art,https://tcgplayer-cdn.tcgplayer.com/product/101516_200w.jpg,3,1576,https://cpt.tcgcsv.com/lDQ,2022-12-15T15:43:18.543,1,149.99,169.99,499.99,161.92,,Holofoil,,94/98,Ultra Rare,Colorless,170,Basic,"[2] Aero Ball (20x)
<br>This attack does 20 damage times the amount of Energy attached to both Active Pokemon.",Lx2,F-20,2,"[4] Deep Hurricane (80+)
<br>IF there is any Stadium card in play, this attack does 70 more damage. Then, discard that Stadium card."
101517,Steven (Full Art),Steven Full Art,https://tcgplayer-cdn.tcgplayer.com/product/101517_200w.jpg,3,1576,https://cpt.tcgcsv.com/mDQ,2022-12-15T15:43:24.67,1,23.67,39.73,765.79,37.3,76.57,Holofoil,"Search your deck for a Supporter card and a basic Energy card, reveal them, and put them into your hand. Shuffle your deck afterward.",95/98,Ultra Rare,Supporter,,,,,,,
101518,Primal Kyogre EX (Shiny Full Art),Primal Kyogre EX Shiny Full Art,https://tcgplayer-cdn.tcgplayer.com/product/101518_200w.jpg,3,1576,https://cpt.tcgcsv.com/nDQ,2024-11-21T11:08:36.757,1,224.0,319.98,499.99,262.15,243.67,Holofoil,"<b>Ancient Trait - Theta Max</b> <em>When 1 of your Pokemon becomes this Pokemon, heall all damage from it.

<br>When 1 of your Pokémon becomes Primal Kyogre-EX, your turn ends.",96/98,Ultra Rare,Water,240,Primal,"[WWW1] Tidal Storm (140)
<br>Move 2 Energy from this Pokemon to 1 of your Benched Pokemon. This attack does 30 damage to each of your opponent's Benched Pokemon-EX. <i>(Don't apply Weakness and Resistance for Benched Pokemon.)</i>",Gx2,,4,
101519,Primal Groudon EX (Shiny Full Art),Primal Groudon EX Shiny Full Art,https://tcgplayer-cdn.tcgplayer.com/product/101519_200w.jpg,3,1576,https://cpt.tcgcsv.com/pDQ,2022-12-15T15:43:37.31,1,235.0,283.17,419.99,266.66,283.17,Holofoil,"<b>Ancient Trait - Theta Max</b> When 1 of your Pokemon becomes this Pokemon, heal all damage from it.
<br>When one of your Pokemon becomes Primal Groudon-EX, your turn ends.",97/98,Ultra Rare,Fighting,240,Primal,"[FFF1] Gaia Volcano (100+)
<br>If there is any Stadium card in play, this attack does 100 more damage. Discard that Stadium card.",Gx2,None,4,
101520,M Rayquaza EX (Shiny Full Art),M Rayquaza EX Shiny Full Art,https://tcgplayer-cdn.tcgplayer.com/product/101520_200w.jpg,3,1576,https://cpt.tcgcsv.com/qDQ,2023-10-20T13:53:10.86,1,750.0,1030.62,1409.0,678.11,1390.0,Holofoil,"<b>Ancient Trait - Theta Max </b><em> When 1 of your Pokemon becomes this Pokemon, heal all damage from it.",98/98,Ultra Rare,Colorless,220,Mega,"[3] Emerald Break (30x)
<br>This attack does 30 damage times the number of your Benched Pokemon.",Lx2,F-20,1,
101521,Energy Retrieval,Energy Retrieval,https://tcgplayer-cdn.tcgplayer.com/product/101521_200w.jpg,3,1576,https://cpt.tcgcsv.com/rDQ,2022-12-15T15:43:58.783,1,17.68,25.6,55.19,23.83,,Holofoil,Put 2 basic Energy cards from your discard pile into your hand.,99/98,Secret Rare,Item,,,,,,,
101522,Trainers' Mail (Secret),Trainers Mail Secret,https://tcgplayer-cdn.tcgplayer.com/product/101522_200w.jpg,3,1576,https://cpt.tcgcsv.com/sDQ,2022-12-15T15:44:09.75,1,4.5,8.19,29.99,7.71,7.71,Holofoil,Look at the top 4 cards of your deck. You may reveal a Trainer card you find there (except Trainers' Mail) and put it into your hand. Shuffle the other cards back into your deck.,100/98,Secret Rare,Item,,,,,,,
103462,Shiny Rayquaza EX Box,Shiny Rayquaza EX Box,https://tcgplayer-cdn.tcgplayer.com/product/103462_200w.jpg,3,1576,https://cpt.tcgcsv.com/gpR,2015-08-18T12:35:33.66,1,,,,,,,,,,,,,,,,,
104379,Tyrantrum EX Box,Tyrantrum EX Box,https://tcgplayer-cdn.tcgplayer.com/product/104379_200w.jpg,3,1576,https://cpt.tcgcsv.com/CMR,2015-09-08T18:06:37.763,1,,,,,,,,,,,,,,,,,
104380,Ancient Origins Collector Pin 3 Pack Blister [Shiny Mega Rayquaza Pin],Ancient Origins Collector Pin 3 Pack Blister Shiny Mega Rayquaza Pin,https://tcgplayer-cdn.tcgplayer.com/product/104380_200w.jpg,3,1576,https://cpt.tcgcsv.com/DMR,2018-10-10T15:19:55.877,1,,,,,,,"Each blister comes with 3 XY—Ancient Origins booster packs, a coin, and a collectible pin of shiny Mega Rayquaza!",,,,,,,,,,
104381,Ancient Origins Collector Pin 3 Pack Blister [Mega Tyranitar Pin],Ancient Origins Collector Pin 3 Pack Blister Mega Tyranitar Pin,https://tcgplayer-cdn.tcgplayer.com/product/104381_200w.jpg,3,1576,https://cpt.tcgcsv.com/FMR,2018-10-10T15:19:08.613,1,,,,,,,"Each blister comes with 3 XY—Ancient Origins booster packs, a coin, and a collectible pin of Mega Tyranitar!",,,,,,,,,,
106211,Powers Beyond Tin [Latios EX],Powers Beyond Tin Latios EX,https://tcgplayer-cdn.tcgplayer.com/product/106211_200w.jpg,3,1576,https://cpt.tcgcsv.com/fvS,2015-10-05T13:52:45.733,1,556.23,556.23,556.23,,,Normal,,,,,,,,,,,
106212,Powers Beyond Tin [Rayquaza EX],Powers Beyond Tin Rayquaza EX,https://tcgplayer-cdn.tcgplayer.com/product/106212_200w.jpg,3,1576,https://cpt.tcgcsv.com/gvS,2015-10-05T13:52:05.24,1,650.0,650.0,650.0,,,Normal,,,,,,,,,,,
106213,Powers Beyond Tin [Hoopa EX],Powers Beyond Tin Hoopa EX,https://tcgplayer-cdn.tcgplayer.com/product/106213_200w.jpg,3,1576,https://cpt.tcgcsv.com/hvS,2015-10-05T13:52:19.54,1,,,,,,,,,,,,,,,,,
106214,Ancient Origins Single Pack Blister [Blissey],Ancient Origins Single Pack Blister Blissey,https://tcgplayer-cdn.tcgplayer.com/product/106214_200w.jpg,3,1576,https://cpt.tcgcsv.com/jvS,2018-10-10T15:22:08.58,1,275.0,275.0,275.0,,,Normal,"Each blister comes with 1 XY—Ancient Origins booster packs, a coin, and a promotional card of Blissey.",,,,,,,,,,
106215,Ancient Origins Single Pack Blister [Fearow],Ancient Origins Single Pack Blister Fearow,https://tcgplayer-cdn.tcgplayer.com/product/106215_200w.jpg,3,1576,https://cpt.tcgcsv.com/kvS,2018-10-10T15:23:35.583,1,,,,,,,"Each blister comes with 1 XY—Ancient Origins booster packs, a coin, and a promotional card of Fearow.",,,,,,,,,,
106995,Battle Arena Decks: Mewtwo EX vs Darkrai EX,Battle Arena Decks Mewtwo EX vs Darkrai EX,https://tcgplayer-cdn.tcgplayer.com/product/106995_200w.jpg,3,1576,https://cpt.tcgcsv.com/WPS,2015-10-21T14:24:23.253,1,198.6,206.09,213.58,,,Normal,,,,,,,,,,,
276595,Ancient Origins Sleeved Booster Pack Art Bundle [Set of 4],Ancient Origins Sleeved Booster Pack Art Bundle Set of 4,https://tcgplayer-cdn.tcgplayer.com/product/276595_200w.jpg,3,1576,https://cpt.tcgcsv.com/WFd3,2022-06-21T19:18:02.767,1,,,,,,,"Collect each of the 4 unique art packs for Ancient Origins.
<br>Each Ancient Origins sleeved booster pack contains 10 random cards.",,,,,,,,,,
278667,Code Card - Ancient Origins Booster Pack,Code Card Ancient Origins Booster Pack,https://tcgplayer-cdn.tcgplayer.com/product/278667_200w.jpg,3,1576,https://cpt.tcgcsv.com/mtf3,2022-07-20T19:14:28.93,1,0.04,0.12,1.0,0.09,,Normal,"This listing is <strong>not</strong> a physical item. Please keep in mind that this <strong>Code Card</strong> listing represents a digital copy of the stated item for the Pokémon TCG Online <strong>and/or</strong> the Pokémon TCG Live games. You may receive the physical <strong>Code Card</strong>. Upon purchase, please work with your specific Seller by sending them a message using the <strong>Contact Seller</strong> button on the order details in your <a href=https://store.tcgplayer.com/myaccount/orderhistory>Order History</a> to opt in to having your <strong>Code Card</strong> code delivered digitally due to the nature of the product.",,Code Card,,,,,,,,
280303,Code Card - Ancient Origins 3 Pack Blister [Malamar],Code Card Ancient Origins 3 Pack Blister Malamar,https://tcgplayer-cdn.tcgplayer.com/product/280303_200w.jpg,3,1576,https://cpt.tcgcsv.com/58g3,2022-07-27T19:25:33.2,1,,,,,,,"This listing is <strong>not</strong> a physical item. Please keep in mind that this <strong>Code Card</strong> listing represents a digital copy of the stated item for the Pokémon TCG Online <strong>and/or</strong> the Pokémon TCG Live games. You may receive the physical <strong>Code Card</strong>. Upon purchase, please work with your specific Seller by sending them a message using the <strong>Contact Seller</strong> button on the order details in your <a href=https://store.tcgplayer.com/myaccount/orderhistory>Order History</a> to opt in to having your <strong>Code Card</strong> code delivered digitally due to the nature of the product.",,Code Card,,,,,,,,
280304,Code Card - Ancient Origins 3 Pack Blister [Salamence],Code Card Ancient Origins 3 Pack Blister Salamence,https://tcgplayer-cdn.tcgplayer.com/product/280304_200w.jpg,3,1576,https://cpt.tcgcsv.com/68g3,2022-07-27T19:25:43.91,1,,,,,,,"This listing is <strong>not</strong> a physical item. Please keep in mind that this <strong>Code Card</strong> listing represents a digital copy of the stated item for the Pokémon TCG Online <strong>and/or</strong> the Pokémon TCG Live games. You may receive the physical <strong>Code Card</strong>. Upon purchase, please work with your specific Seller by sending them a message using the <strong>Contact Seller</strong> button on the order details in your <a href=https://store.tcgplayer.com/myaccount/orderhistory>Order History</a> to opt in to having your <strong>Code Card</strong> code delivered digitally due to the nature of the product.",,Code Card,,,,,,,,
280305,Code Card - Ancient Origins Collector Pin 3 Pack Blister [Mega Tyranitar Pin],Code Card Ancient Origins Collector Pin 3 Pack Blister Mega Tyranitar Pin,https://tcgplayer-cdn.tcgplayer.com/product/280305_200w.jpg,3,1576,https://cpt.tcgcsv.com/78g3,2022-07-27T19:25:52.94,1,,,,,,,"This listing is <strong>not</strong> a physical item. Please keep in mind that this <strong>Code Card</strong> listing represents a digital copy of the stated item for the Pokémon TCG Online <strong>and/or</strong> the Pokémon TCG Live games. You may receive the physical <strong>Code Card</strong>. Upon purchase, please work with your specific Seller by sending them a message using the <strong>Contact Seller</strong> button on the order details in your <a href=https://store.tcgplayer.com/myaccount/orderhistory>Order History</a> to opt in to having your <strong>Code Card</strong> code delivered digitally due to the nature of the product.",,Code Card,,,,,,,,
280306,Code Card - Ancient Origins Collector Pin 3 Pack Blister [Shiny Mega Rayquaza Pin],Code Card Ancient Origins Collector Pin 3 Pack Blister Shiny Mega Rayquaza Pin,https://tcgplayer-cdn.tcgplayer.com/product/280306_200w.jpg,3,1576,https://cpt.tcgcsv.com/88g3,2022-07-27T19:26:03.577,1,,,,,,,"This listing is <strong>not</strong> a physical item. Please keep in mind that this <strong>Code Card</strong> listing represents a digital copy of the stated item for the Pokémon TCG Online <strong>and/or</strong> the Pokémon TCG Live games. You may receive the physical <strong>Code Card</strong>. Upon purchase, please work with your specific Seller by sending them a message using the <strong>Contact Seller</strong> button on the order details in your <a href=https://store.tcgplayer.com/myaccount/orderhistory>Order History</a> to opt in to having your <strong>Code Card</strong> code delivered digitally due to the nature of the product.",,Code Card,,,,,,,,
280307,Code Card - Ancient Origins Elite Trainer Box,Code Card Ancient Origins Elite Trainer Box,https://tcgplayer-cdn.tcgplayer.com/product/280307_200w.jpg,3,1576,https://cpt.tcgcsv.com/98g3,2022-07-27T19:26:15.97,1,8.99,8.99,8.99,0.99,,Normal,"This listing is <strong>not</strong> a physical item. Please keep in mind that this <strong>Code Card</strong> listing represents a digital copy of the stated item for the Pokémon TCG Online <strong>and/or</strong> the Pokémon TCG Live games. You may receive the physical <strong>Code Card</strong>. Upon purchase, please work with your specific Seller by sending them a message using the <strong>Contact Seller</strong> button on the order details in your <a href=https://store.tcgplayer.com/myaccount/orderhistory>Order History</a> to opt in to having your <strong>Code Card</strong> code delivered digitally due to the nature of the product.",,Code Card,,,,,,,,
280308,Code Card - Ancient Origins Single Pack Blister [Blissey],Code Card Ancient Origins Single Pack Blister Blissey,https://tcgplayer-cdn.tcgplayer.com/product/280308_200w.jpg,3,1576,https://cpt.tcgcsv.com/b8g3,2022-07-27T19:26:31.4,1,,,,,,,"This listing is <strong>not</strong> a physical item. Please keep in mind that this <strong>Code Card</strong> listing represents a digital copy of the stated item for the Pokémon TCG Online <strong>and/or</strong> the Pokémon TCG Live games. You may receive the physical <strong>Code Card</strong>. Upon purchase, please work with your specific Seller by sending them a message using the <strong>Contact Seller</strong> button on the order details in your <a href=https://store.tcgplayer.com/myaccount/orderhistory>Order History</a> to opt in to having your <strong>Code Card</strong> code delivered digitally due to the nature of the product.",,Code Card,,,,,,,,
280309,Code Card - Ancient Origins Single Pack Blister [Fearow],Code Card Ancient Origins Single Pack Blister Fearow,https://tcgplayer-cdn.tcgplayer.com/product/280309_200w.jpg,3,1576,https://cpt.tcgcsv.com/c8g3,2022-07-27T19:26:43.087,1,,,,,,,"This listing is <strong>not</strong> a physical item. Please keep in mind that this <strong>Code Card</strong> listing represents a digital copy of the stated item for the Pokémon TCG Online <strong>and/or</strong> the Pokémon TCG Live games. You may receive the physical <strong>Code Card</strong>. Upon purchase, please work with your specific Seller by sending them a message using the <strong>Contact Seller</strong> button on the order details in your <a href=https://store.tcgplayer.com/myaccount/orderhistory>Order History</a> to opt in to having your <strong>Code Card</strong> code delivered digitally due to the nature of the product.",,Code Card,,,,,,,,
280310,"Code Card - Ancient Origins Theme Deck - ""Iron Tide"" [Metagross]",Code Card Ancient Origins Theme Deck Iron Tide Metagross,https://tcgplayer-cdn.tcgplayer.com/product/280310_200w.jpg,3,1576,https://cpt.tcgcsv.com/d8g3,2022-07-27T19:26:52.793,1,1.0,3.84,10.0,,,Normal,"This listing is <strong>not</strong> a physical item. Please keep in mind that this <strong>Code Card</strong> listing represents a digital copy of the stated item for the Pokémon TCG Online <strong>and/or</strong> the Pokémon TCG Live games. You may receive the physical <strong>Code Card</strong>. Upon purchase, please work with your specific Seller by sending them a message using the <strong>Contact Seller</strong> button on the order details in your <a href=https://store.tcgplayer.com/myaccount/orderhistory>Order History</a> to opt in to having your <strong>Code Card</strong> code delivered digitally due to the nature of the product.",,Code Card,,,,,,,,
280311,"Code Card - Ancient Origins Theme Deck - ""Stone Heart"" [Regirock]",Code Card Ancient Origins Theme Deck Stone Heart Regirock,https://tcgplayer-cdn.tcgplayer.com/product/280311_200w.jpg,3,1576,https://cpt.tcgcsv.com/f8g3,2022-07-27T19:28:17.117,1,0.99,0.99,0.99,,,Normal,"This listing is <strong>not</strong> a physical item. Please keep in mind that this <strong>Code Card</strong> listing represents a digital copy of the stated item for the Pokémon TCG Online <strong>and/or</strong> the Pokémon TCG Live games. You may receive the physical <strong>Code Card</strong>. Upon purchase, please work with your specific Seller by sending them a message using the <strong>Contact Seller</strong> button on the order details in your <a href=https://store.tcgplayer.com/myaccount/orderhistory>Order History</a> to opt in to having your <strong>Code Card</strong> code delivered digitally due to the nature of the product.",,Code Card,,,,,,,,
280312,Code Card - Battle Arena Decks: Mewtwo EX vs Darkrai EX,Code Card Battle Arena Decks Mewtwo EX vs Darkrai EX,https://tcgplayer-cdn.tcgplayer.com/product/280312_200w.jpg,3,1576,https://cpt.tcgcsv.com/g8g3,2022-07-27T19:28:27.657,1,2.0,2.0,2.0,,,Normal,"This listing is <strong>not</strong> a physical item. Please keep in mind that this <strong>Code Card</strong> listing represents a digital copy of the stated item for the Pokémon TCG Online <strong>and/or</strong> the Pokémon TCG Live games. You may receive the physical <strong>Code Card</strong>. Upon purchase, please work with your specific Seller by sending them a message using the <strong>Contact Seller</strong> button on the order details in your <a href=https://store.tcgplayer.com/myaccount/orderhistory>Order History</a> to opt in to having your <strong>Code Card</strong> code delivered digitally due to the nature of the product.",,Code Card,,,,,,,,
280313,Code Card - Powers Beyond Tin [Hoopa EX],Code Card Powers Beyond Tin Hoopa EX,https://tcgplayer-cdn.tcgplayer.com/product/280313_200w.jpg,3,1576,https://cpt.tcgcsv.com/h8g3,2022-07-27T19:28:36.85,1,2.0,3.0,9.95,,,Normal,"This listing is <strong>not</strong> a physical item. Please keep in mind that this <strong>Code Card</strong> listing represents a digital copy of the stated item for the Pokémon TCG Online <strong>and/or</strong> the Pokémon TCG Live games. You may receive the physical <strong>Code Card</strong>. Upon purchase, please work with your specific Seller by sending them a message using the <strong>Contact Seller</strong> button on the order details in your <a href=https://store.tcgplayer.com/myaccount/orderhistory>Order History</a> to opt in to having your <strong>Code Card</strong> code delivered digitally due to the nature of the product.",,Code Card,,,,,,,,
280314,Code Card - Powers Beyond Tin [Latios EX],Code Card Powers Beyond Tin Latios EX,https://tcgplayer-cdn.tcgplayer.com/product/280314_200w.jpg,3,1576,https://cpt.tcgcsv.com/j8g3,2022-07-27T19:28:47.853,1,1.0,1.95,1.99,,,Normal,"This listing is <strong>not</strong> a physical item. Please keep in mind that this <strong>Code Card</strong> listing represents a digital copy of the stated item for the Pokémon TCG Online <strong>and/or</strong> the Pokémon TCG Live games. You may receive the physical <strong>Code Card</strong>. Upon purchase, please work with your specific Seller by sending them a message using the <strong>Contact Seller</strong> button on the order details in your <a href=https://store.tcgplayer.com/myaccount/orderhistory>Order History</a> to opt in to having your <strong>Code Card</strong> code delivered digitally due to the nature of the product.",,Code Card,,,,,,,,
280315,Code Card - Powers Beyond Tin [Rayquaza EX],Code Card Powers Beyond Tin Rayquaza EX,https://tcgplayer-cdn.tcgplayer.com/product/280315_200w.jpg,3,1576,https://cpt.tcgcsv.com/k8g3,2022-07-27T19:28:58.043,1,1.0,8.98,9.95,,,Normal,"This listing is <strong>not</strong> a physical item. Please keep in mind that this <strong>Code Card</strong> listing represents a digital copy of the stated item for the Pokémon TCG Online <strong>and/or</strong> the Pokémon TCG Live games. You may receive the physical <strong>Code Card</strong>. Upon purchase, please work with your specific Seller by sending them a message using the <strong>Contact Seller</strong> button on the order details in your <a href=https://store.tcgplayer.com/myaccount/orderhistory>Order History</a> to opt in to having your <strong>Code Card</strong> code delivered digitally due to the nature of the product.",,Code Card,,,,,,,,
280316,Code Card - Shiny Rayquaza EX Box,Code Card Shiny Rayquaza EX Box,https://tcgplayer-cdn.tcgplayer.com/product/280316_200w.jpg,3,1576,https://cpt.tcgcsv.com/l8g3,2022-07-27T19:29:11.353,1,1.5,4.0,19.95,,,Normal,"This listing is <strong>not</strong> a physical item. Please keep in mind that this <strong>Code Card</strong> listing represents a digital copy of the stated item for the Pokémon TCG Online <strong>and/or</strong> the Pokémon TCG Live games. You may receive the physical <strong>Code Card</strong>. Upon purchase, please work with your specific Seller by sending them a message using the <strong>Contact Seller</strong> button on the order details in your <a href=https://store.tcgplayer.com/myaccount/orderhistory>Order History</a> to opt in to having your <strong>Code Card</strong> code delivered digitally due to the nature of the product.",,Code Card,,,,,,,,
280317,Code Card - Tyrantrum EX Box,Code Card Tyrantrum EX Box,https://tcgplayer-cdn.tcgplayer.com/product/280317_200w.jpg,3,1576,https://cpt.tcgcsv.com/m8g3,2022-07-27T19:29:22.087,1,1.0,1.0,1.0,,,Normal,"This listing is <strong>not</strong> a physical item. Please keep in mind that this <strong>Code Card</strong> listing represents a digital copy of the stated item for the Pokémon TCG Online <strong>and/or</strong> the Pokémon TCG Live games. You may receive the physical <strong>Code Card</strong>. Upon purchase, please work with your specific Seller by sending them a message using the <strong>Contact Seller</strong> button on the order details in your <a href=https://store.tcgplayer.com/myaccount/orderhistory>Order History</a> to opt in to having your <strong>Code Card</strong> code delivered digitally due to the nature of the product.",,Code Card,,,,,,,,
